show_id,title,director,cast,country,rating,duration_minutes,listed_in,description
81214114,Bulletproof 2,Don Michael Paul,"Faizon Love, Kirk Fox, Tony Todd, Pearl Thusi, Cassie Clare, Fiona Ramsey, Neels Clasen, Roxy Nel",United States,TV-MA,97,"Action & Adventure, Comedies",A special agent abruptly reunites with a criminal – once a former friend – when he attempts to use his identity to infiltrate and take down a cartel.
80233408,"Live Twice, Love Once",Maria Ripoll,"Oscar Martínez, Inma Cuesta, Mafalda Carbonell, Nacho López, Isabel Requena, Aina Clotet, Antonio Valero, María Zamora, Hugo Balaguer, Valeria Schoneveld",Spain,TV-MA,102,"Comedies, Dramas, International Movies","When Emilio (Oscar Martínez) is diagnosed with Alzheimer's disease, he and his family embark on a quest to reunite him with his childhood crush."
81006825,All the Freckles in the World,Yibrán Asuad,"Hánssel Casillas, Loreto Peralta, Andrea Sutton, Luis De La Rosa, Alejandro Flores, Anajosé Aldrete, Daniel Haddad, Montserrat Marañón, Juan Carlos Viana Prieto, Hernán Del Riego",Mexico,TV-14,90,"Comedies, International Movies, Romantic Movies",Thirteen-year-old José Miguel is immune to 1994 World Cup fever until he realizes soccer is the only way to win the heart of his crush.
81127902,A Fall from Grace,Tyler Perry,"Crystal Fox, Phylicia Rashad, Cicely Tyson, Bresha Webb, Mehcad Brooks, Adrian Pasdar, Tyler Perry",,TV-MA,121,"Dramas, Thrillers","When gentle, law-abiding Grace confesses to killing her new husband, her skeptical young lawyer sets out to uncover the truth. A film by Tyler Perry."
81060049,Leslie Jones: Time Machine,"David Benioff, D.B. Weiss",Leslie Jones,United States,TV-MA,66,Stand-Up Comedy,"From trying to seduce Prince to battling sleep apnea, Leslie Jones traces her evolution as an adult in a joyfully raw and outrageous stand-up special."
81088083,Ghost Stories,"Anurag Kashyap, Dibakar Banerjee, Karan Johar, Zoya Akhtar","Janhvi Kapoor, Sobhita Dhulipala, Sukant Goel, Gulshan Devaiah, Mrunal Thakur, Avinash Tiwary, Vijay Varma, Sagar Arya, Surekha Sikri, Pavail Gulati",India,TV-MA,145,"Horror Movies, International Movies, Thrillers","The directors of Emmy-nominated ""Lust Stories"" (Zoya Akhtar, Anurag Kashyap, Dibakar Banerjee and Karan Johar) reunite for this quartet of thrillers."
81154455,Article 15,Anubhav Sinha,"Ayushmann Khurrana, Nassar, Manoj Pahwa, Kumud Mishra, Isha Talwar, Sayani Gupta, Mohammed Zeeshan Ayyub, Subhrajyoti Barat, Sushil Pandey, Aakash Dabhade",India,TV-MA,125,"Dramas, International Movies, Thrillers",The grim realities of caste discrimination come to light as an entitled but upright city cop ventures into India’s heartland to investigate a murder.
81132437,Kill Me If You Dare,Şenol Sönmez,"Murat Boz, Seda Bakan, Açelya Topaloğlu, Özgür Emre Yıldırım, Seda Güven, Yosi Mizrahi, Dilşad Şimşek, Ali Yoğurtçuoğlu",,TV-14,100,"Comedies, International Movies, Romantic Movies","Bogged down with money problems, a couple grows cautious of each other but hit the lottery and decide to stay together – till death do they part."
81078908,The World We Make,Brian Baugh,"Caleb Castille, Rose Reid, Kevin Sizemore, Gregory Alan Williams",United States,PG,108,"Dramas, Romantic Movies","A teenage equestrian and a local football player for each other, but simmering racism in their small town puts their relationship to the test."
81155784,Watchman,A. L. Vijay,"G.V. Prakash Kumar, Samyuktha Hegde, Suman, Raj Arjun, Yogi Babu, Munishkanth",India,TV-14,93,"Comedies, Dramas, International Movies","Rushing to pay off a loan shark, a young man breaks into a bungalow to steal the cash, unprepared for the dog standing guard – or the trouble inside."
81054495,Mo Gilligan: Momentum,Chris Howe,Mo Gilligan,United Kingdom,TV-MA,64,Stand-Up Comedy,"Comedian Mo Gilligan blends smooth moves and sharp humor as he riffs on humble beginnings, family dynamics and the complex art of dancing in the club."
80200087,Domino,Brian De Palma,"Nikolaj Coster-Waldau, Carice van Houten, Eriq Ebouaney, Guy Pearce, Mohammed Azaay, Søren Malling, Paprika Steen, Helena Kaittani","Denmark, France, Italy, Belgium, Netherlands",R,89,"International Movies, Thrillers","A Copenhagen police officer hunts for the man who attacked his partner, only to stumble into a high-stakes game of espionage."
81053892,TUNA GIRL,Mana Yasuda,"Fuka Koshiba, Tom Fujita, Hidetoshi Hoshida, Hiroto Kanai, Ryosuke Yusa, Shuri Tanaka, Chal Inoue, Takashi Taniguchi, Takeshi Masu",,TV-PG,90,"Dramas, International Movies",A clumsy but cheerful fisheries student struggles to find her place at a research institute renowned for its tuna cultivation. The work isn't easy.
80231903,In the Shadow of the Moon,Jim Mickle,"Boyd Holbrook, Michael C. Hall, Cleopatra Coleman, Bokeem Woodbine, Rudi Dharmalingam, Rachel Keller",United States,TV-MA,116,"Dramas, Sci-Fi & Fantasy, Thrillers",A Philadelphia detective slowly unravels as he nurses a lifelong obsession with an enigmatic female serial killer whose crimes defy explanation.
81177238,Malaal,Mangesh Hadawale,"Meezaan Jaffrey, Sharmin Segal, Chinmaya Surve, Anil Gawas, Sonal Jha, Sanjay Gurbaxani, Sameer Dharmadhikari, Deepak Damle",India,TV-14,133,"International Movies, Romantic Movies","Class divides become thorns in the budding romance between the crony of a nativist Mumbai politician and the new, North Indian resident of his chawl."
81075519,Furie,Le Van Kiet,"Ngo Thanh Van, Phan Thanh Nhien, Mai Cat Vi, Thanh Hoa, Pham Anh Khoa",Vietnam,TV-MA,97,"Action & Adventure, Dramas, International Movies","When traffickers kidnap her daughter from their village, vengeful Hai Phuong returns to Saigon – and her outlaw roots – to take down the abductors."
81186758,Oh! Baby (Malayalam),B. V. Nandini Reddy,"Samantha Ruth Prabhu, Lakshmi, Rajendraprasad, Naga Shourya, Rao Ramesh, Teja Sajja, Pragathi, Jagapathi Babu, Aishwarya, Urvashi",India,TV-14,146,"Comedies, International Movies, Music & Musicals",A surly septuagenarian gets another chance at her 20s after having her photo snapped at a studio that magically takes 50 years off her life.
81186757,Oh! Baby (Tamil),B. V. Nandini Reddy,"Samantha Ruth Prabhu, Lakshmi, Rajendraprasad, Naga Shourya, Rao Ramesh, Teja Sajja, Pragathi, Jagapathi Babu, Aishwarya, Urvashi",India,TV-14,146,"Comedies, International Movies, Music & Musicals",A surly septuagenarian gets another chance at her 20s after having her photo snapped at a studio that magically takes 50 years off her life.
81053953,Inside Man: Most Wanted,Michael J. Bassett,"Aml Ameen, Rhea Seehorn, Roxanne McKee, Urs Rechn, Akshay Kumar, Tanya van Graan, Andre Jacobs, Sven Ruygrok",United States,R,106,Action & Adventure,A hotshot NYPD negotiator butts heads with the FBI and meets his match in a meticulous criminal mastermind as she attempts to rob the Federal Reserve.
81074113,Jeff Dunham: Beside Himself,Troy Miller,Jeff Dunham,United States,TV-MA,58,Stand-Up Comedy,"Jeff Dunham takes the stage in Dallas with his old pals Peanut, Walter, José Jalapeño, Bubba J and Achmed to poke fun at himself and American culture."
81176200,Manmadhudu 2,Rahul Ravindran,"Nagarjuna Akkineni, Rakul Preet Singh, Lakshmi, Rao Ramesh, Vennela Kishore, Jhansi, Devadarshini Chetan, Nishanti",India,TV-MA,152,"Comedies, Dramas, International Movies","Under pressure to marry, a perennial bachelor hires a much younger woman to act as his fiancée, but her bond with his family throws his plan for a loop."
80243600,Between Two Ferns: The Movie,Scott Aukerman,"Zach Galifianakis, Lauren Lapkus, Ryan Gaul, Jiavani Linayao, Will Ferrell",United States,TV-MA,83,Comedies,"Armed with awkward questions and zero self-awareness, Zach Galifianakis hits the road to find famous interview subjects for his no-budget talk show."
81122669,Daddy Issues,Amara Cash,"Madison Lawlor, Montana Manning, Andrew Pifko, Monte Markham, Kamala Jones, Jodi Carol Harrison, Seth Cassell, Ronnie Clark, Lissa Danshaw, J.J. Hawkins",United States,TV-MA,82,"Dramas, Independent Movies, LGBTQ Movies","Maya finally hooks up with her online dream girl, only to discover she’s deeply involved with an older sugar daddy – a man Maya knows all too well."
81107545,Kabir Singh,Sandeep Reddy Vanga,"Shahid Kapoor, Kiara Advani, Suresh Oberoi, Arjan Bajwa, Adil Hussain, Nikita Dutta, Kamini Kaushal, Anurag Arora",India,TV-MA,171,"Dramas, International Movies, Romantic Movies","An exalted but short-fused surgeon plunges into a spiral of drugs, alcohol and rage after his intense relationship with his girlfriend turbulently ends."
81147293,A Haunting at Silver Falls: The Return,Teo Konuralp,"Laura Flannery, James Cavlo, Harry Hains, Clemmie Dugdale, Dendrie Taylor, Bryan Chesters, Jennifer Dorogi, Adam Lazarre-White, Nikita Ramsey",United States,TV-14,80,"Horror Movies, Independent Movies","When the ghost of her serial killer aunt seemingly resurfaces, Jordan must return to Silver Falls in hopes of finally putting an end to the torment."
80991316,Avengement,Jesse V. Johnson,"Scott Adkins, Craig Fairbrass, Thomas Turgoose, Nick Moran, Kierston Wareing, Mark Strange, Leo Gregory, Luke LaFontaine, Beau Fowler, Dan Styles",United Kingdom,TV-MA,88,Action & Adventure,"Betrayed by his loan shark brother, a hardened convict escapes from prison while on furlough to exact revenge against the people who made him a killer."
81030342,Los Tigres del Norte at Folsom Prison,Tom Donahue,Los Tigres del Norte,United States,TV-PG,64,"Documentaries, International Movies, Music & Musicals",The beloved norteño band Los Tigres del Norte performs for the inmates of Folsom Prison on the 50th anniversary of Johnny Cash's iconic concert.
81131761,The Outsider,Timothy Woodward Jr.,"Jon Foo, Trace Adkins, Sean Patrick Flanery, Kaiwi Lyman, Nelli Tsay, Danny Trejo, Mitchell L. Johnson, Philip V. Bruenn",United States,TV-MA,86,Movies,A frontier sheriff tries to protect his sadistic son from a Chinese railroad worker hellbent on revenge.
81093951,Oh! Baby,B. V. Nandini Reddy,"Samantha Ruth Prabhu, Lakshmi, Rajendraprasad, Naga Shourya, Rao Ramesh, Teja Sajja, Pragathi, Jagapathi Babu, Aishwarya, Urvashi",India,TV-14,157,"Comedies, International Movies, Music & Musicals",A surly septuagenarian gets another chance at her 20s after having her photo snapped at a studio that magically takes 50 years off her life.
80238013,The Crystal Calls Making the Dark Crystal: Age of Resistance,Randall Lobb,"Taron Egerton, Natalie Dormer, Simon Pegg, Jason Isaacs",United States,TV-PG,83,"Documentaries, International Movies","Go behind the scenes with stars, puppeteers and creators as they bring Jim Henson's magical world of Thra back to life in a sweeping fantasy series."
81092328,American Warfighter,Jerry G. Angelo,"Jerry G. Angelo, Paul Logan, Joshua Santana, Carolina Castro, David Robbins, Michael King, Tom Crisp, Jennifer Marshall, Victoria Clare, Ryan Baumann, Isaac C. Singleton Jr., Said Faraj",United States,TV-MA,106,Dramas,"A Navy SEAL haunted by wartime memories tries to rebuild his life at home, even as one last mission threatens to unravel everything."
81183572,Deviant Love,Michael Feifer,"Emma Bell, Nick Ballard, Bradley Bundlie, Gail O'Grady, Corbin Timbrook, Kate Lang Johnson, Robert Adamson, Caia Coley, Alicia James, Sotida Arpon",United States,TV-14,87,Thrillers,"In a tailspin after her marriage collapses, Jamie falls for a helpful gentleman whose interest in her welfare hides sinister motives."
80244973,"Hello, Privilege. It's Me, Chelsea",Alex Stapleton,Chelsea Handler,United States,TV-MA,65,Documentaries,"In this documentary, Chelsea Handler explores how white privilege impacts American culture – and the ways it’s benefited her own life and career."
81161230,Shanghai Fortress,Teng Huatao,"Lu Han, Shu Qi, Shi Liang, Godfrey Gao, Wang Gongliang, Wang Sen, Sun Jialing, Vincent Matile",China,TV-14,107,"Dramas, International Movies, Romantic Movies",A young man falls for a heroic general and soon follows her footsteps as humans defend Earth against extraterrestrials seeking a precious energy source.
81002412,Tall Girl,Nzingha Stewart,"Ava Michelle, Griffin Gluck, Sabrina Carpenter, Paris Berelc, Luke Eisner, Clara Wilsey, Anjelika Washington, Rico Paris, Angela Kinsey, Steve Zahn",United States,TV-PG,103,"Children & Family Movies, Comedies, Romantic Movies","After years of slouching through life, 6-foot-1 teen Jodi resolves to conquer her insecurities and gets caught up in a high school love triangle."
81060174,Bill Burr: Paper Tiger,Mike Binder,Bill Burr,"United States, United Kingdom",TV-MA,67,Stand-Up Comedy,"Bill Burr unloads on outrage culture, male feminism, cultural appropriation, robot sex and more in a blistering stand-up special shot in London."
81001494,Our Godfather,"Mark Franchetti, Andrew Meier",Tommaso Buscetta,United Kingdom,TV-MA,93,"Documentaries, International Movies","In 1986, Tommaso Buscetta became the first top-level Mafia boss ever to testify against the mob. It cost him and his family everything."
81165769,Mokalik (Mechanic),Kunle Afolayan,"Tooni Afolayan, Ayo Ogunshina, Dayo Akinpelu, Simi Ogunleye, Femi Adebayo, Lateef Adedimeji, Damilola Ogunsi, Rasaq Olayiwola, Ayo Adesanya, Wale Akorede, Toyosi Benjamin, Hamzat Sherifdeen, Samuel Olasehinde",Nigeria,TV-14,100,"Dramas, International Movies",A young boy's life shifts when he's sent to work at a mechanic's shop far from his suburban home until an opportunity forces him to make a tough choice.
81158575,Uncle Naji in UAE,Ahmed Zain,"Ibrahim Almeirasi, Ahmed Saif, Alia Almannai, Mohamed Morshed, Mohamed Alkendi, Tariq Almuhairi",United Arab Emirates,TV-14,95,"Comedies, International Movies","Two young Yemeni business partners decide to go on vacation in the UAE with a few local friends, but their fun trip soon turns terrifying."
80244311,After,Jenny Gage,"Josephine Langford, Hero Fiennes Tiffin, Selma Blair, Inanna Sarkis, Shane Paul McGhie, Pia Mia, Khadijha Red Thunder, Dylan Arnold, Samuel Larsen, Jennifer Beals, Peter Gallagher",United States,PG-13,106,"Dramas, Romantic Movies","Wholesome college freshman Tessa Young thinks she knows what she wants out of life, until she crosses paths with complicated bad boy Hardin Scott."
81183570,Home Is Where the Killer Is,Kaila York,"Stacy Haiduk, Kelly Kruger, Christopher Sean, Anne Leighton, Beth Littleford, John-Paul Lavoisier, Kristoff St. John, Pallavi Sastry",United States,TV-14,87,"Dramas, Thrillers","Recovering from cancer, a young woman thinks she’s found a friend when she rents a room from a caring ex-doctor. But empathy soon becomes obsession."
80995737,Deon Cole: Cole Hearted,Ryan Polito,Deon Cole,United States,TV-MA,70,Stand-Up Comedy,"Embracing his belief that comedy is the last raw form of expression, Deon Cole explains the right time to thank Jesus and the wrong time to say ""welp."""
81177367,Noblemen,Vandana Kataria,"Ali Haji, Kunal Kapoor, Muskkaan Jaferi, Hardik Thakkar, Ali Mir, Shaan Grover, M.K. Raina, Ivan Rodrigues",India,TV-MA,109,"Dramas, Independent Movies, International Movies","When he lands the lead in his Christian school's production of ""The Merchant of Venice,"" a secretly gay student is bullied by wealthy upperclassmen."
81158574,Brother in Love,Onur Bilgetay,"Cem Gelinoğlu, Melis Babadag, Ege Kökenli, Müfit Kayacan, Lale Başar, Ali Erkazan, Özlem Çakar, Selen Domaç, Ferdi Sancar, Güven Hokna",Turkey,TV-14,110,"Comedies, International Movies, Romantic Movies","A robbery leaves a proprietor penniless before his wedding, but becoming a son-in-law to a second family might be the financial solution he needs."
80237905,In the Tall Grass,Vincenzo Natali,"Patrick Wilson, Laysla De Oliveira, Avery Whitted, Harrison Gilbertson, Rachel Wilson, Will Buie Jr.",Canada,TV-MA,102,"Horror Movies, Thrillers","After hearing a boy's cry for help, a pregnant woman and her brother wade into a vast field of grass, only to discover there may be no way out."
81132440,Kids on the Block,Tugçe Soysop,"Selim Bayraktar, Berat Efe Parlar, Esat Polat Güler, Eda Döğer, Dora Dalgıç, Taha Sönmezisik, Zeynep Ilgin Çelik, Arda Taşarcan, Alperen Efe Esmer, İlknur Külahlıoglu, İkra Külahlıoğlu",Turkey,TV-PG,102,"Children & Family Movies, Comedies","When their fun in the park is threatened by a neighborhood nagger, a group of friends declares war to play freely on their turf."
81021243,Super Monsters: Vida's First Halloween,"Jacob Joice, Steve Ball","Gigi Saul Guerrero, Elyse Maloway, Vincent Tong, Erin Mathews, Andrea Libman, Alessandro Juliani, Nicole Anthony, Diana Kaarina, Ian James Corlett, Britt McKillip, Kathleen Barr",United States,TV-Y,24,Children & Family Movies,"The Super Monsters share their Halloween traditions with Vida, then get invited to a Día de los Muertos party in the Howlers' backyard."
81084225,Grego Rossello: Disculpe las molestias,Juani Libonatti,Grego Rossello,Argentina,TV-MA,65,Stand-Up Comedy,"Argentine comedian Grego Rossello takes the stage in Buenos Aires to share his takes on modern stardom, airline dining, brotherly love and more."
81177371,Mehandi Circus,Saravana Rajendran,"Madhampatti Rangaraj, Shweta Tripathi, Vela Ramamoorthy, Ankur Vikal, G. Marimuthu, Sunny Charles",India,TV-14,126,"Dramas, International Movies, Romantic Movies","In the early 1990s, the love between a cassette shop owner and a traveling circus performer challenges caste barriers and disapproving parents."
81148672,Arsenio Hall: Smart & Classy,Brian Volk-Weiss,Arsenio Hall,United States,TV-MA,63,Stand-Up Comedy,"In his first stand-up special, Arsenio Hall discusses getting older, the changing times and culture, social issues and even bothersome baby toes."
81123469,The Last Whistle,Rob Smat,"Brad Leland, Jim O'Heir, Deanne Lauvin, Les Miles, Eric Nelsen, Fred Tolliver Jr, Tyler Perez, Sainty Nelsen",United States,PG,88,"Dramas, Sports Movies","After a star player dies during football practice, his coach’s career and reputation are on the line as he refuses to quit his win-at-all-costs style."
80202352,Incoming,Eric Zaragosa,"Scott Adkins, Aaron McCusker, Vahldin Prelic, Lukas Loughran, Michelle Lehane, Alaa Seif, Milan Kovacevic, Arkie Reece, Vladimir Alenikov, Dominic Power","Serbia, United States",TV-MA,89,"Action & Adventure, Sci-Fi & Fantasy","When an imprisoned terrorist cell hijacks a high-security prison in outer space, a CIA agent becomes the one chance of stopping them."
81136744,Assimilate,John Murlowski,"Joel Courtney, Calum Worthy, Andi Matichak, Katherine McNamara, Cam Gigandet, Mason McNulty, Terry Dale Parks, Vito Viscuso, Jennifer Pierce Mathus, Kevin Remington",United States,TV-14,94,"Horror Movies, Sci-Fi & Fantasy, Thrillers",A group of friends making a web series about their hometown realize it isn’t as boring as they thought when their neighbors start behaving strangely.
80182014,Dolemite Is My Name,Craig Brewer,"Eddie Murphy, Wesley Snipes, Keegan-Michael Key, Mike Epps, Craig Robinson, Tituss Burgess, Da'Vine Joy Randolph, Kodi Smit-McPhee",United States,R,118,"Comedies, Dramas","In 1970s LA, struggling comedian Rudy Ray Moore hits it big with his raunchy alter ego, Dolemite, then risks it all to take his act to the big screen."
81121023,My Next Guest with David Letterman and Shah Rukh Khan,Michael Steed,"Shah Rukh Khan, David Letterman",,TV-PG,61,International Movies,"""King of Bollywood"" Shah Rukh Khan opens up about his rise to fame, his family and his billions of fans as he and Dave meet up in Mumbai and New York."
81018455,Rattlesnake,Zak Hilditch,"Carmen Ejogo, Theo Rossi, Emma Greenwell, Apollonia Pratt, Debrianna Mansini, Bruce Davis",United States,TV-MA,86,"Horror Movies, Independent Movies, Thrillers","After a mysterious woman saves her daughter from a deadly snakebite, a single mother must repay the debt by killing a stranger before sundown."
81034741,Echo in the Canyon,Andrew Slater,"Jakob Dylan, Ringo Starr, Michelle Phillips, Stephen Stills, Regina Spektor, Beck, Eric Clapton, Tom Petty, Jackson Browne, Norah Jones",United States,PG-13,82,"Documentaries, Music & Musicals","An affectionate documentary looks back at the mid-1960s, when Hollywood’s Laurel Canyon was a creative nexus for young, innovative musicians."
81075461,Revenge of the Pontianak,"Glen Goei, Gavin Yap","Nur Fazura, Remy Ishak, Hisyam Hamid, Shenty Feliziana, Nam Ron, Tony Eusoff, Wan Hanafi Su","Singapore, Malaysia",TV-14,92,"Horror Movies, International Movies",A wedding in a Malaysian village leaves out one guest: a scorned vampire ghost bent on settling a secret score with the groom and anyone in her way.
80186796,Dancing with the Birds,Huw Cordey,Stephen Fry,United States,TV-PG,52,Documentaries,"From ruffling their majestic feathers to nailing im-peck-able courtship routines, birds in paradise flaunt their best moves in hopes of landing a mate."
81027753,Jenny Slate: Stage Fright,Gillian Robespierre,Jenny Slate,United States,TV-MA,67,"Documentaries, Stand-Up Comedy","Jenny Slate's first stand-up special is a mix of stage time, funny stories about adulthood and conversations with family in her childhood home."
81094801,Ready to Mingle,Luis Javier Henaine,"Cassandra Ciangherotti, Gabriela de la Garza, Irán Castillo, Sophie Alexander-Katz, Flor Eduarda Gurrola, Mariana Cabrera, Juan Pablo Medina, Pablo Cruz Guerrero, Diana Bovio, Andrés Almeida",Mexico,TV-MA,98,"Comedies, International Movies, Romantic Movies","After the man she thought she'd marry breaks up with her, Ana joins a class for single women who are in search of a husband."
80206910,Eli,Ciarán Foy,"Charlie Shotwell, Lili Taylor, Kelly Reilly, Max Martini, Sadie Sink, Deneen Tyler, Katia Gomez",United States,TV-MA,98,Horror Movies,"With his desperate parents in tow, an 11-year-old boy with a debilitating illness checks into an isolated clinic to undergo experimental therapy."
80990336,Seventeen,Daniel Sánchez Arévalo,"Biel Montoro, Nacho Sánchez, Lola Cordón, Itsaso Arana, Chani Martín, Iñigo Aranburu, Kandido Uranga, Javier Cifrián, Mamen Duch, Carolina Clemente, Jorge Cabrera, Daniel Fuster, Edgar Costas, Patxi Santamaría",Spain,TV-MA,100,"Comedies, Dramas, International Movies","To find his therapy dog, a 17-year-old escapes from juvie and embarks on a journey of reconnection with his brother and grandmother through Cantabria."
80994011,The Laundromat,Steven Soderbergh,"Meryl Streep, Gary Oldman, Antonio Banderas, Sharon Stone, James Cromwell, Jeffrey Wright, Melissa Rauch, Jeff Michalski, Jane Morris, Robert Patrick, David Schwimmer",United States,R,96,"Comedies, Dramas","When a widow gets swindled out of insurance money, her search for answers leads to two cunning lawyers in Panama who hide cash for the superrich."
80998890,Upstarts,Udai Singh Pawar,"Priyanshu Painyuli, Chandrachoor Rai, Shadab Kamal, Rajeev Siddhartha, Sheetal Thakur, Ninad Kamat, Swati Semwal, Eijaz Khan",India,TV-14,112,"Comedies, Dramas, International Movies","Hoping to do good while making millions, three college graduates create a startup. But as business begins to flourish, their own bond starts to fray."
81053240,Park Na-rae: Glamour Warning,Kim Joo-hyung,Park Na-rae,South Korea,TV-MA,63,Stand-Up Comedy,"Korea’s beloved comedian and favorite big sister figure talks sex, relationships and celebrity life. And she’s sassier and dirtier than ever before."
81191228,Homeland,Anindya Chatterjee,"Parambrata Chatterjee, Ani Hovhannisyan, Jonathan Dumontier, Varzu, Sylvie de Neef, Prakashchandra Roy, Nicolas Pierson, Anahit Simonyan",,TV-PG,73,"Dramas, Independent Movies, International Movies","Determined to trace her ancestral history, an Armenian woman travels to a French village, where she befriends a kind man and, better yet, finds herself."
80990869,"Martin Matte: La vie, la mort...eh la la..!",Jean-François Blais,Martin Matte,Canada,TV-14,62,Stand-Up Comedy,"Quebecois comedy star Martin Matte serves up embarrassing personal stories, a solution for social media trolls and more in this unpredictable special."
81034012,Street Flow,"Leïla Sy, Kery James","Kery James, Jammeh Diangana, Chloé Jouannet, Bakary Diombera",France,TV-MA,96,"Dramas, International Movies","Three brothers – a gangster, a scholar and an impressionable teen – learn hard lessons in the gritty suburbs while searching for the means to survive."
81078819,El Camino: A Breaking Bad Movie,Vince Gilligan,Aaron Paul,United States,TV-MA,123,"Dramas, Thrillers","Fugitive Jesse Pinkman attempts to outrun his past. Written and directed by ""Breaking Bad"" creator Vince Gilligan, starring Aaron Paul."
80223997,Fractured,Brad Anderson,"Sam Worthington, Lily Rabe, Stephen Tobolowsky, Adjoa Andoh, Lucy Capri, Lauren Cochrane, Shane Dean",United States,TV-MA,100,Thrillers,"After his wife and injured daughter disappear from an ER, a man conducts a panicked search and becomes convinced the hospital is hiding something."
81191666,The Bling Lagosians,Bolanle Austen-Peters,"Gbenga Titiloye, Elvina Ibru, Sharon Ooja, Osas Ighodaro Ajibade, Monalisa Chinda, Toyin Abraham, Bisola Aiyeola, Oladele Ogunlana, Jimmy Odukoya, Alex Ekubo",Nigeria,TV-14,99,"Dramas, International Movies","With a matriarch bent on having a lavish 51st birthday party, her family's debt is on the verge of exposure, threatening their business – and legacy."
81133621,The Forest of Love,Sion Sono,"Kippei Shiina, Shinnosuke Mitsushima, Kyooko Hinami, Eri Kamataki, Young Dais, Natsuki Kawamura, Yuzuka Nakaya, Dai Hasegawa, Chiho Fujii, Sei Matobu, Denden",Japan,TV-MA,151,"Dramas, International Movies, Thrillers",A con man and a would-be filmmaking crew force themselves into the lives of two grief-scarred young women. But nothing is as it seems.
81038598,The Influence,Dennis Rovira van Boekholt,"Manuela Vellés, Maggie Civantos, Alain Hernández, Claudia Placer, Daniela Rubio, Emma Suárez, Ramón Esquinas, Felipe García Vélez, Mariana Cordero","Spain, France",TV-MA,102,"Horror Movies, International Movies","Back in her childhood home to help her sister care for their comatose mother, Alicia must face a dark force from her past that now threatens her child."
81171871,GEN HOSHINO STADIUM TOUR “POP VIRUS”,Naoto Amazutsumi,Gen Hoshino,,TV-PG,154,"International Movies, Music & Musicals",Singer-songwriter Gen Hoshino takes the stage at the sold out Tokyo Dome in his highly anticipated 2019 Pop Virus dome tour.
81103033,A.M.I.,Rusty Nixon,"Debs Howard, Philip Granger, Sam Robert Muik, Havana Guppy, Bonnie Hay, Veronica Hampson, Lori Triolo, Andrew Coghlan, Laura Mitchell, Elinet Louicius",Canada,TV-MA,77,Horror Movies,"After losing her mother, a teenage girl bonds with her phone’s artificial intelligence app, a relationship that soon takes a dark and violent turn."
81002876,Nikki Glaser: Bangin’,Nicholaus Goossen,Nikki Glaser,United States,TV-MA,64,Stand-Up Comedy,"Nikki Glaser bares all in a blistering stand-up special about sex, sobriety and getting over her own insecurities. And she won't spare you the details."
80201542,Let It Snow,Luke Snellin,"Isabela Moner, Shameik Moore, Kiernan Shipka, Odeya Rush, Liv Hewson, Mitchell Hope, Jacob Batalon, Joan Cusack, Matthew Noszka, Anna Akana, Miles Robbins, D'Arcy Carden, Mason Gooding, Andrea De Oliveira, Victor Rivers",United States,PG-13,93,"Comedies, Dramas, LGBTQ Movies","A snowstorm hits a small town on a cold Christmas Eve, affecting the friendships, love lives and futures of several high school seniors."
81079723,Paradise Beach,Xavier Durringer,"Sami Bouajila, Tewfik Jallab, Mélanie Doutey, Hugo Becker, Kool Shen, Hubert Koundé, Seth Gueko, Sonia Couling, Chalad Na Songkhla, Flore Bonaventura, Nessbeal, Dorian N'Goumou dit Dosseh, Hache-P",France,TV-MA,94,"Action & Adventure, Dramas, International Movies","Mehdi gets out of prison, planning to settle old scores. But first, he must reconnect with his gang, now living in an idyllic beach resort in Thailand."
81092045,Burning Cane,Phillip Youmans,"Wendell Pierce, Karen Kaia Livers, Dominique McClellan, Braelyn Kelly, Emyri Crutchfield, Cynthia Capers, Erika Woods",United States,TV-MA,78,Dramas,"A small-town Louisiana minister and one of his parishioners cope with grief, alcoholism and a crisis of faith in this dramatic character study."
81209203,Luccas Neto in: Summer Camp,Lucas Margutti,"Luccas Neto, Gi Alparone, Jéssica Diehl, Roni Fischer, Karol Alves, João Pessanha",,TV-G,87,"Children & Family Movies, Comedies",Luccas and Gi are heading to a world famous gymkhana camp. Only problem: so are their bullies... A fun musical that will get you in a vacation mood.
81058497,Seth Meyers: Lobby Baby,Neal Brennan,Seth Meyers,United States,TV-MA,61,Stand-Up Comedy,SNL alumnus and subversive master of late-night TV Seth Meyers comes out from behind the desk to share some lighthearted stories from his own life.
81165326,Tune in for Love,Jung Ji-woo,"Kim Go-eun, Jung Hae-in, Park Hae-joon, Kim Guk-hee, Jung Eugene, Choi Jun-young, Yoo Yeol, Nam Mun-cheol",South Korea,TV-MA,123,"Dramas, International Movies, Romantic Movies","A student and a reticent teen first meet at a bakery in the 1990s and try to find each other through the years, as fate keeps pulling them apart."
81053961,Undercover Brother 2,Leslie Small,"Michael Jai White, Vince Swann, Barry Bostwick, Laila Odom, Gary Owen, Affion Crockett, Steven Lee Johnson, Lindsay Lamb, Zac Zedalis, Cj Sykes",United States,R,85,Comedies,"When a beloved secret agent falls deep into a coma, his bumbling brother must defend their community from a divisive political threat."
81206389,Oththa Seruppu Size 7,Parthiban,Parthiban,India,TV-MA,103,"Dramas, International Movies, Thrillers","Taken into custody, a murder suspect's theatrical explanations of his peculiar modus operandi unearth truths far beyond the crime he’s accused of."
81197050,Guatemala: Heart of the Mayan World,"Luis Ara, Ignacio Jaunsolo",Christian Morales,,TV-G,67,"Documentaries, International Movies","From Sierra de las Minas to Esquipulas, explore Guatemala's cultural and geological wealth, including ancient Mayan cities and other natural wonders."
81213894,The Zoya Factor,Abhishek Sharma,"Sonam Kapoor, Dulquer Salmaan, Sanjay Kapoor, Sikander Kher, Angad Bedi, Koel Purie, Pooja Bhamrah, Manu Rishi Chadha",India,TV-14,135,"Comedies, Dramas, International Movies","A goofy copywriter unwittingly convinces the Indian cricket team that she’s their lucky mascot, to the dismay of their superstition-shunning captain."
81082007,Atlantics,Mati Diop,"Mama Sane, Amadou Mbow, Ibrahima Traore, Nicole Sougou, Amina Kane, Mariama Gassama, Coumba Dieng, Ibrahima Mbaye, Diankou Sembene","France, Senegal, Belgium",TV-14,106,"Dramas, Independent Movies, International Movies","Arranged to marry a rich man, young Ada is crushed when her true love goes missing at sea during a migration attempt – until a miracle reunites them."
81120982,I Lost My Body,Jérémy Clapin,"Hakim Faris, Victoire Du Bois, Patrick d'Assumçao, Dev Patel, Alia Shawkat, George Wendt",France,TV-MA,81,"Dramas, Independent Movies, International Movies","Romance, mystery and adventure intertwine as a young man falls in love and a severed hand scours Paris for its owner in this mesmerizing animated film."
81033086,Holiday Rush,Leslie Small,"Romany Malco, Sonequa Martin-Green, Darlene Love, Deon Cole, La La Anthony, Deysha Nelson, Amarr M. Wooten, Selena-Marie Alphonse, Andrea-Marie Alphonse",United States,TV-PG,94,"Children & Family Movies, Dramas",A widowed radio DJ and his four spoiled kids need to tighten their belts and pull together when their life of luxury turns lean just before Christmas.
81194544,Evvarikee Cheppoddu,Basava Shankar Eeday,"Rakesh Varre, Gargeyi, Vamsi raj Nekkanti, D P Ghani, K Prasanna",India,TV-14,134,"Comedies, International Movies, Romantic Movies","When caste differences throw a wrench into their otherwise blossoming relationship, a couple must somehow convince the girl’s father to let them marry."
80995081,Little Singham: Mahabali,Prakash Satam,"Saumya Daan, Sonal Kaushal, Anamaya Verma, Ganesh Divekar, Neshma Chemburkar",,TV-Y7,69,"Children & Family Movies, Comedies","In a journey back in time to the ancient city of Mirchigadh, Little Singham vies for the title of Ultimate Warrior and fights a zombie king’s army."
81177504,The Body Remembers When the World Broke Open,"Elle-Máijá Tailfeathers, Kathleen Hepburn","Violet Nelson, Elle-Máijá Tailfeathers, Charlie Hannah, Barbara Eve Harris, Sonny Surowiec, Jay Cardinal Villeneuve, Tony Massil, Aidan Dee, James Angus Cowan, Anthony Bolognese","Canada, Norway",TV-MA,106,"Dramas, Independent Movies","After a traumatic event, two Indigenous women in Vancouver are brought together and form a deep bond despite leading different lives."
80175798,The Irishman,Martin Scorsese,"Robert De Niro, Al Pacino, Joe Pesci, Harvey Keitel, Ray Romano, Bobby Cannavale, Anna Paquin, Stephen Graham, Stephanie Kurtzuba, Kathrine Narducci, Welker White, Jesse Plemons, Jack Huston, Domenick Lombardozzi, Louis Cancelmi, Paul Herman, Gary Basaraba, Marin Ireland, Sebastian Maniscalco, Steven Van Zandt",United States,R,209,Dramas,Hit man Frank Sheeran looks back at the secrets he kept as a loyal member of the Bufalino crime family in this acclaimed film from Martin Scorsese.
81062293,Mike Birbiglia: The New One,Seth Barrish,Mike Birbiglia,United States,TV-MA,86,Stand-Up Comedy,Comedian Mike Birbiglia hits Broadway with a hilarious yet profound one-man show that recounts his emotional and physical journey to parenthood.
80235524,Super Monsters Save Christmas,Steve Ball,"Elyse Maloway, Vincent Tong, Erin Mathews, Andrea Libman, Alessandro Juliani, Nicole Anthony, Diana Kaarina, Ian James Corlett, Britt McKillip, Kathleen Barr, Gigi Saul Guerrero, Brian Drummond",United States,TV-Y,24,Children & Family Movies,"It's Christmas Eve in Pitchfork Pines, and the Super Monsters are joining forces to deck the halls, find Santa's missing reindeer and save the holiday!"
81215481,Pranaam,Sanjiv Jaiswal,"Rajeev Khandelwal, Samiksha Singh, S.M. Zaheer, Vikram Gokhale, Meenakshi Sethi, Atul Kulkarni, Abhimanyu Singh, Aniruddha Dave",India,TV-MA,117,"Action & Adventure, Dramas, International Movies","Aspiring to fulfill his father’s dream and become a civil services officer, a young man loses his way upon becoming entangled with a criminal lynchpin."
81218079,Awake,"Aleksandr Chernyaev, Fedor Lyass","Jonathan Rhys Meyers, Francesca Eastwood, Malik Yoba, William Forsythe, James Austin Kerr, Jeremy Parr",United States,TV-MA,92,Thrillers,"After an accident leaves him with no recollection of who he is, a man becomes a prime suspect in the search for a serial killer targeting young women."
80198859,Brother,Julien Abraham,"MHD, Darren Muselet, Aïssa Maïga, Jalil Lespert, Youssouf Gueye, Hiam Abbass, Lisette Malidor",France,TV-MA,97,"Dramas, Independent Movies, International Movies","Thrust from a violent home into a brutal custody center, a teenager learns to navigate a tough new reality and forge unlikely alliances to survive."
81218074,Shelby American,"Nate Adams, Adam Carolla",Carroll Shelby,United States,TV-14,119,"Documentaries, Sports Movies","Featuring interviews and vintage footage, this documentary traces American icon Carroll Shelby's life of reinvention from farmer to racer to entrepreneur."
81026188,The Knight Before Christmas,Monika Mitchell,"Vanessa Hudgens, Josh Whitehouse, Emmanuelle Chriqui, Harry Jarvis, Mimi Gianopulos, Ella Kenion, Jean-Michel Le Gal, Arnold Pinnock",United States,TV-14,93,"Children & Family Movies, Comedies, Romantic Movies","Medieval magic sends a 14th-century knight to modern-day Ohio, where he falls for a high school science teacher who's disillusioned by love."
80221584,"Bikram: Yogi, Guru, Predator",Eva Orner,Bikram Choudhury,United States,TV-MA,86,Documentaries,This documentary charts the rise and fall of hot yoga founder Bikram Choudhury as his global empire is born and disturbing revelations come to light.
81217738,Dorasaani,KVR Mahendra,"Anand Deverakonda, Shivatmika Rajasekhar, Kannada Kishore",India,TV-14,134,"Dramas, International Movies, Romantic Movies",A village landlord's daughter and an educated commoner must decide if their budding forbidden love is worth resisting a repressive social hierarchy.
80244683,"Lorena, Light-Footed Woman",Juan Carlos Rulfo,Lorena Ramírez,Mexico,TV-G,28,"Documentaries, International Movies, Sports Movies",Lorena Ramírez of Mexico's Rarámuri community lives a pastoral life – except when she straps on her sandals to compete as an ultramarathon runner.
81217739,Mallesham,Raj R,"Jhansi, Priyadarshi Pullikonda, Ananya Nagalla",India,TV-PG,131,"Dramas, Independent Movies, International Movies","A self-trained engineer risks debt, love and reputation in his quest to improve the grueling work conditions of his mother and her weaving community."
81073633,Iliza Shlesinger: Unveiled,Steve Paley,Iliza Shlesinger,United States,TV-MA,78,Stand-Up Comedy,"Here comes the bride, and she's got plenty to say. Newlywed Iliza Shlesinger dissects wedding traditions as she mines her nuptials for laughs."
80244457,Earthquake Bird,Wash Westmoreland,"Alicia Vikander, Riley Keough, Naoki Kobayashi, Jack Huston, Kiki Sukezane, Yoshiko Sakuma, Ken Yamamura, Kazuhiro Muroyama, Akiko Iwase, Crystal Kay",United States,R,107,"Dramas, Romantic Movies","In 1980s Tokyo, an enigmatic expat is suspected of killing her friend, who's gone missing in the wake of their love triangle with a local photographer."
81196441,El sendero de la anaconda,Alessandro Angulo,"Wade Davis, Martin von Hildebrand",Colombia,TV-PG,74,"Documentaries, International Movies","In the most remote areas of the Amazon jungle, a writer and his anthropologist friend meet communities who have resisted change for centuries."
81162089,GO! The Unforgettable Party,Mauro Scandolari,"Pilar Pascual, José Gimenez Zapiola, Renata Toscano, Santiago Saez, Carmela Barsamian, Paulo Sánchez Lima, Daniel Rosado, Laura Azcurra, Gastón Ricaud, Florencia Benítez, Majo Cardozo",Argentina,TV-PG,60,"Children & Family Movies, Music & Musicals","Mía's vacation with her dad is disrupted by the surprise arrival of Lupe, Mercedes, Juanma and Álvaro as their school drama moves lakeside."
81217737,Guna 369,Arjun Jandyala,"Adithya Menon, Kartikeya Gummakonda, Anagha LK",India,TV-MA,143,"Action & Adventure, Dramas, International Movies",A pampered but kind-hearted average joe ditches his romancing and peacekeeping ways when he’s framed for a murder he didn’t commit.
81076114,House Arrest,"Shashanka Ghosh, Samit Basu","Ali Fazal, Shriya Pilgaonkar, Jim Sarbh, Barkha Singh, Badrul Islam, Sunil Kumar",India,TV-14,105,"Comedies, Independent Movies, International Movies",A world-weary man’s self-imposed home confinement becomes a comedy of errors with the simultaneous arrivals of a peculiar package and a curious journalist.
80183187,Klaus,Sergio Pablos,"Jason Schwartzman, J.K. Simmons, Rashida Jones, Will Sasso, Neda Margrethe Labba, Sergio Pablos, Norm Macdonald, Joan Cusack",Spain,PG,98,"Children & Family Movies, Comedies","A selfish postman and a reclusive toymaker form an unlikely friendship, delivering joy to a cold, dark town that desperately needs it."
81156627,Clarence Clemons: Who Do I Think I Am?,Nick Mead,Clarence Clemons,United States,TV-MA,88,"Documentaries, Music & Musicals",This intimate documentary follows the life of legendary saxophonist Clarence Clemons and his spiritual awakening before his death in 2011.
81096745,Fadily Camara : La plus drôle de tes copines,Gautier & Leduc,Fadily Camara,France,TV-MA,54,Stand-Up Comedy,"Irrepressible French comedian Fadily Camara weaves jokes, vivid characters and physical comedy into a lively stand-up show at La Cigale in Paris."
81078466,Jeff Garlin: Our Man In Chicago,Christopher Storer,Jeff Garlin,United States,TV-MA,59,Stand-Up Comedy,"Comedian Jeff Garlin (unintentionally) celebrates his 37th year of stand-up and shares his learnings on love, loss, success and food addiction."
81152923,Submission,J.M. Berrios,"Scott Pryor, Darrin Dewitt Henson, Eric Roberts, Kevin Sizemore, Lorynn York, John Gray, Sara McMann, Ovince Saint Preux",United States,TV-MA,95,"Action & Adventure, Dramas","After a near-death trip home, a Marine looking to help his comrade survive returns to the underground world of MMA, where new battles await."
80245356,A Remarkable Tale,Marina Seresesky,"Carmen Machi, Pepón Nieto, Kiti Mánver, Jon Kortajarena, Jimmy Castro, Ricardo Nkosi, Montse Pla, Malcolm Treviño-Sitté, Pepa Charro, Esperanza Elipe, Mariana Cordero, Txema Blasco",Spain,TV-MA,94,"Comedies, International Movies","The residents of an isolated town look to revive their home's identity when a group of foreigners unexpectedly arrive, bringing culture shock with them."
81024100,American Son,Kenny Leon,"Kerry Washington, Steven Pasquale, Jeremy Jordan, Eugene Lee",United States,TV-MA,90,Dramas,Time passes and tension mounts in a Florida police station as an estranged interracial couple awaits news of their missing teenage son.
81154982,Christmas Break-In,Michael Kampa,"Danny Glover, Denise Richards, Cameron Seely, Sean O'Bryan, Katrina Begin, Jake Van Wagoner, Douglas Spain, Dawson Ehlke",United States,TV-PG,87,"Children & Family Movies, Comedies","Stranded at school before holiday break, a precocious girl gets into the spirit of saving when a trio of robbers trespass and hold the janitor hostage."
81189912,Drive,Tarun Mansukhani,"Jacqueline Fernandez, Sushant Singh Rajput, Boman Irani, Pankaj Tripathi, Vikramjeet Virk, Sapna Pabbi, Vibha Chhibber, Kaustubh Kumar",India,TV-14,119,"Action & Adventure, International Movies","A notorious thief allies with a street racer for a grand heist involving an elaborate game of deceit with authorities, who have their own dirty secrets."
80231468,Holiday in the Wild,Ernie Barbarash,"Rob Lowe, Kristin Davis, Fezile Mpela, John Owen Lowe, Colin Moss",,TV-PG,86,"Children & Family Movies, Dramas, Romantic Movies","When her husband abruptly ends their marriage, empty nester Kate embarks on a solo second honeymoon in Africa, finding purpose – and potential romance."
81152930,Santa Girl,Blayne Weaver,"Barry Bostwick, Jennifer Stone, Devon Werkheiser, McKayla Witt, Joshua Cody, Hank Stone",United States,TV-PG,91,"Children & Family Movies, Comedies, Romantic Movies","Fleeing the family business and an arranged marriage, Santa’s daughter chooses a magical adventure of her own: College."
81030409,The House of Flowers Presents: The Funeral,Manolo Caro,"Cecilia Suárez, Aislinn Derbez, Dario Yazbek, Juan Pablo Medina, Arturo Ríos, Paco León, Norma Angélica, David Ostrosky, Verónica Langer, Lucas Velázquez",,TV-MA,36,Movies,The de la Mora siblings publicly mourn the death of their mother amid multiple surprises and mishaps at Virginia's funeral.
80182016,The King,David Michôd,"Timothée Chalamet, Joel Edgerton, Robert Pattinson, Ben Mendelsohn, Sean Harris, Tom Glynn-Carney, Lily-Rose Depp, Thomasin McKenzie",,R,141,Dramas,Wayward Prince Hal must turn from carouser to warrior king as he faces hostilities from inside and outside the castle walls in the battle for England.
81150305,The Man Without Gravity,Marco Bonfanti,"Elio Germano, Michela Cescon, Elena Cotta, Silvia D'Amico, Vincent Scarito","Italy, Belgium, France",TV-14,107,"Dramas, International Movies",A gravity-defying boy raised in seclusion matures into an extraordinary man – and an international celebrity – who longs for human connection.
81067760,The Wandering Earth,Frant Gwo,"Jing Wu, Chuxiao Qu, Jinmai Zhao, Li Guangjie, Ng Man-Tat, Mike Kai Sui, Qu Jingjing, Yichi Zhang, Yang Haoyu, Arkady Sharogradsky, Hongchen Li, Lei Jiayin, Yi Yang, Zhigang Jiang, Huan Zhang",China,TV-MA,125,"International Movies, Sci-Fi & Fantasy",A looming collision with Jupiter threatens Earth as humans search for a new star. The planet's fate now lies in the hands of a few unexpected heroes.
80202874,Always Be My Maybe,Nahnatchka Khan,"Ali Wong, Randall Park, James Saito, Michelle Buteau, Vivian Bang, Keanu Reeves, Susan Park, Daniel Dae Kim, Karan Soni, Charlyne Yi",United States,PG-13,102,"Comedies, Romantic Movies","Reunited after 15 years, famous chef Sasha and hometown musician Marcus feel the old sparks of attraction but struggle to adapt to each other's worlds."
80993095,Chopsticks,Sachin Yardi,"Abhay Deol, Mithila Palkar, Vijay Raaz",India,TV-MA,101,"Comedies, Dramas, Independent Movies",A gifted but insecure woman embarks on a transformative journey when she enlists an enigmatic con man to recover her stolen car from an eccentric thug.
80237006,Mere Pyare Prime Minister,Rakeysh Omprakash Mehra,"Anjali Patil, Om Kanojiya, Niteesh Wadhwa, Makrand Deshpande, Syna Anand, Prasad, Adarsh, Rasika Agashe",India,TV-MA,103,"Dramas, International Movies","When his mother suffers a traumatic incident, a boy from the Mumbai slums treks to Delhi to deliver his written plea for justice to the Prime Minister."
81111849,Pegasus,Han Han,"Shen Teng, Yin Zheng, Johnny Huang, Zhang Benyu, Yin Fang, Tian Yu, Wei Xiang",China,TV-14,98,"Comedies, Dramas, International Movies","After a five-year suspension, a once-legendary race car driver decides to get back in the game against a new generation of opponents."
81010699,Svaha: The Sixth Finger,Jang Jae-hyun,"Lee Jung-jae, Park Jung-min, Lee Jae-in, Yoo Ji-tae, Jung Jin-young, Lee Da-wit, Jin Seon-kyu, Ji Seung-hyeon, Min Tanaka",South Korea,TV-14,123,"International Movies, Thrillers",A minister who researches religious cults turns to his Buddhist monk friend for help investigating a new group with mysterious origins.
81031939,Despite Everything,Gabriela Tagliavini,"Blanca Suárez, Macarena García, Amaia Salamanca, Belén Cuesta, Maxi Iglesias, Juan Diego, Joaquín Climent, Carlos Bardem, Emilio Gutiérrez Caba, Tito Valverde, Teresa Rabal, Rossy de Palma, Marisa Paredes",Spain,TV-MA,79,"Comedies, International Movies, Romantic Movies","After their mother's death, four sisters learn a shocking family secret and embark on an adventure to discover the truth about their genealogy."
81028570,"Extremely Wicked, Shockingly Evil and Vile",Joe Berlinger,"Zac Efron, Lily Collins, Kaya Scodelario, Jeffrey Donovan, Angela Sarafyan, Jim Parsons, John Malkovich, Haley Joel Osment, Dylan Baker, Brian Geraghty",United States,R,110,"Dramas, Independent Movies",Single mother Liz falls for Ted Bundy and refuses to believe the truth about his crimes for years. A drama based on a true story.
80999729,The Last Summer,William Bindley,"K.J. Apa, Maia Mitchell, Tyler Posey, Jacob Latimore, Halston Sage, Wolfgang Novogratz, Sosie Bacon, Jacob McCarthy, Mario Revolori, Gage Golightly, Audrey Grace Marshall",United States,TV-14,110,"Comedies, Romantic Movies","Teens from a Chicago high school grapple with their dreams, relationships and identities in a transformative summer before they leave for college."
81046255,Joy,Sudabeh Mortezai,"Anwulika Alphonsus, Mariam Precious Sanusi, Angela Ekeleme",Austria,TV-MA,101,"Dramas, Independent Movies, International Movies","Close to paying off her debts, a Nigerian sex worker in Austria coaches a reluctant novice, and assesses the risks of taking a faster path to freedom."
80218306,Rim of the World,McG,"Jack Gore, Miya Cech, Benjamin Flores Jr., Alessio Scalzotto, Andrew Bachelor, Annabeth Gish, Scott MacArthur, Dean S. Jagger, Michael Beach, Lynn Collins, David Theune, Tony Cavalero, Carl McDowell, Punam Patel, Jason Rogel, Chris Wylde, Rudy Mancuso, Amanda Cerny, Allan Graf, Cameron Fuller, Richard Gore, Peter Parros, Annie Cavalero",United States,TV-14,99,"Action & Adventure, Independent Movies, Sci-Fi & Fantasy","Stranded at a summer camp when aliens attack the planet, four teens with nothing in common embark on a perilous mission to save the world."
80211638,The Perfection,Richard Shepard,"Allison Williams, Logan Browning, Steven Weber, Alaina Huffman, Mark Kandborg, Graeme Duffy",United States,TV-MA,91,"Horror Movies, LGBTQ Movies, Thrillers","In this twisty horror-thriller, a once-promising music prodigy reconnects with her former mentors, only to find them taken with a talented new pupil."
81036190,The Lonely Island Presents: The Unauthorized Bash Brothers Experience,"Mike Diva, Akiva Schaffer","Andy Samberg, Akiva Schaffer, Jorma Taccone, Hannah Simone, Jenny Slate, Sterling K. Brown, Jim O'Heir, Maya Rudolph, Stephanie Beatriz, Alana Haim, Este Haim, Danielle Haim",,TV-MA,30,"Comedies, Music & Musicals, Sports Movies",The Lonely Island spoofs notorious baseball stars Jose Canseco and Mark McGwire in this visual rap album set in the Bash Brothers' 1980s heyday.
81011598,Wanda Sykes: Not Normal,Linda Mendoza,Wanda Sykes,United States,TV-MA,66,Stand-Up Comedy,"Wanda Sykes tackles politics, reality TV, racism and the secret she'd take to the grave in this rollicking, no-holds-barred stand-up special."
81043473,SGT. Will Gardner,Max Martini,"Max Martini, Omari Hardwick, Lily Rabe, Elisabeth Röhm, Robert Patrick, Dermot Mulroney, Gary Sinise, JoBeth Williams, Luis Bordonada, Leo Martini",United States,TV-MA,125,Dramas,"A homeless vet who has PTSD steals a motorcycle and hits the road, trying to sort out what life means now that war is in the rear-view mirror."
81061407,The Brawler,Ken Kushner,"Zach McGowan, Amy Smart, Joe Pantoliano, Burt Young, Tony Darrow, Nick Loeb, Taryn Manning, Jason James Richter",United States,TV-MA,95,"Dramas, Independent Movies, Sports Movies","Newly famous after challenging Muhammad Ali for a championship title, boxer Chuck Wepner spirals down the slippery slope of being a celebrity."
80236341,Maria,Pedring A. Lopez,"Cristine Reyes, Germaine De Leon, KC Montero, Ronnie Lazaro, Freddie Webb",Philippines,TV-MA,90,"Action & Adventure, International Movies","An ex-assassin tries to leave her dark past behind until a power-hungry gang targets her and her family, forcing her to summon her killer instincts."
81041271,Saverio Raimondo: Il Satiro Parlante,Francesco Imperato,Saverio Raimondo,Italy,TV-MA,53,Stand-Up Comedy,"Italian comic and satirist Saverio Raimondo regales a Milan crowd with tales of online antics, awkward injuries and white-knuckle flights."
80216758,See You Yesterday,Stefon Bristol,"Eden Duncan-Smith, Dante Crichlow, Astro, Johnathan Nieves, Marsha Stephanie Blake, Wavyy Jonez, Myra Lucretia Taylor",United States,TV-MA,87,"Dramas, Sci-Fi & Fantasy, Thrillers","As two teen prodigies try to master the art of time travel, a tragic police shooting sends them on a series of dangerous trips to the past."
80998967,Good Sam,Kate Melville,"Tiya Sircar, Chad Connell, Marco Grazzini, Jesse Camacho, Mark Camacho, Elana Dunkelman, Kelly Hope Taylor, Kenny Wong, Daniela Sandiford, Christina Tannous",United States,TV-PG,90,"Children & Family Movies, Dramas",A curious reporter finds love while pursuing the story of a mysterious figure who's leaving bags of cash for strangers around New York City.
81085319,PATRICK (2019),Mandie Fletcher,"Beattie Edmondson, Ed Skrein, Tom Bennett, Jennifer Saunders",United Kingdom,TV-PG,94,Comedies,"When a schoolteacher inherits an adorable pug, she has to find a way to take care of it while dealing with her flatlining love life."
81053958,Backdraft 2,Gonzalo López-Gallego,"Joe Anderson, William Baldwin, Donald Sutherland, Alisha Bailey, Alastair Mackenzie, Dominic Mafham, Jessamine-Bliss Bell, Martin Hutson, Aaron McCusker, Cyril Nri",United States,R,102,"Action & Adventure, Dramas","In this sequel to the 1991 film, a determined fire investigator recruits an imprisoned arsonist to help untangle a web of fire, murder and corruption."
80223928,Malibu Rescue,Savage Steve Holland,"Ricardo Hurtado, Breanna Yde, Jackie R. Jacobson, Abby Donnelly, Alkoya Brunson, JT Neal, Ian Ziering, Bryana Salaz, Camaron Engels, Jeremy Howard, Jeff Meacham",United States,TV-G,70,"Children & Family Movies, Comedies","When a long list of shenanigans lands Tyler in hot water, he’s forced to suit up and spend his summer training for an elite junior lifeguard program."
81065331,Norm of the North: Keys to the Kingdom,Tim Maltby,"Andrew Toth, Cole Howard, Maya Kay, Jennifer Cameron, Alan Marriott, Lee Tockar, Brian Drummond","India, United States",TV-PG,92,Children & Family Movies,"When Norm the polar bear is framed for a crime he didn’t commit, his friends step up to help him clear his name."
81012340,Shéhérazade,Jean-Bernard Marlin,"Dylan Robert, Kenza Fortas, Idir Azougli, Lisa Amedjout, Sofia Bent, Nabila Bounad, Kader Benchoudar, Nabila Ait Amer",France,TV-MA,111,"Dramas, Independent Movies, International Movies","Fresh out of juvenile detention in Marseille, 17-year-old Zach falls for a young prostitute and soon faces a dire dilemma while working as a pimp."
80194950,Wine Country,Amy Poehler,"Amy Poehler, Maya Rudolph, Ana Gasteyer, Rachel Dratch, Paula Pell, Emily Spivey, Tina Fey, Jason Schwartzman",United States,R,104,Comedies,"When longtime friends meet up for a wine-soaked birthday getaway in Napa Valley, their perfectly planned weekend turns messier by the minute."
81094667,Hidden in Plain Sight,Stacia Crawford,"Victoria Barabas, Gino Anthony Pesi, Jake Allyn, Deborah Van Valkenburgh, Jessica Meraz, Jack Fisher, Eve Sigall, Jerod Meagher",United States,TV-14,87,"Dramas, Independent Movies, Thrillers",A woman stages her own suicide but still lives in fear of her abusive ex-boyfriend tracking her down and stealing the son he never knew he had.
81080637,Knock Down The House,Rachel Lears,Alexandria Ocasio-Cortez,United States,PG,88,Documentaries,Go behind the scenes as four determined women – including Alexandria Ocasio-Cortez – challenge big-money politicians in the 2018 race for Congress.
81093342,Sur Sapata,Mangesh Kanthale,"Upendra Limaye, Govind Namdeo, Sanjay Jadhav, Anand Ingale, Bharat Ganeshpure, Praveen Tarde, Chinmay Patwardhan, Jivan Karlakar",India,TV-14,140,"Comedies, Dramas, International Movies",A group of small-town students goes for glory by competing in a statewide kabaddi tournament 25 years after their school's championship victory.
80184676,Juanita,Clark Johnson,"Alfre Woodard, Adam Beach, LaTanya Richardson Jackson, Marcus Henderson, Blair Underwood, Ashlie Atkinson, Tsulan Cooper",United States,TV-MA,90,"Dramas, Independent Movies, Romantic Movies","Burdened by troubles in life and love, a mother of three grown children searches for hope and healing on an impromptu trip to Paper Moon, Montana."
81024044,Lady J,Emmanuel Mouret,"Cécile De France, Edouard Baer, Alice Isaaz, Natalia Dontcheva",France,TV-14,111,"Dramas, Independent Movies, International Movies","When her romance with a lustful marquis takes an unwelcome turn, a wealthy widow concocts a scheme to get revenge – with help from a younger woman."
80995799,Walk. Ride. Rodeo.,Conor Allyn,"Spencer Locke, Missi Pyle, Sherri Shepherd, Bailey Chase, Alyvia Alyn Lind, Max Ehrich, Corbin Bleu, Kathleen Rose Perkins",United States,TV-PG,100,"Children & Family Movies, Dramas","In the wake of an accident that leaves her paralyzed, a champion rodeo rider vows to get back on her horse and compete again. Based on a true story."
80200961,The Hard Way,Keoni Waxman,"Michael Jai White, Luke Goss, Randy Couture, Madalina Anea, Grant Campbell, George Remes, Ovidiu Niculescu, Adreea Diac, Michaela Holla, Bogden Farcas",United States,TV-MA,94,Action & Adventure,"After learning his brother died on a mission in Romania, a former soldier teams up with two allies to hunt down a mysterious enemy and exact revenge."
81038545,Mercy Black,Owen Egerton,"Daniella Pineda, Elle LaMont, Janeane Garofalo, Miles Emmons, Lee Eddy, Austin Amelio, Elke Boucher-Depew, Dylan Gage, Troy Anthony Hogan, Jamy Lentz",United States,TV-14,88,Horror Movies,"Fifteen years after a traumatic crime, a woman is released from psychiatric care and tries to drive out an evil spirit that continues to haunt her."
81033429,15-Aug,Swapnaneel Jayakar,"Rahul Pethe, Mrunmayee Deshpande, Adinath Kothare, Vaibhav Mangale, Jaywant Wadkar, Satish Pulekar, Naina Apte, Uday Tikekar",India,TV-14,124,"Comedies, Dramas, Independent Movies","On India's Independence Day, a zany mishap in a Mumbai chawl disrupts a young love story while compelling the residents to unite in aid of a little boy."
80188579,Bayonet,Kyzza Terrazas,"Luis Gerardo Méndez, Brontis Jodorowsky, Joonas Saartamo, Laura Birn, Ilkka Koivula, Ville Virtanen, Raúl Villegas, Miriam Balderas, Ximena Guzmán","Mexico, Finland",TV-MA,102,"Dramas, International Movies, Sports Movies","Alone in Finland, a retired Mexican boxer lives in desolation under the weight of an agonizing past, until he gets a shot at redemption in the ring."
80200571,The Highwaymen,John Lee Hancock,"Kevin Costner, Woody Harrelson, Kathy Bates, John Carroll Lynch, Thomas Mann, Kim Dickens, W. Earl Brown, William Sadler",United States,R,132,Dramas,Two steely former Texas Rangers are tasked with tracking and killing infamous criminals Bonnie and Clyde in this crime drama based on real events.
81002880,Nate Bargatze: The Tennessee Kid,Ryan Polito,Nate Bargatze,United States,TV-PG,61,Stand-Up Comedy,"Comic Nate Bargatze touches on air travel, cheap weddings, college football, chocolate milk and the perils of ordering coffee in this stand-up special."
80169469,The Dirt,Jeff Tremaine,"Douglas Booth, Iwan Rheon, Colson Baker, Daniel Webber, David Costabile, Pete Davidson",United States,TV-MA,108,"Comedies, Dramas, Music & Musicals","In this unflinching biopic based on Mötley Crüe's best-selling book, four LA misfits navigate the monster highs and savage lows of music superstardom."
81033107,Alexis Viera: A Story of Surviving,Luis Ara,Alexis Viera,,TV-14,69,"Documentaries, International Movies, Sports Movies","After being shot during a robbery in Colombia and losing sensation in his legs, Uruguayan soccer star Alexis Viera finds a new sense of purpose."
81037077,Amy Schumer Growing,Amy Schumer,Amy Schumer,United States,TV-MA,61,Stand-Up Comedy,"Amy Schumer spills on her new marriage, personal growth, making a baby and her mom's misguided advice in a special that's both raunchy and sincere."
81041273,Edoardo Ferrario: Temi Caldi,Francesco Imperato,Edoardo Ferrario,Italy,TV-MA,65,Stand-Up Comedy,"Italian comedian Edoardo Ferrario riffs on life at 30 and unpacks the peculiarities of global travel, social media and people who like craft beer."
80192187,Triple Frontier,J.C. Chandor,"Ben Affleck, Oscar Isaac, Charlie Hunnam, Pedro Pascal, Garrett Hedlund, Adria Arjona",United States,R,126,Action & Adventure,"Loyalties are tested when five former special forces operatives reunite to steal a drug lord's fortune, unleashing a chain of unintended consequences."
80214087,Jimmy Carr: The Best of Ultimate Gold Greatest Hits,Brian Klein,Jimmy Carr,,TV-MA,58,Stand-Up Comedy,Nothing is off limits as Jimmy Carr serves up the most outrageous jokes from his stand-up career in a special that's not for the faint of heart.
80200047,The Boy Who Harnessed the Wind,Chiwetel Ejiofor,"Maxwell Simba, Chiwetel Ejiofor, Aïssa Maïga, Lily Banda, Lemogang Tsipa, Philbert Falakeza, Joseph Marcell, Noma Dumezweni","United Kingdom, Malawi",TV-14,114,"Children & Family Movies, Dramas, Independent Movies","Inspired by a science book, 13-year-old William Kamkwamba builds a wind turbine to save his Malawian village from famine. Based on a true story."
81061410,Beneath the Leaves,Adam Marino,"Mira Sorvino, Kristoffer Polaha, Doug Jones, Paul Sorvino, Aaron Farb, Ser'Darius Blain, Christopher Backus, Christopher Masterson, Tommy Kijas, Kee Seymore, Marla Adams",United States,TV-MA,90,"Independent Movies, Thrillers","An escaped psychopathic child killer faces off against one of his former victims, who has since become a hard-nosed detective."
80121387,Elisa & Marcela,Isabel Coixet,"Natalia de Molina, Greta Fernández, Sara Casasnovas, Tamar Novas, Kelly Lua, Manuel Lourenzo, Jorge Suquet, Ana Santos, Mariana Carballal, Roberto Leal, Luisa Merelas, Amparo Moreno, Lluís Homar, Manolo Solo, María Pujalte, Francesc Orella",Spain,TV-MA,119,"Dramas, International Movies, LGBTQ Movies","In 1901 Spain, Elisa Sánchez Loriga adopts a male identity in order to marry the woman she loves, Marcela Gracia Ibeas. Based on true events."
80227090,I Am Mother,Grant Sputore,"Clara Rugaard, Rose Byrne, Hilary Swank, Luke Hawker",Australia,TV-14,114,"International Movies, Sci-Fi & Fantasy, Thrillers","Following humanity's mass extinction, a teen raised alone by a maternal droid finds her entire world shaken when she encounters another human."
81113918,Luka Chuppi,Laxman Utekar,"Kartik Aaryan, Kriti Sanon, Pankaj Tripathi, Vinay Pathak, Aparshakti Khurana, Atul Srivastava, Alka Amin",India,TV-14,125,"Comedies, International Movies, Romantic Movies","Pretending to marry in order to cohabitate, a small-town couple lands in endless awkward situations to hide the truth from their orthodox families."
81029736,Pachamama,Juan Antin,"Adam Moussamih, Charli Birdgenau, Vlastra Vrana, Sonja Ball, Alexandre Harough","France, Luxembourg, Canada",PG,71,Children & Family Movies,"When a sacred statue is taken from his Andean village, a spirited boy who dreams of becoming a shaman goes on a brave mission to get it back."
81051688,Rock My Heart,Hanno Olderdissen,"Lena Klenke, Dieter Hallervorden, Emilio Sakraya, Annette Frier, Milan Peschel, Vedat Erincin, Johann von Bülow, Michael Lott, Hans Martin Stier, Anneke Kim Sarnau",Germany,TV-PG,110,"Children & Family Movies, Dramas, International Movies","After an adventurous teen with a heart defect bonds with an unruly stallion, she trains to compete as an amateur jockey in a life-threatening race."
80173387,The Black Godfather,Reginald Hudlin,"Clarence Avant, Quincy Jones",United States,TV-MA,118,"Documentaries, Music & Musicals","This documentary follows the life of Clarence Avant, the ultimate, uncensored mentor and behind-the-scenes rainmaker in music, film, TV and politics."
81030855,Alles ist gut,Eva Trobisch,"Aenne Schwarz, Andreas Döhler, Hans Löw, Tilo Nest, Lina Wendel, Lisa Hagmeister",Germany,TV-MA,90,"Dramas, International Movies","A woman sexually assaulted by her new boss's brother-in-law tries to move on as if nothing happened, but the night weighs heavily on her mind and body."
80996787,Everybody Knows,Asghar Farhadi,"Penélope Cruz, Javier Bardem, Ricardo Darín, Eduard Fernández, Bárbara Lennie, Inma Cuesta, Elvira Mínguez, Ramón Barea, Carla Campra, Sara Sálamo, Roger Casamajor, José Ángel Egido","Spain, France, Italy",R,133,"Dramas, International Movies, Thrillers","Journeying back to her small Spanish hometown for her sister's wedding, Laura must grapple with long-buried secrets when her daughter is abducted."
81076055,Dolphin Kick,Philip Marlatt,"Axle McCoy, Travis McCoy, Tyler Jade Nixon, Alexis Louder, DeVaughn Gow, LaVaughn Hamilton, Maya Simmons, Quddus Newton, Jordan Padreira, Derek Lee Nixon",United States,TV-PG,90,Children & Family Movies,"After losing his mom, 10-year-old Luke abandons competitive swimming. It takes a friendly dolphin to get him back in the water – and help him heal."
80237423,Miranda Sings Live…Your Welcome,Marcus Raboy,Colleen Ballinger,United States,TV-14,62,Stand-Up Comedy,"Viral video star Miranda Sings and her real-world alter ego Colleen Ballinger share the stage in a special packed with music, comedy and ""magichinry."""
81093122,Inhuman Kiss,Sittisiri Mongkolsiri,"Phantira Pipityakorn, Oabnithi Wiwattanawarang, Sapol Assawamunkong, Surasak Vongthai, Sahatchai 'Stop' Chumrum, Sahajak Boonthanakit, Makorn Supinacharoen, Sasithorn Panichnok",Thailand,TV-MA,122,"Horror Movies, International Movies, Romantic Movies",A teenage girl is caught between the affections of two childhood friends while battling the bloodthirsty demon inside of her that manifests at night.
81039384,Romeo Akbar Walter,Robbie Grewal,"John Abraham, Jackie Shroff, Mouni Roy, Sikander Kher, Raghuvir Yadav, Alka Amin, Rajesh Shringarpure, Anil George",India,TV-14,141,"Dramas, International Movies, Thrillers","In 1971, a fallen army major’s son is tapped by India's Research and Analysis Wing to serve as an undercover agent in Pakistan in the lead-up to war."
81128584,Super Deluxe,Thiagarajan Kumararaja,"Vijay Sethupathi, Fahadh Faasil, Samantha Ruth Prabhu, Ramya Krishnan, Mysskin, Gayathrie, Ashwanth Ashok Kumar, Bagavathi Perumal",India,TV-MA,176,"Comedies, Dramas, International Movies","Sex, stigma and spirituality merge in these eccentric stories of an angsty teenager, an unfaithful wife and a transgender woman returning to her past."
81136964,Staged Killer,Christopher Ray,"Chrishell Hartley, Jason Dolley, Darrin Dewitt Henson, Nicole Bilderback, Charlie O'Connell, Chasty Ballesteros, Lyman Chen, Declan Joyce, Frank Rossi, Josh Nuncio",United States,TV-14,88,Thrillers,"After a popular morning television host bumps into an old acquaintance with a dark past, her professional and personal lives begin to unravel."
81110498,ANIMA,Paul Thomas Anderson,Thom Yorke,United Kingdom,TV-PG,15,"Dramas, Independent Movies, Music & Musicals","In a short musical film directed by Paul Thomas Anderson, Thom Yorke of Radiohead stars in a mind-bending visual piece. Best played loud."
81060096,Daniel Sosa: Maleducado,"Alex Díaz, Marcos Bucay",Daniel Sosa,Mexico,TV-MA,55,Stand-Up Comedy,"In his second stand-up special, Daniel Sosa reminisces about his childhood, ponders Mexican traditions and points out a major problem with ""Coco."""
80996192,Mike Epps: Only One Mike,Kevin Bray,Mike Epps,United States,TV-MA,63,Stand-Up Comedy,"In a raw stand-up comedy special, Mike Epps mixes it up as he tackles sexual misconduct, special ed, aging body parts and much more."
80195901,Triple Threat,"Jesse V. Johnson, Jesse Johnson","Tony Jaa, Iko Uwais, Tiger Chen, Scott Adkins, Celina Jade, Michael Bisping, Michael Jai White, JeeJa Yanin, Dominiquie Vandenberg","Thailand, China, United States",NR,96,"Action & Adventure, International Movies",A crew of ruthless criminals hired to kill an influential heiress meet their match in a trio of surprisingly adept fighters who come to her aid.
81018067,Blood Will Tell,"Miguel Cohan, Miguel Cohan","Oscar Martínez, Dolores Fonzi, Diego Velázquez, Paulina Garcia, Luis Gnecco, Malena Sánchez, Emilio Vodanovich, Norman Briski","Argentina, United States",TV-MA,113,"Dramas, Independent Movies, International Movies",Family patriarch Elías begins to unravel after the death of his wife – which casts a suspicious light on her tragic accident.
81131274,Rakkhosh,"Abhijit Kokate, Srivinay Salian","Sanjay Mishra, Priyanka Bose, Tannishtha Chatterjee, Barun Chanda, Sonamoni Jayant Gadekar, Ashwath Bhatt, Atul Mahale",India,TV-MA,116,"Horror Movies, Independent Movies, International Movies",An asylum patient’s troubled past threatens his grasp on reality as fellow hospital residents begin disappearing at the hands of an unknown entity.
81027187,The Wolf's Call,Antonin Baudry,"François Civil, Omar Sy, Mathieu Kassovitz, Reda Kateb, Paula Beer, Alexis Michalik, Jean-Yves Berteloot, Damien Bonnard, Pierre Cevaër, Sébastien Libessart",France,TV-14,116,"Dramas, International Movies, Thrillers","With nuclear war looming, a military expert in underwater acoustics strives to prove things aren't as they seem – or sound – using only his ears."
81110386,Krutant,Datta Mohan Bhandare,"Suyog Rajendra Gorhe, Sandeep Kulkarni, Vidya Karanjikar, Sayli Patil",India,TV-14,114,"Dramas, International Movies","When a busy workaholic leaves town to meet friends, an unexpected delay leads him to the hut of an old man, whose haunting tale could change his life."
80216302,Beats,Chris Robinson,"Khalil Everage, Anthony Anderson, Uzo Aduba, Emayatzy Corinealdi, Paul Walter Hauser, Dave East, Seandrea Sledge, Ashley Jackson, Megan Sousa",United States,TV-MA,110,"Dramas, Independent Movies, Music & Musicals","On Chicago's South Side, hip-hop prodigy August Monroe navigates crippling anxiety and new creative frontiers with the help of an unlikely mentor."
80993404,Adam Devine: Best Time of Our Lives,Jay Karas,Adam Devine,United States,TV-MA,59,Stand-Up Comedy,"Frenetic comic Adam Devine talks teen awkwardness, celebrity encounters, his ""Pitch Perfect"" audition and more in a special from his hometown of Omaha."
81123052,Luckee,Sanjay Jadhav,"Abhay Mahajan, Dipti Sati, Mayur More, Shubhangi Tambale, Chetan Dalvi, Nilesh Diwekar",India,TV-14,113,"Comedies, International Movies, Romantic Movies","When his friends make a bet that he can woo his college crush, a lovesick student named Luckee struggles between satisfying his heart and hormones."
80245601,DJ Cinderella,Bruno Garotti,"Maísa Silva, Filipe Bragança, Fernanda Paes Leme, Miriam Freeland, Marcelo Valle, Elisa Pinheiro, Sérgio Malheiros, Giovanna Grigio, Bárbara Maia, Letícia Pedro, Kiria Malheiros, Leo Cidade, Matheus Costa, Isabel Fillardis, Selma Lopes",Brazil,TV-PG,95,"Children & Family Movies, Comedies","Fiercely independent and disillusioned with love, a teen DJ is determined to chart her own path, till a pop heartthrob falls for her awesome mix."
80242619,Murder Mystery,Kyle Newacheck,"Adam Sandler, Jennifer Aniston, Luke Evans, Gemma Arterton, Adeel Akhtar, Luis Gerardo Méndez, Dany Boon, Terence Stamp",United States,PG-13,98,Comedies,"On a long-awaited trip to Europe, a New York City cop and his hairdresser wife scramble to solve a baffling murder aboard a billionaire's yacht."
81147766,Oprah Presents When They See Us Now,Mark Ritchie,"Oprah Winfrey, Ava DuVernay",United States,TV-14,61,Documentaries,"Oprah Winfrey talks with the exonerated men once known as the Central Park Five, plus the cast and producers who tell their story in ""When They See Us."""
81088277,The 3rd Eye 2,Rocky Soraya,"Jessica Mila, Bianca Hello, Nabilah Ayu, Sophia Latjuba, Jeremy Thomas",Indonesia,TV-MA,117,"Horror Movies, International Movies","Working in an orphanage, Alia meets teen Nadia, who says she hears a strange voice in the walls. When they try to find the source, things go very wrong."
81002929,Jo Koy: Comin' In Hot,Shannon Hartman,Jo Koy,United States,TV-MA,60,Stand-Up Comedy,"Comedian Jo Koy takes center stage in Hawaii and shares his candid take on cultural curiosities, filter-free fatherhood and more."
80221016,Rolling Thunder Revue: A Bob Dylan Story by Martin Scorsese,Martin Scorsese,"Bob Dylan, Allen Ginsberg, Joan Baez, Patti Smith, Roger McGuinn, Sam Shepard, Sharon Stone, Joni Mitchell, Scarlet Rivera, Ramblin' Jack Elliott, Ronnie Hawkins, Anne Waldman, Ronee Blakley",United States,TV-MA,142,"Documentaries, Music & Musicals","In an alchemic mix of fact and fantasy, Martin Scorsese looks back at Bob Dylan's 1975 Rolling Thunder Revue tour and a country ripe for reinvention."
81092909,"Oh, Ramona!",Cristina Jacob,"Bogdan Iancu, Aggy K. Adams, Holly Horne, Basil Eidenbenz, Melanie Ebanks, Leonardo Boudreau, Andromeda Godfrey",Romania,TV-MA,109,"Comedies, International Movies",Awkward 16-year-old Andrei is infatuated with his alluring but aloof schoolmate Ramona – until he meets stunning hotel clerk Anemona while on vacation.
81070008,Prosecuting Evil: The Extraordinary World of Ben Ferencz,Barry Avrich,Ben Ferencz,Canada,TV-14,83,Documentaries,"A gripping profile of Ben Ferencz, the last surviving lead prosecutor at the Nuremberg trials whose lifelong desire for justice altered the rule of law."
80203143,Then Came You,Peter Hutchings,"Asa Butterfield, Maisie Williams, Nina Dobrev, Ken Jeong, Tyler Hoechlin, David Koechner, Peyton List, Tituss Burgess",United States,TV-14,97,"Comedies, Dramas, Independent Movies",A hypochondriac confronts his fear of death when a terminally ill teen girl enlists him to help her complete her bucket list.
81068732,We Are Legends,Daniel Yee Heng Chan,"Lam Yiu-sing, Ma Chi Wai, Wiyona Yeung, Eric Kot, Yuen Qiu, Lisa Cheng, Jason Li",Hong Kong,TV-14,109,"Action & Adventure, International Movies, Sports Movies","Raised in a boxing gym, two orphaned brothers become highly skilled martial artists and must combat threats in the streets and the ring."
81098589,Aziz Ansari: RIGHT NOW,Spike Jonze,Aziz Ansari,United States,TV-MA,65,Stand-Up Comedy,"In a comedy special directed by Spike Jonze, Aziz Ansari shares deep personal insights and hilarious takes on wokeness, family and the social climate."
80240537,The Red Sea Diving Resort,Gideon Raff,"Chris Evans, Michael Kenneth Williams, Haley Bennett, Alessandro Nivola, Michiel Huisman, Alex Hassell, Mark Ivanir, Chris Chalk, Greg Kinnear, Ben Kingsley","Canada, United States",TV-MA,130,"Dramas, Thrillers",Undercover agents open up a fake hotel to real tourists as a cover to help smuggle thousands of Ethiopian refugees to safety. Inspired by true events.
81030976,All Good Ones Get Away,Víctor García,"Claire Forlani, Jake Abel, Titus Welliver, Melina Matthews",,TV-MA,83,"International Movies, Thrillers","When a mysterious figure blackmails an adulterous couple during a romantic getaway, their secret affair turns into a fight for survival."
81017011,American Hangman,Wilson Coneybeare,"Donald Sutherland, Vincent Kartheiser, Oliver Dennis, Paul Braunstein, Paul Amato, Matt Baram, Dan Beirne, Joanne Boland, Jamie Jacqueline Burns, Alexander Crowther",Canada,TV-MA,99,Thrillers,"A judge’s kidnapping is streamed live on social media, as a vengeful loner puts him on trial for supposedly sending an innocent man to his death."
80213715,Whitney Cummings: Can I Touch It?,Marcus Raboy,Whitney Cummings,,TV-MA,59,Stand-Up Comedy,"In her fourth stand-up special, Whitney Cummings returns to her hometown of Washington, D.C., and riffs on modern feminism, technology and more."
80198632,Mission of Honor,David Blair,"Iwan Rheon, Milo Gibson, Stefanie Martini, Marcin Dorociński, Krystof Hádek, Christopher Jaciow","United Kingdom, Poland",TV-MA,107,"Action & Adventure, Dramas","As Hitler's Nazis threaten to take command of Britain's skies, a squadron of Polish pilots arrives to aid the Royal Air Force against a mutual enemy."
81028404,Eerie,Mikhail Red,"Bea Alonzo, Jake Cuenca, Maxene Magalona, Charo Santos, Mary Joy Apostol, Gabby Padilla, Gillian Vicencio","Philippines, Singapore",TV-14,100,"Horror Movies, International Movies","When a student's suicide rattles an all-girls Catholic school, a clairvoyant guidance counselor leans on a ghost to uncover the convent's abusive past."
80198508,Girls With Balls,Olivier Afonso,"Victor Artus Solaro, Manon Azem, Louise Blachère, Tiphaine Daviot, Margot Dufrene, Anne-Solenne Hatte, Camille Razat, Dany Verissimo-Petit, Denis Lavant, Aurélien Cotentin, Mathieu Madénian, Thomas Vandenberghe","France, Belgium",TV-MA,77,"Comedies, Horror Movies, International Movies","Stranded in the woods and eyeballed by twisted hunters, members of a women’s volleyball team bump it up in the most dangerous game of their lives."
80994020,The Son,Sebastián Schindel,"Joaquín Furriel, Martina Gusmán, Luciano Cáceres, Heidi Toini, Regina Lamm",Argentina,TV-MA,93,"Dramas, Independent Movies, International Movies","In this psychological thriller, painter Lorenzo's life spirals out of control as he fears his wife is trying to isolate him from their infant son."
80997613,"¡Ay, mi madre!",Frank Ariza,"Estefanía de los Santos, Secun de la Rosa, Terele Pávez, María Alfonsa Rosso, Mariola Fuentes, Alfonso Sánchez, Paz Vega, Marta Torné, Concha Galán",Spain,TV-MA,81,"Comedies, International Movies","When her estranged mother suddenly dies, a woman must follow the quirky instructions laid out in the will in order to collect an important inheritance."
80998968,Secret Obsession,Peter Sullivan,"Brenda Song, Mike Vogel, Dennis Haysbert, Ashley Scott, Paul Sloan, Daniel Booko",United States,TV-14,98,Thrillers,"When Jennifer wakes up with amnesia after a traumatic attack, her doting husband cares for her. But she soon realizes the danger is far from over."
81003981,"Frankenstein’s Monster’s Monster, Frankenstein",Daniel Gray Longino,"David Harbour, Alex Ozerov, Kate Berlant, Mary Woronov, Alfred Molina, Heather Lawless, Michael Lerner, Marion Van Cuyck, Bridey Elliott, O-Lan Jones, Lidia Porto, Graham Wagner, Randolph Thompson",United States,TV-14,32,Comedies,"When actor David Harbour finds lost footage of his father's disastrous televised stage play of a literary classic, he uncovers shocking family secrets."
80221109,4L,Gerardo Olivares,"Jean Reno, Hovik Keuchkerian, Susana Abaitua, Juan Dos Santos, Arturo Valls, Enrique San Francisco, Francesc Garrido, Eric Nguyen",Spain,TV-MA,105,"Comedies, Dramas, Independent Movies","Hoping to reunite with a dying friend, two longtime pals re-create their desert road trip from Spain to Mali, bringing along his estranged daughter."
81145271,Black & Privileged: Volume 1,Mark Harris,"Dawnisha Halfkenny, Simeon Henderson, Corey Hendrix, Malcom Banks, Nadia Simms, Brian White, Brely Evans, Cynda Williams, Carl Anthony Payne II",United States,TV-MA,79,Dramas,"When low-income families move into a thriving black community in Chicago, they find themselves at odds with politicians to maintain their status."
81044248,Kidnapping Stella,Thomas Sieben,"Max von der Groeben, Jella Haase, Clemens Schick",Germany,TV-MA,90,"Dramas, International Movies, Thrillers","Snatched off the street and held for ransom, a bound and gagged woman uses her limited powers to derail her two masked abductors' carefully laid plans."
80221677,Point Blank,Joe Lynch,"Frank Grillo, Anthony Mackie, Marcia Gay Harden, Teyonah Parris, Boris McGiver, Christian Cooke, Markice Moore","France, United States",TV-MA,87,Action & Adventure,"To save his pregnant wife, an emergency room nurse unwillingly partners with an injured murder suspect in a race against time and renegade cops."
80238020,Katherine Ryan: Glitter Room,Linda Mendoza,Katherine Ryan,United States,TV-MA,66,Stand-Up Comedy,"Fresh from a tour, comedian Katherine Ryan shares shrewd observations about school bullies, revenge bodies and raising a very fancy child."
81130297,Soul to Keep,"David Allensworth, Monière","Sandra Mae Frank, Aurora Heimbach, Craig Fogel, Tony Spitz, Jordan Theodore, Kate Rose Reynolds, Jessie Jordan, Derek Long, Sophia Getz, Amelia Sheeler",United States,TV-MA,94,"Horror Movies, Independent Movies","Two siblings invite friends to their inherited, remote country home, but the fun stops when the group summons a demonic force from an old spellbook."
80237903,"Gabriel ""Fluffy"" Iglesias: One Show Fits All",Manny Rodriguez,Gabriel Iglesias,,TV-14,91,Stand-Up Comedy,"Gabriel ""Fluffy"" Iglesias discusses his teenage son and encounters with Snoop Dogg, Chris Rock and Vicente Fernández in this stand-up special for 2019."
80134721,IO,Jonathan Helpert,"Margaret Qualley, Anthony Mackie, Danny Huston",United States,TV-14,96,"Dramas, Sci-Fi & Fantasy","As a young scientist searches for a way to save a dying Earth, she finds a connection with a man who's racing to catch the last shuttle off the planet."
80988257,Patria,Matías Gueilburt,Paco Ignacio Taibo II,Mexico,TV-MA,90,"Documentaries, International Movies","Paco Ignacio Taibo II brings his book trilogy to life, highlighting Mexico's history in 1854-1867, a period he considers foundational to the country."
81147285,Deadcon,Caryn Waechter,"Lauren Elizabeth, Claudia Sulewski, Keith Machekanyanga, Mimi Gianopulos, Lukas Gage, Carl Gilliard, Caeli, Mark Dohner, Jessie Paege, Richard Kohnke, Dominic Burgess, Judah Mackey",United States,TV-MA,78,Horror Movies,"A group of uber-popular, social media influencers’ trip to a digital media festival grows dark when an evil spirit wants to lure them to their demise."
81235729,Jezebel,Numa Perrier,"Tiffany Tenille, Numa Perrier, Stephen Barrington, Bobby Field, Rockwelle Dortch, Zoe Tyson, Dennis Jaffee, Jessa Zarubica, RiRia, Charlie Taylor, Amy Aitken, Brett Gelman",United States,TV-MA,86,"Dramas, Independent Movies","During the internet's infancy, a vulnerable woman follows her sister into the sex industry as a webcam model but her sudden popularity tests their bond."
81093113,NiNoKuni,Yoshiyuki Momose,"Kento Yamazaki, Mackenyu, Mei Nagano, Mamoru Miyano, Maaya Sakamoto, Yuki Kaji, Kenjiro Tsuda, Koichi Yamadera, Masatoh Ibu, Tsuyoshi Muro",Japan,TV-14,107,"Action & Adventure, Anime Features, Children & Family Movies",Two average teens go on a magical quest to save the life of their friend and her counterpart from another world. But love complicates their journey.
80997602,Eye For An Eye,Paco Plaza,"Luis Tosar, Xan Cejudo, Ismael Martínez, Enric Auquer, María Vázquez, Daniel Currás, Rebeca Montero, Luisa Mayol, Jessica Serna, Tamara Canosa",Spain,TV-MA,108,"Dramas, International Movies, Thrillers","A cartel boss is released from prison and unknowingly put in the care of a vengeful nurse, whose life was tragically impacted by the drug lord."
81144867,Saving Zoë,Jeffrey G. Hunt,"Laura Marano, Vanessa Marano, Christopher Tavarez, Giorgia Whigham, Michael Provost, Nathaniel Buzolic, Ken Jeong, Annie Jacob, Evan Castelloe, Whitney Goin, Jason Davis",United States,R,95,Dramas,A reserved high school freshman acts out when she recovers a diary that offers clues to a secret world that could be behind her sister's murder.
81127333,The Brave,William Kaufman,"Armand Assante, Louis Mandylor, Yuriy Kutsenko, Ravshana Kurkova, Igor Jijikine, Ivan Makarevich, Bessart Kallaku, Ervin Bejleri",United States,TV-MA,103,"Action & Adventure, Independent Movies","With entry into the European Union at stake, Albania must rely on a mash-up of elite cops to take down a slippery drug lord dominating its economy."
81050190,Deadly Switch,Svetlana Cvetko,"Teri Polo, Dylan Walsh, Danika Yarosh, Hayley McLaughlin, Bryce Durfee, Matt Passmore, Heather Mazur, Ashlyn Pearce",United States,TV-PG,86,"Independent Movies, Thrillers","In this indie thriller, a foreign exchange student moves in with her roommate's family who grieves over the daughter they would do anything to get back."
80218104,Sebastian Maniscalco: Stay Hungry,Rik Reinholdtsen,Sebastian Maniscalco,United States,TV-MA,65,Stand-Up Comedy,"Sebastian Maniscalco brings an acerbically unique approach to peacocks on planes, life hacks, rich in-laws and life's annoyances in this comedy special."
81221851,Women of Mafia 2,Patryk Vega,"Angie Cepeda, Agnieszka Dygant, Aleksandra Grabowska, Aleksandra Popławska, Katarzyna Warnke, Piotr Adamczyk, Enrique Arce, Amin Bensalem, Wojciech Bocianowski, Janusz Chabior",Poland,TV-MA,132,"Action & Adventure, Dramas, International Movies","When a major drug deal goes sour, the queen of the Warsaw underworld must contend with a rival criminal, a crossed ally and a religious fighter."
81113919,Made in China,Mikhil Musale,"Rajkummar Rao, Boman Irani, Mouni Roy, Sumeet Vyas, Paresh Rawal, Gajraj Rao, Manoj Joshi, Sanjay Goradia, Amyra Dastur, Chittaranjan Tripathi, Abhishek Banerjee",India,TV-MA,128,"Comedies, Dramas, International Movies","After a trip to China, a struggling entrepreneur returns to India as the supplier of an illegal aphrodisiac — but all he ends up stimulating is chaos."
80202273,The Last Laugh,Greg Pritikin,"Chevy Chase, Richard Dreyfuss, Andie MacDowell, Kate Micucci, Chris Parnell, George Wallace, Lewis Black",United States,TV-MA,99,"Comedies, Dramas","After moving to a retirement home, restless talent manager Al reconnects with long-ago client Buddy and coaxes him back out on the comedy circuit."
81103093,Fall Girls,Chris Stokes,"Amara La Negra, Erica Hubbard, Joely Fisher, Paris Phillips, Erica Peeples, Tami Roman, Alfred Thomas II, J-Boog, Hunter Ives, Dylan Mooney",United States,TV-14,80,Comedies,"Following a night of hard partying that left their tycoon boss dead, four women try to keep it a secret in hopes of closing a billion-dollar deal."
81211681,Luccas Neto in: Children's Day,Lucas Margutti,"Luccas Neto, Vivian Duarte, Giobanna Alparone, Jéssica Diehl",,TV-Y7,81,"Children & Family Movies, Comedies","When Luccas Neto plans a big Children's Day celebration, an unexpected threat at school puts the party – and his friends – at risk."
80991400,High Flying Bird,Steven Soderbergh,"André Holland, Zazie Beetz, Bill Duke, Kyle MacLachlan, Melvin Gregg, Sonja Sohn, Zachary Quinto",United States,TV-MA,91,"Dramas, Sports Movies","When an NBA lockout sidelines his big rookie client, an agent hatches a bold plan to save their careers – and disrupt the league's power structure."
80231156,Kevin Hart's Guide to Black History,Tom Stern,"Kevin Hart, Saniyya Sidney, Lil Rel Howery, Eoghan Thomas Murphy, Tiffany Haddish, Al Shearer, Lonnie Chavis, Alphonso Mcauley, Nika Williams, Barry Brewer, Greg Germann, John Ennis, Jay Johnston",United States,TV-PG,63,"Children & Family Movies, Comedies",Kevin Hart highlights the fascinating contributions of black history’s unsung heroes in this entertaining – and educational – comedy special.
80191045,ReMastered: The Two Killings of Sam Cooke,Kelly Duane de la Vega,Sam Cooke,United States,TV-MA,74,"Documentaries, Music & Musicals","While Sam Cooke rose to stardom as a soul singer, his outspoken views on civil rights drew attention that may have contributed to his death at age 33."
80216779,"Ray Romano: Right Here, Around the Corner",Michael Showalter,Ray Romano,United States,TV-MA,59,Stand-Up Comedy,"Ray Romano cut his stand-up teeth at the Comedy Cellar in New York. Now, in his first comedy special in 23 years, he returns to where it all began."
81026327,Firebrand,Aruna Raje,"Usha Jadhav, Girish Kulkarni, Sachin Khedekar, Rajeshwari Sachdev, Rushad Rana, Mrunal Oak",India,TV-MA,117,"Dramas, International Movies","While she successfully advocates for her female clients in difficult divorce cases, a lawyer’s trauma from sexual assault impacts her own marriage."
80224060,Paddleton,Alex Lehmann,"Mark Duplass, Ray Romano",United States,TV-MA,89,"Comedies, Dramas, Independent Movies","After he's diagnosed with terminal cancer, middle-aged Michael asks his neighbor friend Andy to help him end his life before the disease does."
81027190,Paris Is Us,Elisabeth Vogler,"Noémie Schmidt, Grégoire Isvarine, Marie Mottet, Lou Castel, Mathias Minne, Margaux Bonin, Julia Kouakou, Alexandre Schreiber, Schemci Lauth, Theo Tagand, Clément Olivieri, Doria Achour",France,TV-MA,84,"Dramas, Independent Movies, International Movies","Amid a turbulent romance and rising tensions in Paris, a young woman finds herself caught in a dizzying spiral of dreams, memories and what-ifs."
80244853,"Ken Jeong: You Complete Me, Ho",Jon M. Chu,Ken Jeong,United States,TV-MA,62,Stand-Up Comedy,"In his first-ever stand-up special, Ken Jeong pays tribute to his wife and shares stories about Hollywood and how ""The Hangover"" saved his life."
80199689,Velvet Buzzsaw,Dan Gilroy,"Jake Gyllenhaal, Rene Russo, Zawe Ashton, Toni Collette, John Malkovich, Natalia Dyer, Daveed Diggs, Tom Sturridge",United States,R,113,"Dramas, Thrillers","A feared critic, an icy gallery owner and an ambitious assistant snap up a recently deceased artist's stash of paintings – with dire consequences."
81004748,A Family Reunion Christmas,Robbie Countryman,"Loretta Devine, Tia Mowry-Hardrict, Anthony Alabi, Talia Jackson, Isaiah Russell-Bailey, Cameron J. Wright, Jordyn Raya James, Jackée Harry, Richard Roundtree",United States,TV-PG,29,Movies,M'Dear and her sisters struggle to keep their singing act together before a church Christmas pageant while Grandpa teaches the kids a valuable lesson.
81157385,Saaho,Sujeeth,"Prabhas, Shraddha Kapoor, Jackie Shroff, Chunky Pandey, Neil Nitin Mukesh, Arun Vijay, Vennela Kishore, Murli Sharma, Lal, Prakash Belawadi, Mahesh Manjrekar, Tinnu Anand",India,TV-MA,172,"Action & Adventure, International Movies","In a fictional megalopolis, a stunning underworld theft triggers a fierce power struggle among the gangsters, with an enigmatic cop on their trail."
80223271,Nothing to Lose 2,Alexandre Avancini,"Petrônio Gontijo, Day Mesquita, Beth Goulart, Dalton Vigh, Eduardo Galvão, César Mello, Leonardo Franco, Raphael Viana, Otávio Martins",Brazil,PG-13,97,"Dramas, Faith & Spirituality, International Movies","As controversy surrounds the evangelical church he helped found, Edir Macedo must juggle betrayals, politics and personal loss in this biopic sequel."
80223779,Marriage Story,Noah Baumbach,"Scarlett Johansson, Adam Driver, Laura Dern, Alan Alda, Ray Liotta, Julie Hagerty, Merritt Wever, Azhy Robertson","United States, United Kingdom",R,137,Dramas,Academy Award-nominated filmmaker Noah Baumbach directs this incisive and compassionate look at a marriage coming apart and a family staying together.
81029841,A Christmas Prince: The Royal Baby,John Schultz,"Rose McIver, Ben Lamb, Alice Krige, Honor Kneafsey, Sarah Douglas, Andy Lucas, Raj Bajaj, Richard Ashton, Tahirah Sharif, Joel McVeagh, Theo Devaney, Kevin Shen, Momo Yeung, Crystal Yu, Billy Angel",,TV-PG,85,"Children & Family Movies, Dramas, Romantic Movies","Christmas brings the ultimate gift to Aldovia: a royal baby. But first, Queen Amber must save her family and kingdom by unwrapping a monarchy mystery."
81188871,Let's Dance,Ladislas Chollat,"Rayane Bensetti, Alexia Giordano, Guillaume de Tonquédec, Mehdi Kerkouche, Brahim Zaibat, Line Renaud","France, Belgium",TV-MA,109,"Dramas, International Movies, Romantic Movies","After his crew breaks up, a gifted but insecure hip-hop dancer teaches at a top ballet school in Paris, where he falls for an aspiring ballerina."
81177444,Aaviri,Ravi Babu,"Ravi Babu, Neha Chauhan, Sri Muktha, Bharani Shankar, Mukhtar Khan, Priya",,TV-14,110,"Horror Movies, International Movies, Thrillers","After losing their first child in an accident, a couple moves to a palatial home, where their young daughter comes under the spell of an eerie spirit."
81161834,Albert Pinto Ko Gussa Kyun Aata Hai?,Soumitra Ranade,"Nandita Das, Manav Kaul, Saurabh Shukla, Kishore Kadam, Omkar Das Manikpuri, Amarjeet Amle, Yusuf Hussain, Sushma Bakshi",India,TV-MA,85,"Dramas, Independent Movies, International Movies","As the police investigate his disappearance, a young man heads to Goa to carry out an act of vengeance fueled by years of pent-up anger toward society."
81038225,Benchwarmers 2: Breaking Balls,Jon Rosenbaum,"Chris Klein, Jon Lovitz, Chelsey Reist, Lochlyn Munro, Liam Hughes, Jill Morrison, Zak Santiago, Garfield Wilson, Jonathan Silverman",,PG-13,90,"Comedies, Sports Movies",A rookie lawyer with an emasculating past in baseball can break into the legal world only if he manages a law firm's ragtag company softball team.
81109078,How High 2,Bruce Leddy,"Lil Yachty, D.C. Young Fly, Alyssa Goss, DeRay Davis, Mary Lynn Rajskub, Blac Youngsta, Lil Baby, NeNe Leakes, Mike Epps, Al Shearer",United States,TV-MA,89,Comedies,"When a pair of friends uncover a weed Bible, their magical stash gets stolen, sending them on a pot-fueled quest through Atlanta to find it."
81078397,The First Temptation of Christ,Rodrigo Van Der Put,"Gregorio Duvivier, Fábio Porchat, Antonio Tabet, Evelyn Castro, Rafael Portugal, Robson Nunes, João Vicente de Castro, Estevam Nabote, Thati Lopes, Karina Ramil, Sura Berditchevsky, Fábio de Luca",Brazil,TV-MA,46,"Comedies, International Movies","Jesus, who's hitting the big 3-0, brings a surprise guest to meet the family. A Christmas special so wrong, it must be from comedians Porta dos Fundos."
80221271,Tiffany Haddish: Black Mitzvah,Linda Mendoza,Tiffany Haddish,United States,TV-MA,56,Stand-Up Comedy,"On her 40th birthday, Tiffany Haddish drops a bombastic special studded with singing, dancing and raunchy reflections on her long road to womanhood."
81167490,Wish Man,Theo Davies,"Andrew Steel, Kirby Bliss Blanton, Tom Sizemore, Danny Trejo, Frank Whaley, Robert Pine, Fay Masterson, Steven Michael Quezada, Bruce Davison, Dale Dickey, Kenny Roberts, Colin Edwards, Casey Stoner, Freddie Spencer",United States,TV-14,108,"Children & Family Movies, Dramas","After surviving a life-threatening accident, a troubled cop finds new purpose when he bonds with a terminally ill little boy. Based on a true story."
81043135,Hot Gimmick: Girl Meets Boy,Yuki Yamato,"Miona Hori, Hiroya Shimizu, Shotaro Mamiya, Mizuki Itagaki, Hiyori Sakurada, Kaisei Kamimura, Ai Yoshikawa, Ryohei Shima, Asuka Kurosawa, Kazuya Takahashi, Takashi Sorimachi, Riho Yoshioka",,TV-MA,120,"Dramas, International Movies","A quiet teen's life is shaken up when she's forced to be her arrogant neighbor's slave. He loves her, but they both have a lot to learn about trust."
81044813,The Secret Life of Pets 2,Chris Renaud,"Patton Oswalt, Kevin Hart, Tiffany Haddish, Jenny Slate, Eric Stonestreet, Harrison Ford, Dana Carvey, Nick Kroll, Lake Bell, Ellie Kemper, Bobby Moynihan, Hannibal Buress","United States, France, Japan",PG,86,"Children & Family Movies, Comedies","On a farm outside New York, Max aims to boost his confidence while in the city, Snowball attempts to rescue a tiger cub and Gidget pretends to be a cat."
81150338,The App,Elisa Fuksas,"Vincenzo Crea, Jessica Cressy, Greta Scarano, Maya Sansa, Abel Ferrara, Anita Kravos",Italy,TV-MA,79,"Dramas, Independent Movies, International Movies","While in Rome to shoot his first movie, actor and industrial heir Nick becomes obsessed with a dating app that sends him into a self-destructive spiral."
81164603,Doom: Annihilation,Tony Giglio,"Amy Manson, Dominic Mafham, Luke Allen-Gale, James Weber Brown, Clayton Adams, Nina Bergman, Amer Chadha-Patel, Gavin Brocker, Chidi Ajufo, Hari Dhillon, Katrina Nare",United States,R,97,"Action & Adventure, Horror Movies, Sci-Fi & Fantasy","When a swarm of soul-stealing demons invades a Martian moon, a group of elite space Marines must obliterate the beasts to save Earth."
81045499,Grand-Daddy Day Care,Ron Oliver,"Danny Trejo, Reno Wilson, Margaret Avery, Barry Bostwick, Julia Duffy, Anthony Gonzalez, Linda Gray, James Hong, Hal Linden, Alec Mapa",United States,PG-13,96,"Children & Family Movies, Comedies",A frustrated novelist with money problems opens an unsanctioned senior center at his house to make quick cash and occupy his cumbersome father-in-law.
81164636,Jarhead: Law of Return,Don Michael Paul,"Amaury Nolasco, Devon Sawa, Robert Patrick, Jeff Pierre, Ben Cross, Amos Tamam, Yael Eitan, Tsahi Halevi","Israel, United States",R,103,"Action & Adventure, Dramas","When a U.S. senator’s son is held captive by Hezbollah militiamen, a group of highly trained soldiers ventures into enemy territory to bring him home."
80208235,Sweetheart,J.D. Dillard,"Kiersey Clemons, Emory Cohen, Hanna Mangan Lawrence, Andrew Crawford, Benedict Samuel",United States,PG-13,83,"Horror Movies, Sci-Fi & Fantasy, Thrillers",A woman shipwrecked on a remote island discovers she’s not alone and begins a fight for survival against a deadly presence that emerges each night.
80244123,Como caído del cielo,Pepe Bojórquez,"Omar Chaparro, Ana Claudia Talancón, Stephanie Cayo, Yare Santana, Angélica María, Manuel 'Flaco' Ibáñez, Laura De Ita",Mexico,TV-14,117,"Comedies, International Movies, Music & Musicals","To earn his place in heaven, legendary Mexican actor-singer Pedro Infante is sent back to Earth in an impersonator's body to mend his womanizing ways."
81104634,John Mulaney & The Sack Lunch Bunch,Rhys Thomas,"John Mulaney, Alexander Bello, Tyler Bourke, Ava Briglia, Cordelia Comando, Camille De La Cruz, Oriah Elgrabli, Jake Ryan Flynn, Orson Hong, Isabella Iannelli, Jacob Laval, Suri Marrero, Zell Steele Morrow, Jonah Mussolino, Lexi Perkel, Linder Sutton",United States,TV-PG,70,"Children & Family Movies, Comedies","John Mulaney and his kid pals tackle existential topics for all ages with catchy songs, comedy sketches and special guests in a nostalgic variety special."
81014479,Jacob's Ladder,David M. Rosenthal,"Michael Ealy, Jesse Williams, Nicole Beharie, Guy Burnet, Joseph Sikora, Karla Souza, Ritchie Coster, Jon Eyez",United States,R,90,Thrillers,"After being reunited with a brother he thought was killed in combat, a former army medic begins to experience violent, paranoid visions."
81108479,Back of the Net,Louise Alston,"Sofia Wylie, Tiarnie Coupland, Trae Robin, Gemma Chua-Tran, Ashleigh Ross, Yasmin Honeychurch, Raj Labade, Christopher Kirby, Melissa Bonne, Kate Box",Australia,TV-G,86,"Children & Family Movies, Sports Movies",An American science geek ready to spend a summer at sea accidentally ends up at an Australian soccer academy and is forced to kick it with the locals.
80174451,The Two Popes,Fernando Meirelles,"Anthony Hopkins, Jonathan Pryce, Juan Minujín","United Kingdom, Italy, Argentina, United States",PG-13,126,Dramas,"At a key turning point for the Catholic Church, Pope Benedict XVI forms a surprising friendship with the future Pope Francis. Inspired by true events."
81070659,Ronny Chieng: Asian Comedian Destroys America!,Sebastian DiNatale,Ronny Chieng,United States,TV-MA,63,Stand-Up Comedy,"Ronny Chieng (""The Daily Show,"" ""Crazy Rich Asians"") takes center stage in this stand-up special and riffs on modern American life and more."
81135444,Holy Expectations,Fernando Ayllón,"Adriana Botina, Fernando Ramos, Isabella Sierra, Joavany Álvarez, Christian López, Omar Murillo, Nelson Polanía, Carlos Barbosa, José Manuel Ospina, Aída Morales",,TV-PG,89,"Children & Family Movies, Comedies, International Movies","With a short life expectancy, a young girl uses faith and her vivid imagination to navigate adversity and create a story that impacts all around her."
81001887,6 Underground,Michael Bay,"Ryan Reynolds, Mélanie Laurent, Corey Hawkins, Dave Franco, Adria Arjona, Manuel Garcia-Rulfo, Ben Hardy, Lior Raz, Payman Maadi, Yuri Kolokolnikov, Kim Kold",United States,R,129,"Action & Adventure, Dramas","After faking his death, a tech billionaire recruits a team of international operatives for a bold and bloody mission to take down a brutal dictator."
81210770,The 9th Precinct,Ding-Lin Wang,"Roy Chiu, Chia-Chia Peng, Wen Chen-ling, Eugenie Liu, Yeo Yann Yann",Taiwan,TV-14,95,"International Movies, Thrillers",An idealistic cop joins an underground police unit and battles ghoulish forces threatening the balance between the human and the supernatural realms.
81060232,Jack Whitehall: Christmas with My Father,Richard van't Riet,"Jack Whitehall, Michael Whitehall, Hugh Bonneville, Graham Norton, Layton Williams, Andrew Lloyd Webber, Tim Rice, Tan France, Antoni Porowski, Jonathan Van Ness",United Kingdom,TV-MA,65,Stand-Up Comedy,"Jack Whitehall invites his notoriously stuffy father onstage in London's West End for a Christmas comedy extravaganza, complete with celebrity guests."
81037373,The Sky Is Pink,Shonali Bose,"Rohit Saraf, Zaira Wasim, Farhan Akhtar, Priyanka Chopra","India, United Kingdom, Canada, United States",TV-14,143,"Dramas, International Movies","After succumbing to her terminal illness, a teenager posthumously narrates her parents’ tenacious relationship in this drama based on a true story."
81036542,Michelle Wolf: Joke Show,Lance Bangs,Michelle Wolf,United States,TV-MA,60,Stand-Up Comedy,"Comedian Michelle Wolf takes on outrage culture, massages, childbirth, feminism and much more (like otters) in a stand-up special from New York City."
81148811,A Cinderella Story: Christmas Wish,Michelle Johnston,"Laura Marano, Gregg Sulkin, Isabella Gomez, Johannah Newmarch, Lillian Doucet-Roche, Chanelle Peloso, Barclay Hope, Garfield Wilson",United States,PG,86,"Children & Family Movies, Comedies, Music & Musicals","Despite her vain stepmother and mean stepsisters, an aspiring singer works as an elf at a Christmas tree lot and finds her own holiday miracle."
81217745,Baby Dolls,Vijay Kumar Arora,"Nirmal Rishi, Sonam Bajwa, Sukhwinder Chahal, Tania, Gurnam Bhullar",India,TV-14,127,"Comedies, International Movies, Romantic Movies","When two sisters travel from Canada to Punjab to visit their maternal family, they discover an opportunity to mend a broken bond with their grandmother."
81165325,Dead Kids,Mikhail Red,"Khalil Ramos, Vance Larena, Kelvin Miranda, Jan Silverio, Markus Paterson, Gabby Padilla, Sue Ramirez",Philippines,TV-MA,94,"Dramas, International Movies, Thrillers",A socially awkward teen bonds with a group of misfits who plot to abduct the school's arrogant rich kid – until their kidnapping scheme turns deadly.
81217746,High End Yaariyan,Pankaj Batra,"Ninja, Ranjit Bawa, Jassi Gill, Musskan Sethi, Navneet Kaur Dhillon, Neet Mahal, Aarushi Sharma",India,TV-14,120,"Comedies, International Movies, Romantic Movies","From romantic pursuits to their friendship, a trio of young men navigate the complexities of relationships while sharing a London apartment."
81184705,Tee Shot: Ariya Jutanugarn,Tanawat Aiemjinda,"Krissiri Sukhsvasti, Atchareeya Potipipittanakorn, Thaneth Warakulnukroh, Hattaya Wongkrachang, Somlek Sakdikul, Marinda Halpin, Gulsara Panyam, Kongkid Visessiri",,TV-14,103,"Children & Family Movies, Dramas, International Movies","This biopic follows pro golfer Ariya Jutanugarn's journey to the LPGA tour, from child prodigy to her number-one ranking in the world."
81169158,Wandering Stars,"Syrine Boulanouar, Nekfeu",Nekfeu,France,TV-MA,95,"Documentaries, International Movies, Music & Musicals","Navigating creative pressures and personal upsets, French rapper Nekfeu sets out on a global quest for musical inspiration in this documentary."
81156592,Colin Quinn: Red State Blue State,Robert Moresco,Colin Quinn,,TV-14,66,Stand-Up Comedy,Stand-up comedian Colin Quinn calls out the hypocrisies of the left and the right in this special based on his politically charged Off-Broadway show.
81091977,Rocko's Modern Life: Static Cling,"Joe Murray, Cosmo Segurson","Carlos Alazraqui, Tom Kenny, Charlie Adler, Jill Talley, Mr. Lawrence, Joe Murray",United States,TV-Y7,46,"Children & Family Movies, Comedies, LGBTQ Movies","After 20 years in space, Rocko struggles to adjust to life in 21st century O-Town and makes it his mission to get his favorite show back on the air."
81153372,Westside vs. the World,Michael Fahey,"Ron Perlman, Louie Simmons",,TV-MA,96,"Documentaries, Sports Movies","A look into the journey of influential strength coach Louie Simmons and the Westside Barbell gym he founded, evolving the sport of powerlifting."
81112446,Badla,Sujoy Ghosh,"Amitabh Bachchan, Taapsee Pannu, Amrita Singh, Tony Luke, Manav Kaul",India,TV-14,117,"International Movies, Thrillers","When a woman is accused of killing her lover, a renowned lawyer is hired – but the more they try to  untangle the truth, the more convoluted it becomes."
81088318,The Pursuit,John Papola,Arthur Brooks,United States,TV-14,76,Documentaries,"In a time of turbulence for the free market system, one economist explores how it has lifted billions out of poverty, and might just save us all."
81143771,Enter the Anime,Alex Burunova,"Kozo Morishita, Yoko Takahashi, Shinji Aramaki, Kenji Kamiyama","United States, Japan",TV-MA,59,"Documentaries, International Movies","What is anime? Through deep-dives with notable masterminds of this electrifying genre, this fast-paced peek behind the curtain seeks to find the answers."
81034010,Back to School,"Rémy Four, Julien War","Ludovik, Jérôme Niel, Nicolas Berno, Johann Dionnet, Caroline Anglade, Joséphine Draï, Pauline Deshons, Marc Riso, Romain Lancry, Nicolas Lumbreras, Claire Tran, Pitcho Womba Konga",,TV-MA,84,"Comedies, International Movies","Eager to flaunt their success in front of old bullies and teenage crushes, two best friends spend a wild night at their middle school reunion."
81141694,Mi amigo Alexis,Alejandro Fernández Almendras,"Luciano González, Alexis Sánchez, Daniel Muñoz, Ignacia Uribe, Marco Baeza, Manuela Oyarzún, Camilo Carmona, Alejandra Yañez, Lorna Campos, Gustavo Becerra",Chile,TV-PG,102,"Children & Family Movies, Comedies, Dramas","When a young soccer fan and his idol forge an unexpected friendship, the connection teaches them both lessons about life and their love of the game."
81167494,Expo,Joseph Mbah,"Derek Davenport, Amelia Haberman, Shepsut Wilson, Titus Covington, Hayley Vrana, Michael Alvarez, Richard Lippert, Alfoniso Lopez",United States,TV-14,81,"Action & Adventure, Dramas, Independent Movies","Mistakenly accused of kidnapping, a veteran soldier leaves a trail of broken bad guys in his wake as he tries to rescue a teen sex trafficking victim."
80999781,Falling Inn Love,Roger Kumble,"Christina Milian, Adam Demos, Jeffrey Bowyer-Chapman, Anna Jullienne, Claire Chitham, Blair Strang, Jonathan Martin, William Walker, Daniel Watterson, Simone Walker",United States,TV-PG,98,"Comedies, Romantic Movies","When a San Francisco exec wins a New Zealand inn, she ditches city life to remodel and flip the rustic property with help from a handsome contractor."
80997400,Kardec,Wagner de Assis,"Leonardo Medeiros, Sandra Corveloni, Genezio de Barros, Guilherme Piva, Leonardo Franco, Dalton Vigh, Charles Baudin, Julia Konrad",Brazil,TV-14,110,"Dramas, Faith & Spirituality, International Movies","In Catholic 19th-century France, professor Léon Rivail attends a séance and is moved to found spiritism, putting him in the authorities' sights."
81046796,Travis Scott: Look Mom I Can Fly,White Trash Tyler,Travis Scott,United States,TV-MA,85,"Documentaries, Music & Musicals","While crafting his Grammy-nominated album ""Astroworld,"" Travis Scott juggles controversy, fatherhood and career highs in this intimate documentary."
81140577,Dave Chappelle: Sticks & Stones,Stan Lathan,Dave Chappelle,United States,TV-MA,66,Stand-Up Comedy,"Dave Chappelle takes on gun culture, the opioid crisis and the tidal wave of celebrity scandals in a defiant stand-up special filmed in Atlanta."
81145277,Fanatic,Keith L. Smith,"Denyce Lawton, Hosea Chanchez, Michelle Mitchenor, Darius McCrary, Shawne Merriman, Sticky Fingaz, Miguel A. Núñez Jr., Masika Kalysha, Zac Titus",United States,TV-14,91,Thrillers,"When a successful young rap star has an affair with an obsessive fan, his life is turned upside down when she kidnaps him."
81155859,Kaake Da Viyah,Rai Yuvraj Bains,"Priti Sapru, Nirmal Rishi, Jordan Sandhu, Prabh Grewal, Karamjit Anmol, Harby Sangha, Gurmeet Sajan, Prince Kanwaljit Singh",India,TV-PG,133,"Comedies, Dramas, International Movies","In this zany comedy, a man is torn between the girl he loves and the respective women his warring mother and grandmother have chosen for him to marry."
81147910,Mayday Life,Muh Chen,"Mayday, Huang Bo, Tony Leung Ka-fai","China, Taiwan",TV-PG,120,"International Movies, Music & Musicals",Mayday's Life Tour concert unfolds as five fading superheroes are summoned to save the world from an extraterrestrial enemy that detests sound.
81155802,Saavat,Saurabh Sinha,"Smita Tambe, Milind Shirole, Shwetambari Ghute, Shitanshu Kumar Sharad, Nishikant Rawji, Sanjivani Khanvilkar",India,TV-14,118,"Dramas, Independent Movies, International Movies","In rural India, a detective's investigation of seven confounding suicides uncovers revelations about the myths and mindsets of the rest of the village."
81151880,Game Over (Hindi Version),Ashwin Saravanan,"Taapsee Pannu, Vinodhini, Parvathi T, Ramya Subramanian, Sanchana Natarajan, Anish Kuruvilla, David Solomon Raja","India, Turkey",TV-MA,98,"Horror Movies, International Movies, Thrillers","As a series of murders hit close to home, a video game designer with post-traumatic stress must confront her demons, or risk becoming their victim."
81151877,Game Over (Tamil Version),Ashwin Saravanan,"Taapsee Pannu, Vinodhini, Parvathi T, Ramya Subramanian, Sanchana Natarajan, Anish Kuruvilla, David Solomon Raja","India, Turkey",TV-MA,98,"Horror Movies, International Movies, Thrillers","As a series of murders hit close to home, a video game designer with post-traumatic stress must confront her demons, or risk becoming their victim."
81151878,Game Over (Telugu Version),Ashwin Saravanan,"Taapsee Pannu, Vinodhini, Parvathi T, Ramya Subramanian, Sanchana Natarajan, Anish Kuruvilla, David Solomon Raja","India, Turkey",TV-MA,98,"Horror Movies, International Movies, Thrillers","As a series of murders hit close to home, a video game designer with PTSD must confront her demons, or risk becoming their victim."
81045860,Simon Amstell: Set Free,Julia Knowles,Simon Amstell,,TV-MA,52,Stand-Up Comedy,"Honest, introspective comic Simon Amstell digs deep and delivers a uniquely vulnerable stand-up set on love, ego, intimacy and ayahuasca."
81150918,Léa & I,Camille Shooshani,"Léa Moret, Camille Shooshani",,TV-MA,84,Documentaries,Best friends Léa and Camille explore the notion of healing while traveling to Latin America in search of a cure for a terminal disease.
81155803,Uriyadi 2,Vijay Kumar,"Vijay Kumar, Vismaya, Shankar Thas, Abbas, Sudhakar, Durai Ramesh",India,TV-MA,116,"Dramas, International Movies","When a chemical plant's poor conditions cause tragedies, an employee leads a protest against the company’s callous owner and local politicians."
81092330,For Love or Money,Mark Murphy,"Robert Kazinsky, Samantha Barks, Ed Speleers, Tony Way, Rachel Hurd-Wood, Ivan Kaye, Anna Chancellor, David Hargreaves, Tanya Reynolds",United Kingdom,TV-MA,95,Comedies,"When a goofy but likable millionaire discovers his fiancée’s plan to steal his wealth, he devises an unromantic scheme to make her life a living hell."
80231419,Sextuplets,Michael Tiddes,"Marlon Wayans, Bresha Webb, Michael Ian Black, Glynn Turman, Molly Shannon, Debbi Morgan",United States,TV-14,100,Comedies,"When a dad-to-be learns he's actually a sextuplet, he sets off on a wild journey to meet his long-lost family. Marlon Wayans stars as all six siblings."
80235578,The Little Switzerland,Kepa Sojo,"Jon Plazaola, Maggie Civantos, Ingrid García Jonsson, Lander Otaola, Secun de la Rosa, Ramón Barea, Maribel Salas, Mikel Losada, Pepe Rapazote, Enrique Villén, Kandido Uranga, Anabela Teixeira, Karra Elejalde, Antonio Resines",Spain,TV-MA,86,"Comedies, International Movies",The discovery of the tomb of William Tell’s son in a town in the Basque Country spurs the village's cantankerous citizens to lobby for Swiss annexation.
81154987,Chhota Bheem Kungfu Dhamaka,"Rajiv Chilaka, Binayak Das","Sonal Kaushal, Rupa Bhimani, Jigna Bharadhwaj, Sabina Malik, Julie Tejwani, Rajesh Kava, Vaibhav Thakkar, Samriddhi Shuklaa, Aditya Raj Sharma, Vinod Kulkarni",India,TV-Y7-FV,112,Children & Family Movies,Chhota Bheem is in China for a martial arts competition but his real challenge: to save the emperor’s daughter from being kidnapped by the villain Zuhu!
81004321,Whindersson Nunes: Adult,Diego Pignataro,Whindersson Nunes,Brazil,TV-MA,69,Stand-Up Comedy,Brazilian YouTube sensation Whindersson Nunes revisits his humble beginnings and much more in a series of playful stories and peculiar songs.
81147274,Uyare,Manu Ashokan,"Parvathy, Asif Ali, Tovino Thomas, Siddique, Pratap Pothan, Samyuktha Menon, Anarkali Marikar, Prem Prakash",India,TV-14,119,"Dramas, International Movies",An aspiring pilot fights for her future – and justice – after surviving an acid attack from her abusive boyfriend.
81147278,90 ML,Anita Udeep,"Oviya, Masoom Shankar, Bommu Lakshmi, Monisha Ram, Tej Raj, Shree Gopika, Anson Paul, Devadarshini Chetan",India,TV-14,123,"Comedies, International Movies, Music & Musicals",Four friends shake up their lives when they meet a new woman in their apartment complex who encourages them to embrace their wild sides.
81146011,Calum von Moger: Unbroken,Vlad Yudin,Calum Von Moger,United States,TV-MA,93,"Documentaries, Sports Movies","Bodybuilder and two-time Mr. Universe, Calum von Moger, reflects on his rise to fame and battle to come back from a debilitating injury."
81091424,Petta (Telugu Version),Karthik Subbaraj,"Rajnikanth, Vijay Sethupathi, M. Sasikumar, Nawazuddin Siddiqui, Trisha Krishnan, Simran",India,TV-14,170,"Action & Adventure, Comedies, Dramas","An affable, newly appointed college warden proves to be no ordinary man when an old enemy resurfaces and exposes his complicated, violent past."
80232502,Alien Warfare,Jeremiah Jones,"Clayton Snyder, David Meadows, Daniel Washington, Scott C. Roe, Larissa Andrade, Sal Rendino, Jose Guns Alves, Scott King",United States,TV-MA,88,"Action & Adventure, Sci-Fi & Fantasy",The U.S. Navy Seal team tackles a top-secret mission at a research center where scientists have mysteriously disappeared and another life form awaits.
81088786,Backfire,Dave Patten,"Black Deniro, Byron ""Squally"" Vinson, Dominic Costa, Nick Ferraro, Peter Ferriero, Jowharah Jones",United States,TV-MA,97,"Dramas, Independent Movies, Thrillers","When two would-be robbers accidentally kill a made man, they find themselves on the run from the South Philly Italian mob."
81091423,Petta,Karthik Subbaraj,"Rajnikanth, Vijay Sethupathi, M. Sasikumar, Nawazuddin Siddiqui, Trisha Krishnan, Simran",India,TV-14,170,"Action & Adventure, Comedies, Dramas","An affable, newly appointed college warden proves to be no ordinary man when an old enemy resurfaces and exposes his complicated, violent past."
81034317,Unicorn Store,Brie Larson,"Brie Larson, Samuel L. Jackson, Joan Cusack, Bradley Whitford, Mamoudou Athie, Hamish Linklater, Martha MacIsaac, Karan Soni, Annaleigh Ashford",United States,TV-PG,92,"Comedies, Dramas, Independent Movies","After failing out of art school and taking a humdrum office job, a whimsical painter gets a chance to fulfill her lifelong dream of adopting a unicorn."
81029737,A Home with A View,Herman Yau,"Francis Chun-Yu Ng, Louis Koo, Anita Yuen, Tat-Ming Cheung, Jocelyn Choi, Ng Siu-hin, Lam Suet, Anthony Wong Chau-Sang, Lo Hoi-pang",Hong Kong,TV-MA,92,"Comedies, International Movies","When a neighbor blocks their view of the city with a commercial billboard, a Hong Kong family resorts to drastic, imaginative measures to take it down."
80227677,Anthony Jeselnik: Fire in the Maternity Ward,Marcus Raboy,Anthony Jeselnik,United States,TV-MA,64,Stand-Up Comedy,"Forging his own comedic boundaries, Anthony Jeselnik revels in getting away with saying things others can't in this stand-up special shot in New York."
81026008,Ricardo Quevedo: Los amargados somos más,Fernando Ayllón,Ricardo Quevedo,,TV-MA,59,Stand-Up Comedy,"From how social media can ruin relationships to the perils of buying a gift for a woman, comic Ricardo Quevedo dissects life's trials and tribulations."
80992501,Loving is Losing,Fernando Ayllón,"Ricardo Quevedo, Liss Pereira, Iván Marín, Lorna Cepeda, Carolina Sarmiento, Linda Baldrich, Joavany Álvarez, María Cecilia Botero, Rocío Tavera, Bruno Díaz",Colombia,TV-MA,91,"Comedies, International Movies, Romantic Movies","When a newly single photographer is forced to work with a longtime rival, the battle of their egos turns into a chance for love."
81076251,Money Trap,Yılmaz Erdoğan,"Yılmaz Erdoğan, Kıvanç Tatlıtuğ, Ezgi Mola, Bensu Soral, Rıza Kocaoğlu, Okan Çabalar, Güven Kıraç, Ahmet Mümtaz Taylan",Turkey,TV-MA,122,"Comedies, Dramas, International Movies","When his daughter and son-in-law fall prey to a scam, Istanbul con man Asım Noyan meets his match in a madcap kingpin of an underground gambling world."
81076749,Ek Ladki Ko Dekha Toh Aisa Laga,Shelly Chopra Dhar,"Anil Kapoor, Sonam Kapoor, Rajkummar Rao, Juhi Chawla, Abhishek Duhan, Regina Cassandra, Madhumalti Kapoor, Seema Pahwa, Brijendra Kala, Alka Badola Kaushal",India,TV-14,120,"Comedies, Dramas, International Movies","As her family seeks to marry her off and a hopeful writer pursues her, a small-town woman struggles to reveal the long-hidden truth about who she loves."
80174687,Kevin Hart: Irresponsible,Leslie Small,Kevin Hart,United States,TV-MA,60,Stand-Up Comedy,"As a father of three on his second marriage, Kevin Hart proves that being him is indeed a tall order in a fresh special inspired by his own mistakes."
81010166,Brené Brown: The Call to Courage,Sandra Restrepo,Brené Brown,,TV-14,77,Documentaries,"With humor and empathy, Brené Brown discusses what it takes to choose courage over comfort in a culture defined by scarcity, fear and uncertainty."
81033430,Music Teacher,Sarthak Dasgupta,"Manav Kaul, Amrita Bagchi, Divya Dutta, Neena Gupta, Niharika Lyra Dutt, K.C. Shankar",India,TV-14,102,"Dramas, Independent Movies, International Movies",A dejected small-town music teacher grapples with guilt and regret when his ex-pupil who once loved him returns home as the star he always wanted to be.
80202920,Someone Great,Jennifer Kaytin Robinson,"Gina Rodriguez, Brittany Snow, DeWanda Wise, Lakeith Stanfield, RuPaul Charles, Peter Vack, Alex Moffat, Rosario Dawson, Rebecca Naomi Jones, Jaboukie Young-White, Michelle Buteau, Questlove",United States,R,92,"Comedies, Romantic Movies","On the heels of a blindsiding breakup, music journalist Jenny braces for a new beginning – and one last adventure with her closest friends."
81080942,The Ruthless,Renato De Maria,"Riccardo Scamarcio, Sara Serraiocco, Alessio Praticò, Alessandro Tedeschi, Marie-Ange Casta","Italy, France",TV-MA,111,"Dramas, International Movies",A rebellious teen grows up to become one of Milan's most ambitious criminals during the golden years of the 'ndrangheta Mafia in the 1980s.
81006826,Franco Escamilla: Bienvenido al mundo,Ulises Valencia,Franco Escamilla,Mexico,TV-MA,54,Stand-Up Comedy,"Comedian Franco Escamilla shares stories about parenting his children when they get into trouble, with reflections on gender, friendship and romance."
81013626,HOMECOMING: A film by Beyoncé,Beyoncé Knowles-Carter,Beyoncé Knowles-Carter,,TV-MA,138,"Documentaries, Music & Musicals","This intimate, in-depth look at Beyoncé's celebrated 2018 Coachella performance reveals the emotional road from creative concept to cultural movement."
81090128,The Creative Brain,"Jennifer Beamish, Toby Trackman",David Eagleman,United States,TV-14,53,Documentaries,"Neuroscientist David Eagleman taps into the creative process of various innovators while exploring brain-bending, risk-taking ways to spark creativity."
81041391,A Land Imagined,Yeo Siew Hua,"Peter Yu, Liu Xiaoyi, Guo Yue, Ishtiaque Zico, Jack Tan","France, Netherlands, Singapore",TV-MA,95,"Dramas, International Movies",A cop in Singapore investigates the disappearance of a Chinese migrant construction worker who spent sleepless nights playing a mysterious video game.
81018120,Who Would You Take to a Deserted Island?,Jota Linares,"María Pedraza, Jaime Lorente, Pol Monen, Andrea Ros",Spain,TV-MA,94,"Dramas, International Movies","On their last night together, four longtime flatmates' lives are suddenly upended when a secret is revealed during the course of an evening celebration."
81019888,The Perfect Date,Chris Nelson,"Noah Centineo, Laura Marano, Camila Mendes, Odiseas Georgiadis, Matt Walsh, Joe Chrest, Carrie Lazar, Alex Biglane, Blaine Kern III, Zak Steiner",United States,TV-14,91,"Comedies, Romantic Movies","To earn money for college, a high schooler launches an app offering his services as a fake date. But when real feelings emerge, things get complicated."
81026007,Liss Pereira: Reteniendo líquidos,Fernando Ayllón,Liss Pereira,Brazil,TV-14,59,Stand-Up Comedy,"A pregnant Liss Pereira shares hilariously uncomfortable truths about sex, love, attraction and the lies we tell in modern relationships."
81021447,The Silence,John R. Leonetti,"Stanley Tucci, Kiernan Shipka, Miranda Otto, Kate Trotter, John Corbett, Kyle Breitkopf, Dempsey Bryk, Billy MacLellan",Germany,TV-14,91,"Horror Movies, Thrillers","With the world under attack by deadly creatures who hunt by sound, a teen and her family seek refuge outside the city and encounter a mysterious cult."
81086434,706,Shravan Kumar,"Divya Dutta, Atul Kulkarni, Mohan Agashe, Anupam Shyam, Raayo S. Bakhirta, Yashvit Sancheti, Greeva Kansara, Archan Trivedi, Rajiv Pathak",India,TV-14,118,"Horror Movies, International Movies","When a doctor goes missing, his psychiatrist wife treats the bizarre medical condition of a psychic patient, who knows much more than he's leading on."
80988892,Next Gen,"Kevin R. Adams, Joe Ksander","John Krasinski, Charlyne Yi, Jason Sudeikis, Michael Peña, David Cross, Constance Wu","China, Canada, United States",TV-PG,106,"Children & Family Movies, Comedies, Sci-Fi & Fantasy","When lonely Mai forms an unlikely bond with a top-secret robot, they embark on an intense, action-packed adventure to foil the plot of a vicious villain."
80239639,Sierra Burgess Is A Loser,Ian Samuels,"Shannon Purser, Kristine Froseth, RJ Cyler, Noah Centineo, Loretta Devine, Giorgia Whigham, Alice Lee, Lea Thompson, Alan Ruck, Mary Pat Gleason, Chrissy Metz",United States,PG-13,106,"Comedies, Romantic Movies",A wrong-number text sparks a virtual romance between a smart but unpopular teen and a sweet jock who thinks he's talking to a gorgeous cheerleader.
80159586,The Most Assassinated Woman in the World,Franck Ribière,"Anna Mouglalis, Niels Schneider, André Wilms, Michel Fau, Sissi Duparc, Jean-Michel Balthazar, Julie Recoing, Eric Godon, Maya Coline, Constance Dollé","Belgium, United Kingdom, United States",TV-MA,102,"Dramas, International Movies, Thrillers","In 1930s Paris, an actress famous for her gory death scenes at the Grand Guignol Theater contends with a mysterious stalker and ghosts from her past."
81113928,Care of Kancharapalem,Maha Venkatesh,"Subba Rao Vepada, Radha Bessy, Kesava Karri, Nithyasri Goru, Karthik Rathnam, Praneetha Patnaik, Mohan Bhagath, Praveena Paruchuri",,TV-14,142,"Comedies, Dramas, Independent Movies","From a schoolboy’s crush to a middle-aged bachelor’s office romance, four love stories spanning age, religion and status unfold in a small Indian town."
81052275,Ee Nagaraniki Emaindi,Tharun Bhascker,"Vishwaksen Naidu, Sushanth Reddy, Abhinav Gomatam, Venkatesh Kakumanu, Anisha Ambrose, Simran Choudhary",India,TV-14,133,"Comedies, International Movies","In Goa and in desperate need of cash, four childhood friends get another shot at making their long-abandoned dreams of becoming filmmakers come true."
80201906,Black Panther,Ryan Coogler,"Chadwick Boseman, Michael B. Jordan, Lupita Nyong'o, Danai Gurira, Martin Freeman, Daniel Kaluuya, Letitia Wright, Winston Duke, Sterling K. Brown, Angela Bassett, Forest Whitaker, Andy Serkis, Florence Kasumba, John Kani, David S. Lee, Stan Lee",United States,PG-13,135,"Action & Adventure, Sci-Fi & Fantasy","T'Challa, the superpowered new leader of the hidden, highly advanced African nation of Wakanda, strives to protect his home from enemies old and new."
80198585,The Debt Collector,Jesse V. Johnson,"Scott Adkins, Louis Mandylor, Vladimir Kulich, Michael Paré, Rachel Brann, Selina Lo, Tony Todd","United Kingdom, United States",TV-MA,96,Action & Adventure,"A broke martial arts instructor takes a side gig with a mobster, who pairs him with a veteran thug for a weekend of fisticuffs-fueled debt collection."
81011955,Paradise Lost,Monique Gardenberg,"Júlio Andrade, Lee Taylor, Hermila Guedes, Julia Konrad, Erasmo Carlos, Marjorie Estiano, Seu Jorge, Jaloo, Felipe Abib, Humberto Carrão, Malu Galli",Brazil,TV-MA,111,"Dramas, Independent Movies, International Movies","A cop moonlights as the bodyguard for a young drag queen at a nightclub, and grows closer to the family of misfit singers that perform there."
81004470,Animal World,Han Yan,"Li Yi Feng, Zhou Dongyu, Michael Douglas, Bingkun Cao, Ge Wang, Keanu Chi, Zhang Jungyi, Yijuan Li, Su Ke",China,TV-MA,130,"Action & Adventure, International Movies, Sci-Fi & Fantasy","An unlucky, debt-ridden teen resorts to his math skills when he's forced into a deadly tournament of rock-paper-scissors run by a diabolical host."
80157072,Hold the Dark,Jeremy Saulnier,"Jeffrey Wright, Alexander Skarsgård, James Badge Dale, Riley Keough, Julian Black Antelope, Tantoo Cardinal, Macon Blair, Jonathan Whitesell, Peter McRobbie",United States,TV-MA,126,"Action & Adventure, Dramas","In the grim Alaskan winter, a naturalist hunts for wolves blamed for killing a local boy, but he soon finds himself swept into a chilling mystery."
81016750,The 3rd Eye,Rocky Soraya,"Jessica Mila, Denny Sumargo, Citra Prima, Bianca Hello, Epy Kusnandar, Anita Hara, Derry Drajat, Voke Victoria, Shofia Shireen, Afdhal Yusman",Indonesia,TV-MA,108,"Horror Movies, International Movies","When her little sister claims she sees the dead, Alia consults a psychic, who opens her own eyes to the vengeful ghosts haunting their childhood home."
81132443,Deliha 2,Gupse Özay,"Gupse Özay, Eda Ece, Aksel Bonfil, Derya Alabora, Esin Eden, Hülya Duyar, Ali Çelik, Mert Öner",Turkey,TV-PG,102,"Comedies, International Movies","While chasing her dream of becoming a chef, Zeliha cooks up trouble in the kitchen with her wild, kooky and unsuspecting ways."
80215923,The Hurricane Heist,Rob Cohen,"Toby Kebbell, Maggie Grace, Ryan Kwanten, Ralph Ineson, Melissa Bolona, Ben Cross, Jamie Andrew Cutler",United States,PG-13,103,Action & Adventure,A deadly hurricane with mile-high waves provides the perfect cover for stealing $600 million from a U.S. Treasury outpost in Mississippi.
80208155,A Wrinkle in Time,Ava DuVernay,"Storm Reid, Oprah Winfrey, Reese Witherspoon, Mindy Kaling, Deric McCabe, Levi Miller, Chris Pine, Gugu Mbatha-Raw, Zach Galifianakis, Michael Peña, Bellamy Young, André Holland, Will McCormack, Rowan Blanchard, Daniel MacPherson",United States,PG,110,Children & Family Movies,"Years after their father disappears, Meg and her younger brother Charles Wallace cross galaxies on a quest to save him from the heart of darkness."
80208906,Under the Eiffel Tower,Archie Borders,"Matt Walsh, Judith Godreche, Reid Scott, Michaela Watkins, David Wain, Gary Cole",United States,TV-MA,87,"Comedies, Independent Movies, Romantic Movies",An American man in the midst of a mid-life crisis travels to the French countryside to find a new lease on life.
80211380,In Darkness,Anthony Byrne,"Natalie Dormer, Ed Skrein, Emily Ratajkowski, Neil Maskell, Jan Bijvoet, James Cosmo, Joely Richardson","United Kingdom, United States",TV-MA,101,"Independent Movies, International Movies, Thrillers","A blind pianist fears for her life after the suspicious death of her neighbor, the daughter of a businessman accused of war crimes."
81172721,King of Boys,Kemi Adetiba,"Sola Sobowale, Adesua Etomi, Remilekun Safaru, iLLBLISS, Toni Tones, Paul Sambo, Jide Kosoko, Sharon Ooja",Nigeria,TV-MA,182,"Dramas, International Movies","When a powerful businesswoman’s political ambitions are threatened by her underworld connections, the ensuing power struggle could cost her everything."
81172727,Merry Men: The Real Yoruba Demons,Toka McBaror,"Ramsey Nouah, Jim Iyke, Ayo Makun, Falz, Richard Mofe-Damijo, Iretiola Doyle, Damilola Adegbite, Rosaline Meurer, Jide Kosoko, Ali Nuhu, Segun Arinze, Francis Duru",Nigeria,TV-MA,106,"Comedies, International Movies","Four of the richest bachelors in Abuja, Nigeria enjoy a life of fast cars, palatial homes and female attention while concealing their true activities."
80102952,Quincy,"Rashida Jones, Alan Hicks",Quincy Jones,United States,TV-MA,124,"Documentaries, Music & Musicals","This documentary profiles music and culture icon Quincy Jones, offering unprecedented access to his private life and stories from his unparalleled career."
81132439,Travel Mates 2,Bedran Güzel,"Oğuzhan Koç, İbrahim Büyükak, Ezgi Eyüboğlu, Olgun Toker, Kadir Polatçi, Aycan Koptur, Bahar Şahin, Kıvanç Baran Arslan",Turkey,TV-14,111,"Comedies, International Movies","When struggling singer Onur decides to return to his old job, incurable klutz Şeref organizes a surprise tour full of pitfalls and mishaps."
80987075,Class Rank,Eric Stoltz,"Olivia Holt, Skyler Gisondo, Kristin Chenoweth, Bruce Dern, Nick Krause, Kathleen Chalfant, Peter Maloney, Rod McLachlan, Hawn Tran, Danni Wang",United States,TV-14,103,Comedies,"When her class rank threatens her college plans, an ambitious teen convinces a nerdy peer to run for the school board to abolish the ranking system."
81018233,Eeda,Ajithkumar,"Shane Nigaam, Nimisha Sajayan, Manikandan R. Achari, Alencier Ley Lopez, Sujith Sankar, P. Balachandran, Sudhi Koppa",India,TV-14,153,"Dramas, International Movies, Romantic Movies",Two young adults with families on opposite ends of the political spectrum fall in love in a Kerala city torn by violence.
81018234,​Goli Soda 2,Vijay Milton,"Samuthirakani, Bharath Seeni, Vinoth, Esakki Barath, Chemban Vinod Jose, Gautham Menon, Krisha Kurup, Subiksha",India,TV-MA,128,"Action & Adventure, Dramas, International Movies","A taxi driver, a gangster and an athlete struggle to better their lives despite obstacles like crooked politicians, evil dons and caste barriers."
81016339,The Secret,"Raffi Ahmad, Arie Azis","Nagita Slavina, Raffi Ahmad, Marshanda, Roy Marten, Kanaya Gleadys, Kartika Putri, Tyas Mirasih, Wika Salim",,TV-MA,98,"Horror Movies, International Movies","Learning that her father has married a woman her own age, Kanaya leaves home, only to get into an accident that lands her in a haunted hospital."
81089941,We Have Always Lived in the Castle,Stacie Passon,"Taissa Farmiga, Alexandra Daddario, Crispin Glover, Sebastian Stan, Paula Malcomson, Peter Coonan, Ian Toner, Joanne Crawford",United States,TV-14,95,"Dramas, Thrillers",The fragile and secretive world of two sisters and their uncle crumbles when their charming cousin arrives with eyes toward the family fortune.
80217733,Bleach,Shinsuke Sato,"Sota Fukushi, Hana Sugisaki, Ryo Yoshizawa, Erina Mano, Yu Koyanagi, Seiichi Tanabe, Taichi Saotome, Miyavi, Masami Nagasawa, Yosuke Eguchi",Japan,TV-14,109,"Action & Adventure, International Movies, Sci-Fi & Fantasy","When high schooler Ichigo is suddenly given reaper abilities, he really wants to give the powers back. But he'll have to reap some souls first."
80188120,The Angel,Ariel Vromen,"Marwan Kenzari, Hannah Ware, Toby Kebbell, Waleed Zuaiter, Maisa Abd Elhadi, Sasson Gabai, Mickey Leon, Ori Pfeffer, Slimane Dazi","Israel, United States",TV-MA,114,"Dramas, International Movies, Thrillers","As his country prepares for war, top Egyptian official Ashraf Marwan makes contact with Israel and wades into a shadowy game of high-stakes espionage."
80164779,The Land of Steady Habits,Nicole Holofcener,"Ben Mendelsohn, Edie Falco, Connie Britton, Thomas Mann, Bill Camp, Elizabeth Marvel, Charlie Tahan, Michael Gaston, Josh Pais",United States,TV-MA,98,"Comedies, Dramas, Independent Movies","After leaving his wife and his job to find happiness, Anders begins a clumsy, heartbreaking quest to reassemble the pieces of his fractured life."
81037283,Head Count,Elle Callahan,"Isaac Jay, Ashleigh Morghan, Bevin Bru, Billy Meade, Hunter Peterson, Chelcie May, Tory Freeth, Michael Herman, Amaka Obiechie, Sam Marra, Cooper Rowe",United States,TV-MA,90,"Horror Movies, Independent Movies",A group of college students on a weekend getaway accidentally summon a supernatural entity intent on using them for its deadly ritual.
81132438,Locked on You,Kıvanç Baruönü,"Ata Demirer, Demet Akbağ, Gonca Vuslateri, İlker Aksum, Tarık Ünlüoğlu, Erkan Can, Hande Dane, Ayten Uncuoğlu, Hakan Salınmış, İştar Gökseven",Turkey,TV-14,105,"Comedies, International Movies","When his chatty nature lands him in trouble, an unlucky meatball seller flees Istanbul and finds a new life on a beautiful island."
81023636,Time Trap,"Mark Dennis, Ben Foster","Andrew Wilson, Cassidy Gifford, Brianne Howey, Reiley McClendon, Olivia Draguicevich, Max Wright, Hans Marrero, Rich Skidmore, Chris Sturgeon, Gopal Bidari",United States,TV-14,88,"Action & Adventure, Sci-Fi & Fantasy","While searching for their missing archaeology professor, a group of students discovers a cave where time passes differently than it does on the surface."
81001000,On My Skin,Alessio Cremonini,"Alessandro Borghi, Jasmine Trinca, Milvia Marigliano, Max Tortora",Italy,TV-MA,100,"Dramas, International Movies","Arrested in Rome for a drug-related offense, Stefano Cucchi endures a harrowing week in custody that changes his family forever. Based on true events."
80244019,The Resistance Banker,Joram Lürsen,"Barry Atsma, Jacob Derwig, Pierre Bokma, Jaap Spijkers, Raymond Thiry, Fockeline Ouwerkerk, Matteo van der Grijn, Jochum ten Haaf, Peter Jordan, Götz Schubert",Netherlands,TV-MA,123,"Dramas, International Movies","Risking his family and future, a banker in occupied Amsterdam slows the Nazi war machine by creating an underground bank to fund the resistance."
80991570,"My Teacher, My Obsession",Damián Romay,"Lucy Loken, Laura Bilgeri, Rusty Joiner, Alexandria Deberry, Dakota Bruton, Theresa Sutera, Vin Morreale Jr., Shelby Alicea, Tyler Joseph Campbell, Lestonja Diaz",United States,TV-14,86,Thrillers,"When Riley changed schools, she didn't expect the girls to crush on her English teacher dad. And he didn't expect a disturbing infatuation."
81031008,For the Birds,Richard Miron,Kathy Murphy,United States,TV-MA,93,Documentaries,"A woman with a passion for fowl keeps a menagerie of birds that draws the ire of neighbors, animal rights advocates and even her own family."
81065786,Used Goods,Mohamed Hamdy,"Mohamed Ragab, Ayten Amer, Hassan Abdulfattah",Egypt,TV-MA,95,"Action & Adventure, Comedies, International Movies","To evade greedy pharmaceutical crooks, a medical scientist disguises himself as a struggling salesman to protect his groundbreaking cancer research."
80082969,Delirium,Dennis Iliadis,"Topher Grace, Genesis Rodriguez, Patricia Clarkson, Callan Mulvey, Robin Thomas, Daisy McCrackin",United States,R,96,"Horror Movies, Thrillers",A man with a history of mental issues moves into his late parents' mansion and comes to suspect his new home may be haunted.
80994130,Garbage,Qaushiq Mukherjee,"Tanmay Dhanania, Trimala Adhikari, Satarupa Das, Satchit Puranik, Gitanjali Dang, Shruti Viswan, Nikhil Chopra, Krish Moitra",India,TV-MA,109,"Dramas, Independent Movies, International Movies",The lives of a fundamentalist online troll and a woman reeling from a sex tape gone viral become dangerously intertwined in this provocative thriller.
81019924,Hope Aur Hum,Sudip Bandyopadhyay,"Naseeruddin Shah, Kabir Sajid, Sonali Kulkarni, Amir Bashir, Naveen Kasturia, Neha Chauhan, Virti Vaghani",India,TV-14,95,"Children & Family Movies, Comedies, Dramas","A multigenerational household navigates daily life, evolving relationships and clashes between old and new mindsets in this light family drama."
81018240,​​Kuch Bheege Alfaaz,Onir,"Geetanjali Thapa, Zain Khan Durrani, Shray Rai Tiwari, Mona Ambegaonkar, Chandreyee Ghosh, Barun Chanda, Saheb Bhattacharjee, Shefali Chauhan",India,TV-14,110,"Dramas, Independent Movies, International Movies","After accidentally connecting over the Internet, two strangers form a tight friendship – not knowing they already share a bond."
81014988,Once Again,Kanwal Sethi,"Shefali Shah, Neeraj Kabi, Rasika Dugal, Bidita Bag, Priyanshu Painyuli, Bhagwan Tiwari","India, Germany, Austria",TV-PG,101,"Dramas, Independent Movies, International Movies","After a chance phone call leads to daily conversations, a widowed restaurant owner and a lonely film actor plan to finally meet in person."
81011096,최강전사 미니특공대 : 영웅의 탄생,Young Jun Lee,"Um Sang-hyun, Yang Jeong-hwa, Jeon Tae-yeol, Shin Yong-woo, Lee So-young, So-yeon",,TV-Y7-FV,68,Children & Family Movies,"Miniforce, a special task force of elite rangers, takes on the Lizard Army to save Earth before it’s too late, in this prequel to the TV series."
80239503,Mo Amer: The Vagabond,Stan Lathan,Mo Amer,United States,TV-MA,57,Stand-Up Comedy,"Arab-American comedian Mo Amer recounts his life as a refugee comic, from traveling with the name Mohammed to his long path to citizenship."
81020161,Pulang,Kabir Bhatia,"Puteri Aishah, Remy Ishak, Alvin Wong",Malaysia,TV-14,119,"Action & Adventure, Dramas, International Movies","Thom tells her grandson about his grandfather, a sailor who left 61 years ago to seek his fortune, and asks him to find out what happened to her spouse."
81016338,Love for Sale,Andibachtiar Yusuf,"Gading Marten, Della Dartyan, Rukman Rosadi, Albert Halim, Verdi Solaiman, Adriano Qalbi, Sabrina Rochelle Kalangie, Rizky Mocil",Indonesia,TV-14,101,"Dramas, International Movies, Romantic Movies","Richard accepts a bet that he can't find a companion to a friend's wedding, not knowing the dating app he's using includes a 45-day contract."
81017724,Seven in Heaven,Chris Eigeman,"Travis Tope, Haley Ramm, Jacinda Barrett, Gary Cole, Dylan Everett, Clark Backo, Vinson Tran, Paulino Nunes, Jeff Clarke",United States,PG-13,94,Horror Movies,Two teenagers step into a secret closet and emerge in a terrifying alternate reality. They must find their way back before the door shuts forever.
80242081,Malevolent,Olaf de Fleur,"Florence Pugh, Ben Lloyd-Hughes, Celia Imrie, James Cosmo, Scott Chambers, Georgina Bevan",United Kingdom,TV-MA,89,"Horror Movies, Thrillers","A brother-sister team who fake paranormal encounters for cash get more than they bargained for when a job at a haunted estate turns very, very real."
80168222,Private Life,Tamara Jenkins,"Paul Giamatti, Kathryn Hahn, Kayli Carter, Molly Shannon, John Carroll Lynch, Denis O'Hare, Desmin Borges, Tracee Chimo, Siobhan Fallon Hogan, Emily Robinson",United States,R,124,"Comedies, Dramas, Independent Movies","Struggling to conceive, a couple in their 40s are almost out of options – until a sliver of hope arrives in the form of their visiting step-niece."
80199806,Gun City,Dani de la Torre,"Luis Tosar, Michelle Jenner, Vicente Romero, Manolo Solo, Paco Tous, Adriana Torrebejano, Pep Tosar, Jaime Lorente, Ernesto Alterio, Fernando Cayo","Spain, France",TV-MA,126,"Dramas, International Movies, Thrillers","In 1921 Barcelona, amid unrest between anarchists and the police, a cop plays both sides to learn who stole army weapons that could ignite a civil war."
81110394,Little Miss Sumo,Matt Kay,Hiyori Kon,United Kingdom,TV-G,20,"Documentaries, International Movies, Sports Movies","In an ancient sport traditionally reserved for men, 20-year-old female sumo prodigy Hiyori attempts to revolutionize Japan’s national pastime."
81000863,14 Cameras,"Scott Hussion, Seth Fuller","Neville Archambault, Amber Midthunder, Brytnee Ratledge, Hank Rogerson, Chelsea Edmundson, John-Paul Howard, Lora Martinez-Cunningham, Brianne Moncrief",United States,TV-MA,89,"Horror Movies, Thrillers","Upping the “13 Cameras” ante, this sequel finds a family renting a vacation house that’s been customized to violate their privacy."
80211622,Been So Long,Tinge Krishnan,"Michaela Coel, Arinzé Kene, George MacKay, Ashley Thomas, Joe Dempsie, Ronke Adekoluejo, Luke Norris, Mya Lewis",,TV-MA,100,"Dramas, International Movies, Music & Musicals",A single mother in London's Camden Town hears music when she meets a handsome stranger with a past. But she's not sure she's ready to open her heart.
80990221,Dovlatov,Aleksey German,"Milan Maric, Danila Kozlovsky, Helena Sujecka, Artur Beschastny, Anton Shagin, Svetlana Khodchenkova, Elena Lyadova, Piotr Gasowski, Eva Gerr, Hanna Sleszynska","Russia, Poland, Serbia",PG-13,126,"Dramas, International Movies","Over six days in 1971, brilliant writer Sergei Dovlatov encounters maddening barriers to publishing his work under the repressive Soviet regime."
80235268,Jefe,Sergio Barrejón,"Luis Callejo, Juana Acosta, Carlo D'Ursi, Josean Bengoetxea, Bárbara Santa-Cruz, Maica Barroso, Adam Jezierski, Sergio Quintana","Spain, Portugal",TV-MA,90,"Comedies, Dramas, International Movies","A rude, self-centered businessman seems to be on the brink of losing everything until a night janitor at his office helps him find redemption."
81025088,W/O Ram,Vijay Yelakanti,"Lakshmi Manchu, Aadarsh Balakrishna, Priyadarshi Pullikonda, Samrat Reddy, Shrikanth Iyyangar, Shrusti Dange",India,TV-MA,115,"Dramas, International Movies, Thrillers","Frustrated with the stalled investigation into her husband's murder, a woman searches for the killer on her own, putting herself in grave danger."
81110383,The Awakening of Motti Wolkenbruch,Michael Steiner,"Inge Maux, Noémie Schmidt, Joel Basman, Sunnyi Melles, Udo Samel, Rachel Braunschweig, Oriana Schrage, Meytal Gal",Switzerland,TV-MA,94,"Comedies, Dramas, International Movies","Pressured to marry a nice Orthodox Jewish woman, Motti is thrown for a loop when he falls for classmate Laura, who his mother will never approve of."
81018183,Ronnie Coleman: The King,Vlad Yudin,Ronnie Coleman,United States,TV-14,93,Documentaries,"Today, legendary bodybuilder Ronnie Coleman's body bears the scars of becoming the best in the world. Here, he shares what it took to reach his goals."
81071891,Master Z: The Ip Man Legacy,Yuen Woo-ping,"Zhang Jin, Dave Bautista, Michelle Yeoh, Tony Jaa, Liu Yan, Kevin Cheng, Chrissie Chow, Xing Yu","Hong Kong, China",TV-MA,108,"Action & Adventure, International Movies","In this spin-off, a martial arts expert once defeated by Ip Man is forced to abandon his reclusive lifestyle to combat a rising Chinese triad."
80224536,ADAM SANDLER 100% FRESH,Steve Brill,Adam Sandler,United States,TV-MA,74,Stand-Up Comedy,"From ""Heroes"" to ""Ice Cream Ladies"" – Adam Sandler's comedy special hits you with new songs and jokes in an unexpected, groundbreaking way."
80994444,Scorpion King 5: Book of Souls,Don Michael Paul,"Zach McGowan, Pearl Thusi, Nathan Jones, Peter Mensah, Katy Louise Saunders, Mayling Ng, Howard Charles, Inge Beckmann",United States,PG-13,102,"Action & Adventure, Sci-Fi & Fantasy",The Scorpion King joins forces with a Nubian princess in an all-or-nothing fight to stop a warlord from claiming the souls of the vanquished.
81043190,يوم الدين,Abu Bakr Shawky,"Rady Gamal, Ahmed Abdelhafiz, Shahira Fahmy, Shehab Ibrahim, Mohamed Abd El Azim, Osama Abdullah, Khaled Raafat, Mohamed Qishta, Shoq Emara, Mahmoud Fares","Egypt, Austria, United States",TV-14,97,"Dramas, Independent Movies, International Movies","A man cured of leprosy and a young orphan leave their colony for the first time to travel across Egypt, hoping to find the families they lost."
81020005,How to Get Over a Breakup,"Joanna Lombardi, Bruno Ascenzo","Gisela Ponce de León, Karina Jordán, Jely Reátegui, Andrés Salas, Christopher Von Uckermann, Carlos Carlín",Peru,TV-MA,104,"Comedies, International Movies, Romantic Movies","A heartbroken ad copywriter living in Lima, Peru, is inspired to write a blog about life as a single woman and is surprised by her website's success."
80215419,Joe Rogan: Strange Times,Anthony Giordano,Joe Rogan,,TV-MA,64,Stand-Up Comedy,"Outspoken as ever, comedian Joe Rogan takes on current culture, pro wrestling, pot laws, cats, vegans and more in a stand-up special shot in Boston."
81172848,Moms at War,Omoni Oboli,"Omoni Oboli, Funke Akindele, Yul Edochie, Abayomi Alvin, Adebukola Oladipupo, Sharon Ooja, Eucharia-Anunobi Ekwu, Harriet Akinola, Michelle Dede",Nigeria,TV-14,92,"Comedies, Dramas, International Movies","Two fierce mothers become rivals when a school contest forces their kids, both model students, to compete against one another to be the best in class."
81034575,The Command,Thomas Vinterberg,"Matthias Schoenaerts, Léa Seydoux, Colin Firth, Peter Simonischek, August Diehl, Max von Sydow, Bjarne Henriksen, Magnus Millang, Artemiy Spiridonov","Belgium, Luxembourg, France",PG-13,118,"Dramas, International Movies, Thrillers",For the crew trapped aboard a sunken Russian submarine the deadliest threat is the bureaucracy on land. Based on a true story.
80226951,"Club de Cuervos Presents: I, Potro",Marcos Bucay,"Joaquín Ferreira, Marcela Álvarez, Benjamín Alfonso, Emilia Claudeville, Mauricio Llera, Sol Gaschetto, Martín Seefeld, Martín Rocco, Gonzalo VIzán","Mexico, Argentina",TV-MA,51,Movies,Former Club de Cuervos player Potro returns home to Argentina to crash the wedding of his famous soccer-star brother and confront his estranged family.
80232279,Gnome Alone,Peter Lepeniotis,"Becky G., Josh Peck, Tara Strong, Olivia Holt, David Koechner, Jeff Dunham, Patrick Stump, Nash Grier, Madison De La Garza, George Lopez","United Kingdom, Canada, United States, Cayman Islands",PG,86,"Children & Family Movies, Comedies","After moving into a new house with her mom, high schooler Chloe discovers a troupe of talking garden gnomes who need her help saving the world."
80239666,Illang: The Wolf Brigade,Kim Jee-woon,"Gang Dong-won, Han Hyo-joo, Jung Woo-sung, Kim Mu-yeol, Han Ye-ri, Choi Min-ho, Shin Eun-soo, Kim Beop-rae, Lee Dong-ha, Jung Won-joong, Choi Jin-ho",South Korea,TV-MA,140,"Action & Adventure, International Movies, Sci-Fi & Fantasy","In 2029, the elite police squad Illang combats a terrorist group opposing reunification of the two Koreas. But another enemy may be lurking nearby."
80148162,The Night Comes for Us,Timo Tjahjanto,"Joe Taslim, Iko Uwais, Asha Kenyeri Bermudez, Sunny Pang, Salvita Decorte, Abimana Aryasatya, Zack Lee, Dimas Anggara, Julie Estelle, Dian Sastrowardoyo","Indonesia, United States",TV-MA,121,"Action & Adventure, International Movies","After sparing a girl's life during a massacre, an elite Triad assassin is targeted by an onslaught of murderous gangsters."
81172905,In My Country,Frank Rajah Arase,"Sam Dede, Bimbo Manuel, Okawa Shaznay, Shan George, Austin Enabulele, Precious Udoh",,TV-14,99,"Dramas, International Movies","A teacher turns to a dubious man to raise money for her daughter's life-saving surgery, a crisis that is unexpectedly catapulted to a national stage."
81172723,New Money,Tope Oshin,"Jemima Osunde, Blossom Chukwujekwu, Kate Henshaw-Nuttal, Dakore Akande, Wale Ojo, Wofai Fada, Osas Ighodaro Ajibade, Falz, Daniel Effiong, Adeolu Adefarasin",Nigeria,TV-14,107,"Dramas, International Movies",An aspiring fashion designer's life is transformed after she discovers she’s the heiress of a billion-dollar empire left by her estranged father.
81172902,Up North,Tope Oshin,"Banky Wellington, Rahama Sadau, Kanayo O. Kanayo, Ibrahim Suleiman, Michelle Dede, Adesua Etomi, Hilda Dokubo, Akin Lewis",Nigeria,TV-14,99,"Dramas, International Movies",A pampered heir must complete a year of service work to inherit his dad's assets but unearths new goals when he's placed in an unfamiliar region.
81026343,Mr. Chandramouli,Thiru,"Karthik, Gautam Karthik, Regina Cassandra, Varalakshmi Sarathkumar, Santhosh Prathap, Mime Gopi, J. Mahendran, Viji Chandrasekhar",India,TV-MA,131,"Dramas, International Movies, Thrillers","When the lives of a carefree boxer and his cabdriver dad collide with the ambitions of a ruthless businessman, a search for answers turns to revenge."
81157840,The Game Changers,Louie Psihoyos,"Arnold Schwarzenegger, Lewis Hamilton, James Wilks, Patrik Baboumian, Scott Jurek, Nimai Delgado, Morgan Mitchell, Rip Esselstyn, Dotsie Bausch, Damien Mander, Michael Thomas, Dr. Dean Ornish, David Goldman",United States,TV-MA,86,"Documentaries, Sports Movies","Special Forces trainer James Wilks asks elite athletes to compare the merits of meat, protein and plants for building strength. Spoiler: plants win."
80244900,"Ron White: If You Quit Listening, I'll Shut Up",Tom Forrest,Ron White,United States,TV-MA,63,Stand-Up Comedy,"Ron “Tater Salad” White dishes out his signature brand of cynicism, riffing on sex, celebrity and the sinister habits of wild geese."
81020508,Sanju,Rajkumar Hirani,"Ranbir Kapoor, Vicky Kaushal, Paresh Rawal, Sonam Kapoor, Dia Mirza, Jim Sarbh, Anushka Sharma, Manisha Koirala, Boman Irani",India,TV-MA,159,"Dramas, International Movies","From the depths of addiction to the heights of stardom to underworld entanglements, this biopic traces the checkered past of Indian actor Sanjay Dutt."
81019031,Soorma,Shaad Ali,"Diljit Dosanjh, Tapsee Pannu, Angad Bedi, Kulbhushan Kharbanda, Satish Kaushik, Vijay Raaz, Seema Kaushal, Mahabir Bhullar, Alka Badola Kaushal, Jimmy Moses",India,TV-14,131,"Dramas, International Movies, Sports Movies",This biopic on former Indian field hockey player Sandeep Singh follows the athlete’s hard-fought comeback after an accidental gunshot left him paralyzed.
80158148,Apostle,Gareth Evans,"Dan Stevens, Lucy Boynton, Michael Sheen, Mark Lewis Jones, Bill Milner, Kristine Froseth, Paul Higgins, Richard Elfyn, Elen Rhys, Ross O'Hennessy","United Kingdom, United States",TV-MA,130,"Horror Movies, International Movies, Thrillers","In 1905, a drifter on a dangerous mission to rescue his kidnapped sister tangles with a sinister religious cult on an isolated island."
80239565,Errementari: The Blacksmith and the Devil,Paul Urkijo Alijo,"Kandido Uranga, Uma Bracaglia, Eneko Sagardoy, Ramón Agirre, Josean Bengoetxea, Gotzon Sánchez, José Ramón Argoitia, Gorka Aguinagalde, Iñigo de la Iglesia, Aitor Urtzelai","Spain, France",TV-MA,99,"Horror Movies, International Movies, Sci-Fi & Fantasy","A brutal blacksmith tortures a demon he blames for his misery, unaware a trespassing orphan is about to change everything. Based on Basque folklore."
81021082,Kuntilanak,Rizal Mantovani,"Sandrinna M Skornicki, Aurélie Moeremans, Fero Walandouw, Andryan Bima, Ciara Nadine Brosnan, Ali Fikry, Adlu Fahrezy, Nena Rosier, Naufal Ho, Aqi Singgih",Indonesia,TV-14,106,"Horror Movies, International Movies",Five youngsters discover that an antique mirror found in their orphanage is home to an evil ghost who kidnaps children and imprisons them inside it.
80240972,The Kindergarten Teacher,Sara Colangelo,"Maggie Gyllenhaal, Parker Sevak, Gael García Bernal, Michael Chernus, Anna Baryshnikov, Rosa Salazar, Ajay Naidu","United States, Israel, United Kingdom, Canada",R,97,"Dramas, Independent Movies",A devoted teacher takes interest in a young student's creative potential after hearing his poetry. But she soon crosses the line into obsession.
80210932,22-Jul,Paul Greengrass,"Anders Danielsen Lie, Jon Øigarden, Jonas Strand Gravli, Ola G. Furuseth, Maria Bock, Thorbjørn Harr, Jaden Smith","Norway, Iceland, United States",R,144,"Dramas, Thrillers","After devastating terror attacks in Norway, a young survivor, grieving families and the country rally for justice and healing. Based on a true story."
81015317,Tales From the Hood 2,"Rusty Cundieff, Darin Scott","Keith David, Bryan Batt, Alexandria Deberry, Bill Martin Williams, Martin Bats Bradford, Kendrick Cross, Jasmine Akakpo, Kedrick Brown",United States,R,110,"Cult Movies, Horror Movies, Independent Movies",Buckle up for an anthology of socially conscious horror stories that focus on the perils of racial injustice and the price of ignorance.
81164752,First Kiss,Roy Poortmans,"Vajèn van den Bosch, Buddy Vedder, Leontine Borsato, Caroline de Bruijn, Stijn Fransen, Marije Zuurveld",Netherlands,TV-PG,90,"Dramas, International Movies, Romantic Movies",A starry-eyed employee of a hot cosmetics company hires a dreamy photographer who is secretly indebted to a major rival – her sketchy aunt.
81025884,Freedom at Midnight,Tinu Pappachan,"Antony Varghese, Vinayakan, Chemban Vinod Jose, Tito Wilson, Sinoj Varghese, Aswathy Manoharan",,TV-MA,135,"Dramas, International Movies, Thrillers","Jailed after becoming entangled in the murder of a cop, a prisoner assembles a team of inmates to hatch a plan for making a getaway."
81024696,Khido Khundi,Rohit Jugraj,"Ranjit Bawa, Mandy Takhar, Manav Vij, Elnaaz Norouzi, Mahavir Bhullar, Guggu Gill, Seema Kaushal, Sukhbir Singh",India,TV-14,151,"Dramas, International Movies, Sports Movies",An embittered former hockey star must engage with the sport again to help his brother assemble a team for a momentous match against the British.
81018563,My Little Pony Equestria Girls: Forgotten Friendship,Ishi Rudell,"Ashleigh Ball, Andrea Libman, Rebecca Shoichet, Tabitha St. Germain, Tara Strong, Nicole Oliver",United States,TV-Y7,44,Children & Family Movies,School yearbook editor Sunset Shimmer has suddenly been erased from the memories of her best friends and must find out how to fix this.
81018565,My Little Pony Equestria Girls: Rollercoaster of Friendship,Ishi Rudell,"Ashleigh Ball, Andrea Libman, Rebecca Shoichet, Tabitha St. Germain, Tara Strong, Tegan Moss","United States, Canada",TV-Y7,44,Children & Family Movies,"Rarity gets a summer job at Equestria Land, making Applejack feel jealous. But when their friends start vanishing, they must work together to find them."
80190859,Outlaw King,David Mackenzie,"Chris Pine, Aaron Taylor-Johnson, Florence Pugh, Billy Howle, Sam Spruell, Tony Curran, Callan Mulvey, James Cosmo, Stephen Dillane","United Kingdom, United States",R,122,"Action & Adventure, Dramas","In 14th-century Scotland, Robert the Bruce claims the crown and leads a fierce uprising to win back the country's independence from English rule."
81003058,Hope Springs Eternal,Jack C. Newell,"Mia Rose Frampton, Beth Lacke, Stony Blyden, Juliette Angelo, Lauren Giraldo, Beau Brooks, Pej Vahdat",United States,PG,79,Dramas,"When a teen with terminal cancer miraculously finds herself in remission, she struggles to give up the attention her illness gave her at school."
81034600,Shadow,Zhang Yimou,"Deng Chao, Sun Li, Ryan Cheng, Wang Qianyuan, Hu Jun, Wang Jingchun, Guan Xiaotong, Leo Wu","China, Hong Kong",TV-MA,116,"Action & Adventure, Dramas, International Movies","As three kingdoms struggle for control of a walled city, a figure with a rare power spins a web of intrigue that entangles a king's court."
81029848,Bucket List,Tejas Prabha Vijay Deoskar,"Madhuri Dixit, Sumeet Raghvan, Renuka Shahane, Milind Pathak, Vandana Gupte, Pradeep Velankar, Shubha Khote, Resham Tipnis",India,TV-14,129,"Dramas, International Movies","After getting a heart transplant, a 40-year-old homemaker in Pune makes the life-changing decision to complete the bucket list of her 20-year-old donor."
80238204,A Christmas Prince: The Royal Wedding,John Schultz,"Rose McIver, Ben Lamb, Alice Krige, Simon Dutton, Honor Kneafsey, Sarah Douglas, Theo Devaney, John Guerrasio, Andy Lucas, Raj Bajaj, Richard Ashton, Billy Angel, Tahirah Sharif, Joel McVeagh",United States,TV-PG,93,"Children & Family Movies, Dramas, Romantic Movies","A year after helping Richard secure the crown, Amber returns to Aldovia to plan their wedding. But her simple tastes clash with royal protocol."
80230507,Angela's Christmas,Damien O’Connor,"Lucy O'Connell, Ruth Negga, Brendan Mullins, Malachy McCourt, Vivian Drew, Anya O'Connor, Janet Moran, Brian Gleeson, Pat Kinevane","Ireland, Canada",TV-G,30,Children & Family Movies,A trip to church with her family on Christmas Eve gives young Angela an extraordinary idea. A heartwarming tale based on a story by Frank McCourt.
80990725,El club de los insomnes,"Joseduardo Giordano, Sergio Goyri Jr.","Cassandra Ciangherotti, Leonardo Ortizgris, Alejandra Ambrosi, Alexandra De La Mora, Mónica Dionne, Sergio Goyri, Fernando Becerril, Humberto Busto, Marco Méndez, Alejandra Urdiaín, Khristian Clausen, Fernando Luján",Mexico,TV-MA,82,"Dramas, International Movies","An insomniac, an aspiring photographer and a pregnant veterinarian form a unique friendship during late-night meetings at a 24-hour mini-mart."
81004245,Happy as Lazzaro,Alice Rohrwacher,"Adriano Tardiolo, Agnese Graziani, Alba Rohrwacher, Luca Chikovani, Tommaso Ragno, Sergi López, Natalino Balasso, Carlo Tarmati, Pasqualina Scuncia, Nicoletta Braschi","Italy, Switzerland, France, Germany",PG-13,127,"Dramas, Independent Movies, International Movies","Purehearted teen Lazzaro is content living as a sharecropper in rural Italy, but an unlikely friendship with the marquise's son will change his world."
81039383,Manto,Nandita Das,"Nawazuddin Siddiqui, Rasika Dugal, Tahir Raj Bhasin",India,TV-MA,114,"Dramas, Independent Movies, International Movies",The controversial and troubled Indo-Pakistani writer Saadat Hasan Manto finds his artistic choices challenged by censors.
81018377,Rajma Chawal,Leena Yadav,"Rishi Kapoor, Anirudh Tanwar, Amyra Dastur, Jitendra Shastri, Aparshakti Khurana, Harish Khanna, Manu Rishi Chadha, Nirmal Rishi, Sheeba Chaddha, Adil Hussain, Rahul Ram, Mukesh Chhabra",India,TV-MA,119,"Comedies, Dramas, International Movies","Hoping to revive his relationship with his resentful millennial son, an internet-rookie widower assumes the online persona of a young woman."
81021528,The World Is Yours,Romain Gavras,"Isabelle Adjani, Karim Leklou, François Damiens, Vincent Cassel, Oulaya Amamra",France,TV-MA,101,"Action & Adventure, Comedies, International Movies","To escape his life of crime, a Paris drug dealer takes on one last job involving Spain, unhinged gangsters, his longtime crush and his scheming mother."
80991809,Time Share,Sebastián Hofmann,"Luis Gerardo Méndez, Miguel Rodarte, R.J. Mitte, Cassandra Ciangherotti, Montserrat Marañon, Andrés Almeida, Emiliano Rodríguez","Mexico, Netherlands",TV-MA,96,"Dramas, Independent Movies, International Movies",Husband and father Pedro becomes increasingly suspicious that a series of mishaps at a resort during a family vacation are part of a sinister plan.
81172754,Crazy people,Moses Inwang,"Ramsey Nouah, Chigul, Sola Sobowale, Ireti Doyle, Ben Touitou, Francis Onwochei, Ememobong Nkana, Emem Inwang, Patrick Onyeke",Nigeria,TV-14,107,"Comedies, International Movies, Thrillers",Nollywood star Ramsey Nouah learns that someone is impersonating him and breaks out of a mental institution to expose the imposter.
81172841,Lagos Real Fake Life,Mike Ezuruonye,"Nonso Diobi, Mike Ezuruonye, Mercy Aigbe, Rex Nosa, Annie Macaulay Idibia, Ik Ogbonna, Nedu Wazobia, Uzee Usman, Odunlade Adekola, Mr Jollof, Efe Irele, Josh 2 Funny, Haillie Sumney, Emmanuella, MC Lively",,TV-14,118,"Comedies, International Movies","Two mooching friends vie for the attention of wealthy, beautiful women only to discover that their lavish lifestyles are bogus."
81172899,Payday,Cheta Chukwu,"Baaj Adebule, Ebiye Victor, Meg Otanwa, Bisola Aiyeola, Mawuli Gavor, Zack Orji, Segilola Ogidan",Nigeria,TV-MA,110,"Comedies, Independent Movies, International Movies","After an expensive night out, two flatmates get tangled in an overnight misadventure to recover their rent money to pay their dead landlord's daughter."
81172901,The Island,Toka McBaror,"Sambasa Nzeribe, Segun Arinze, Tokunbo Idowu, Femi Adebayo",Nigeria,TV-14,93,"Dramas, International Movies, Thrillers","When a colonel uncovers controversial intel about the government, he makes a shocking discovery and must decide whether to reveal it or risk his life."
80239961,Operation Red Sea,Dante Lam,"Zhang Yi, Johnny Huang, Hai Qing, Du Jiang, Zhang Hanyu, Henry Prince Mak, Luxia Jiang, Yin Fang, Wang Yutian, Guo Jiahao","China, Morocco, Hong Kong",TV-MA,139,"Action & Adventure, International Movies",A special task force takes on a risky operation to evacuate civilians amid civil war. Based on the 2015 mission to rescue Chinese citizens in Yemen.
81018860,My Little Pony Friendship Is Magic: Best Gift Ever,"Denny Lu, Mike Myhre","Tara Strong, Andrea Libman, Ashleigh Ball, Cathy Weseluck, Tabitha St. Germain, John de Lancie, Sam Vincent, Garry Chalk",United States,TV-Y,44,Children & Family Movies,"The ponies get in the spirit of the holidays by drawing names for a gift exchange, then race around Equestria in search of the perfect presents."
80199682,The Christmas Chronicles,Clay Kaytis,"Kurt Russell, Darby Camp, Judah Lewis, Kimberly Williams-Paisley, Oliver Hudson, Lamorne Morris, Martin Roach",United States,TV-PG,104,"Children & Family Movies, Comedies","After accidentally crashing Santa's sleigh, a brother and sister pull an all-nighter to save Christmas with a savvy, straight-talking St. Nick."
80988835,The Tribe,Fernando Colomo,"Paco León, Carmen Machi, Luis Bermejo, Maribel del Pino, Maite Sandoval, Arlette Torres, Marisol Aznar, María José Sarrate, Manuel Huedo, Artur Busquets",Spain,TV-MA,91,"Comedies, International Movies","An executive-turned-viral sensation loses his reputation and his memory, but finds a new life with his biological mother and her empowered dance group."
80989043,Puppy Star Christmas,Robert Vince,"Kaitlyn Maher, Mackenzie Sol, Makenzie Moss, David DeLuise, George Newbern, Reggie De Leon, Diedrich Bader, Chloe Coleman, Oakley Bull, Dillon Fontana, vivienne Rutherford, Tyreese Burnett",United States,PG,91,"Children & Family Movies, Comedies","A new pack of Pup Star pooches stumbles upon a rival team’s plan to ruin Christmas, then ends up at the North Pole to try and save the holiday spirit."
81021831,Sabrina,Rocky Soraya,"Luna Maya, Christian Sugiono, Sara Wijayanto, Jeremy Thomas, Richelle Georgette Skornicki, Rizky Hanggono, Asri Handayani",Indonesia,TV-MA,114,"Horror Movies, International Movies",A toy manufacturer and his wife are terrorized by a demon after their orphaned niece tries to summon her late mother's spirit using a spooky ritual.
81021832,Target,Raditya Dika,"Raditya Dika, Cinta Laura Kiehl, Samuel Rizal, Willy Dozan, Abdur Arsyad, Hifdzi Khoir, Romy Rafael, Ria Ricis, Anggika Bolsterli",Indonesia,TV-14,91,"Comedies, Horror Movies, International Movies","Trapped in an empty building, nine people are forced to play a lethal game. All their movements will be recorded, and only one player can survive."
80239932,Trevor Noah: Son of Patricia,David Paul Meyer,Trevor Noah,United States,TV-MA,64,Stand-Up Comedy,"""Daily Show"" host Trevor Noah touches on tacos, runaway snakes, camping, racism immunity and lessons he learned from his mother in this comedy special."
81020531,Ana e Vitória,Matheus Souza,"Ana Caetano, Vitória Falcão, Clarissa Müller, Bruce Gomlevsky, Thati Lopes, Caique Nogueira, Érika Mader, Victor Lamoglia, Gabriela Nunes, Bryan Ruffo, Hamilton Dias",Brazil,TV-14,116,"Comedies, International Movies, LGBTQ Movies","After meeting by chance, two young musicians with differing views on love and life record an album that drastically alters their lives."
80242446,The Holiday Calendar,Bradley Walsh,"Kat Graham, Quincy Brown, Ethan Peck, Ron Cephas Jones, Genelle Williams, Ali Hassan, Rodrigo Fernandez-Stoll, Laura de Carteret, Kevin Hanchard, Romaine Waite",United States,TV-PG,95,"Dramas, Romantic Movies",A talented photographer stuck in a dead-end job inherits an antique Advent calendar that may be predicting the future – and pointing her toward love.
80085566,The Other Side of the Wind,Orson Welles,"John Huston, Oja Kodar, Peter Bogdanovich, Susan Strasberg, Robert Random, Lilli Palmer, Norman Foster, Edmond O'Brien, Mercedes McCambridge, Cameron Mitchell, Paul Stewart","France, Iran, United States",R,122,"Dramas, Independent Movies","On the last day of his life, a legendary director struggles to complete a new project and contemplates his legacy in this layered film by Orson Welles."
80124722,They’ll Love Me When I’m Dead,Morgan Neville,"Orson Welles, Alan Cumming",United States,TV-MA,98,Documentaries,"Actors, crew members and others who were there discuss the tumultuous creation of Orson Welles's final, unfinished film, “The Other Side of the Wind.”"
80177400,Cam,Daniel Goldhaber,"Madeline Brewer, Patch Darragh, Melora Walters, Devin Druid, Imani Hakim, Michael Dempsey, Flora Diaz, Samantha Robinson, Jessica Parker Kennedy, Quei Tann",United States,TV-MA,95,"Independent Movies, Thrillers","After a look-alike takes over her account, a cam girl with a growing fan base sets out to identify the mysterious culprit and reclaim her own identity."
81004099,Nothing to Hide,Fred Cavayé,"Bérénice Bejo, Suzanne Clément, Stéphane De Groodt, Vincent Elbaz, Grégory Gadebois, Doria Tillier, Roschdy Zem, Fleur Fitoussi","France, Belgium",TV-MA,94,"Comedies, Dramas, International Movies","To spice up a dinner party, old friends agree to share every private message that pops up on their phones – with disastrous results."
80200267,The Ballad of Buster Scruggs,"Joel Coen, Ethan Coen","Liam Neeson, James Franco, Tim Blake Nelson, Tom Waits, Zoe Kazan, Brendan Gleeson",United States,R,133,"Comedies, Dramas","Ranging from absurd to profound, these Western vignettes from the Coen brothers follow the adventures of outlaws and settlers on the American frontier."
81217749,SunGanges,Valli Bindana,Naseeruddin Shah,"India, United States",TV-PG,74,"Documentaries, International Movies","A trio of filmmakers treks across India to explore the correlation between vanishing rivers, massive energy projects and renewable energy sources."
81035105,Aalorukkam,V C Abhilash,"Indrans, Sreekanth Menon, Vishnu Agasthya, Aliyar, Seethabaala, Shaji John, Sajith Nampiyar, Benny Vadakkan",India,TV-14,122,"Dramas, Independent Movies, International Movies","When an aging father seeks the help of a doctor and a journalist to look for the son who left him 16 years ago, he learns some surprising truths."
81038832,Halkaa,Nila Madhab Panda,"Tathastu, Aryan Preet, Ranvir Shorey, Paoli Dam, Kumud Mishra, Devender Chaudhary, Shrikant Verma",India,TV-14,111,"Comedies, Dramas, Independent Movies","Up against a corrupt government official and crushing poverty, a young boy in the Delhi slums attempts to raise funds to build himself his own toilet."
81030893,May the Devil Take You,Timo Tjahjanto,"Chelsea Islan, Pevita Pearce, Samo Rafael, Karina Suwandhi, Ray Sahetapy, Ruth Marini, Hadijah Shahab, Clara Bernadeth, Kinaryosih, Nicole Rossi",Indonesia,TV-MA,111,"Horror Movies, International Movies","Hoping to find answers to her estranged father's mysterious illness, a young woman visits his old villa and uncovers a horrifying truth from the past."
81035104,Odu Raja Odu,"Nishanth Ravindaran, Jathin Sanker Raj","Guru Somasundaram, Nasser, Anand Sami, Lakshmi Priyaa Chandramouli, Ashiqa Salvan, Ravindra Vijay, Abishek K.S., Venkatesh Harinathan",India,TV-14,121,"Comedies, International Movies","While trying to buy his wife a set-top box, a struggling writer and his pal get entangled in the domino effect of a spectacularly botched drug deal."
81035107,Savita Damodar Paranjpe,Swapna Waghmare Joshi,"Subodh Bhave, Trupti Toradmal, Rakesh Bapat, Pallavi Patil, Angad Mhaskar, Hemangi Kavi, Savita Prabhune, Sandeep Avchat",India,TV-14,119,"Horror Movies, International Movies","When his wife begins to exhibit alarming behavior, a husband tries to find whether she suffers from a personality disorder or something more sinister."
81028574,Shopkins: Wild,"Adele K. Thomas, Richard Bailey","Kate Murphy, Cassandra Morris, Kayli Mills, Abby Trott, Brianna Plantano, Laura Stahl, Philece Sampler",Australia,TV-Y,75,Movies,Beloved movie star Scarletta Gateau visits Shopville and recruits the Shopkins for a quest through the jungle to the mysterious world of Pawville.
80222787,BuyBust,Erik Matti,"Anne Curtis, Brandon Vera, Victor Neri, Arjo Atayde, Levi Ignacio, Alex Calleja, Lao Rodriguez, Joross Gamboa, Ricky Pascua, Nonie Buencamino",Philippines,TV-MA,128,"Action & Adventure, International Movies","In a mazelike Manila slum, at war with incensed civilians and a brutal cartel, special agent Nina Manigan must fight her way through one fierce night."
80244848,Loudon Wainwright III: Surviving Twin,Christopher Guest,Loudon Wainwright III,,TV-14,92,Music & Musicals,Grammy-winning singer Loudon Wainwright III reflects upon his unique relationship with his father in an evening of original songs and heartfelt stories.
81074542,Christmas Survival,James Dearden,"Julian Ovenden, Gemma Whelan, Joely Richardson, Michael Landes, Sally Phillips, Patricia Hodge, Ronni Ancona, James Fox, Sophie Simnett, Jade Ma",United Kingdom,TV-MA,101,Comedies,"With Christmas just around the corner, sisters Miranda and Lyla bring their families to their childhood home, where rivalries don't take a holiday."
80215046,Elliot the Littlest Reindeer,Jennifer Westcott,"Josh Hutcherson, Samantha Bee, Martin Short, Morena Baccarin, Jeff Dunham, John Cleese",Canada,PG,90,Children & Family Movies,"When Blitzen suddenly retires, a miniature horse determined to join Santa's reindeer team faces fierce competition in the North Pole tryouts."
81179693,Euphoria,Valeria Golino,"Riccardo Scamarcio, Valerio Mastandrea, Isabella Ferrari, Valentina Cervi, Jasmine Trinca, Andrea Germani, Marzia Ubaldi, Iaia Forte",Italy,R,110,"Dramas, International Movies, LGBTQ Movies","An entrepreneur prone to partying and his estranged brother, a teacher resigned to a humdrum life, begin to bond under fragile circumstances."
81083786,Holly Star,Michael A. Nickles,"Katlyn Carlson, Brian Muller, Teya Patt, Pamela Chabora",United States,PG,92,"Children & Family Movies, Comedies, Romantic Movies","Home for the holidays, a broke puppeteer knows there’s treasure buried somewhere under her town. To find it, all she has to do is die – almost."
81189396,Spitfire: The Plane that Saved the World,"David Fairhead, Anthony Palmer",Charles Dance,United Kingdom,TV-14,95,Documentaries,"In this epic documentary, last-surviving veterans trace the history of a legendary fighter aircraft that dominated the air during the Battle of Britain."
81024731,Asees,Rana Ranbir,"Rana Ranbir, Neha Pawar, Kuljinder Sidhu, Rupinder Roopi, Sardar Sohi, Pardeep Sran, Seema Kaushal, Rajvir Boparai",India,TV-14,123,"Dramas, International Movies, Music & Musicals","When a dispute breaks out between five siblings over their mother’s property, one devoted son will go to any lengths to protect her land."
80224055,Christmas With A View,Justin G. Dyck,"Scott Cavalheiro, Kaitlyn Leeb, Vivica A. Fox, Patrick Duffy, Jess Walton, Mark Ghanimé",Canada,TV-PG,91,"International Movies, Romantic Movies","Still reeling from a business failure, the restaurant manager of a ski resort finds her world jolted by a new chef, who has his own hidden past."
80232501,Edge of Fear,Bobby Roth,"Shen Lin, Robert Patrick, Zhu Zhu, Jodi Lyn O'Keefe, Robert Knepper, Amaury Nolasco, Rockmond Dunbar, Andy Mackenzie, Robert Crayton, John Edward Lee, Trent Brya",United States,TV-MA,92,"Independent Movies, Thrillers","During a wilderness getaway, a gang of sociopathic criminals kidnap a woman and assault her husband, who must summon all his strength to save her."
81044103,Bathtubs Over Broadway,Dava Whisenant,Steve Young,United States,PG-13,87,"Documentaries, Music & Musicals","A comedy writer for David Letterman unearths a hidden world of hilariously bizarre musicals, which turns into a toe-tapping obsession."
81072917,Gatao 2: Rise of the King,Yen Cheng-kuo,"Collin Chou, Jason Wang, Jack Kao, Tsai Chen-nan, Lu Hsueh-feng, Peng Sun",Taiwan,TV-MA,126,"Action & Adventure, Dramas, International Movies","When a zealous gang leader plans to take out a friend-turned-rival for control of his turf, internal tensions complicate the battle to be the boss."
80213657,Hari Kondabolu: Warn Your Relatives,Bobcat Goldthwait,Hari Kondabolu,United States,TV-MA,67,Stand-Up Comedy,"Hari Kondabolu breaks down identity politics, celebrity encounters, his mango obsession and more in an unpredictable stand-up comedy special."
81016592,Like Arrows,Kevin Peeples,"Micah Lynn Hanson, Alan Powell, Elizabeth Becka, Garry Nation, Joseph Callender, Anisa Nyell Johnson, Aowyn Grace Peoples, John Jackson Hunter, Alex Kendrick",United States,TV-PG,99,"Dramas, Faith & Spirituality","Over 50 years of their lives, a couple enjoys the blessings and setbacks of parenting, and learns that God has to be at the center of their family."
80177300,Family Blood,Sonny Mallhi,"James Ransone, Vinessa Shaw, Ajiona Alexus, Colin Ford",United States,TV-MA,92,Horror Movies,"A former addict moves to a new city with her children for a fresh start, but her struggle soon takes on an unexpected, supernatural dimension."
80189866,Pup Star: World Tour,Robert Vince,"Jed Ress, Makenzie Moss, Denisse Ojeda, Reggie De Leon, David DeLuise, Kaitlyn Maher, Jorge Diaz, George Newbern, Diedrich Bader, Mackenzie Sol","Canada, Japan, United States",G,87,"Children & Family Movies, Comedies, Music & Musicals","Talented pooches from around the world compete to be the next Pup Star, but behind-the-scenes schemes threaten to ruin the fun."
80195964,Anon,Andrew Niccol,"Clive Owen, Amanda Seyfried, Colm Feore, Sonya Walger, Mark O'Brien, Joe Pingue, Iddo Goldberg, Sebastian Pigott, Rachel Roberts, Ethan Tavares","Germany, United States, Canada",TV-MA,100,"Dramas, Sci-Fi & Fantasy, Thrillers","In a future where technology has rendered privacy obsolete, a detective investigates a serial assassin who has been deleted from all visual records."
80213024,Dany Boon: Des Hauts De France,Isabelle Nanty,Dany Boon,France,TV-MA,113,Stand-Up Comedy,"In an eclectic one-man show, French superstar Dany Boon reflects on his homeland, his first comedy gig and the challenges of parenting hostile teens."
80244782,Forgive Us Our Debts,Antonio Morabito,"Marco Giallini, Claudio Santamaria, Jerzy Stuhr, Flonja Kodheli","Italy, Switzerland, Albania, Poland",TV-MA,105,"Dramas, International Movies","Threatened by creditors, a newly unemployed man agrees to work for a debt collector, but soon discovers his deal with the devil has unexpected costs."
80144280,Lo más sencillo es complicarlo todo,Rene Bueno,"Danna Paola, Marjorie De Sousa, Alosian Vivancos, Daniela Wong, Lalo Brito, Eduardo Tanús, Paulina Matos, Fernando Sarfati, Lorena San Martín, Consuelo Vega",Mexico,TV-PG,94,"Comedies, International Movies, Romantic Movies","When a 17-year-old learns the TV news host she pines for is engaged, she and her best friend launch an elaborate plan to prevent his marriage."
80241666,No Estoy Loca,Nicolás López,"Paz Bascuñán, Marcial Tagle, Antonia Zegers, Carolina Paulsen, Gabriela Hernandez, Fernanda Urrejola, Luis Pablo Román, Loreto Aravena, Ariel Levy, Ignacia Allamand, Ramón Llao",Chile,TV-MA,116,"Comedies, Dramas, International Movies",A woman enters a quirky mental health clinic after attempting suicide upon finding out her husband is having an affair with her best friend.
80244640,Jo Pil-ho: The Dawning Rage,Lee Jeong-beom,"Lee Sun-kyun, Jeon So-nee, Park Hae-joon, Song Young-chang, Park Byung-eun, Lim Hyung-kuk, Kim Min-jae, Kwon Han-sol, Nam Mun-cheol, Lim Cheol-su",South Korea,TV-MA,128,"Dramas, International Movies, Thrillers","On the run from a dogged internal affairs agent, a corrupt cop reluctantly teams up with a defiant teen to unravel a conspiracy – before it's too late."
80992499,Si saben cómo me pongo ¿pá qué me invitan?,Fernando Ayllón,"Ricardo Quevedo, Iván Marín, Freddy Beltrán, Nelson Polanía, Fabiola Posada, Liss Pereira, Jessica Sanjuan, Lina Cardona",Colombia,TV-MA,89,"Comedies, International Movies","When four unhappy couples attend a spiritual retreat at a resort to try and solve their relationship troubles, shenanigans ensue."
81087094,Lifechanger,Justin McConnell,"Lora Burke, Jack Foley, Bill Oberst Jr., Elitsa Bako, Sam James White, Rachel Vanduzer, Steve Kasan",Canada,TV-MA,84,"Horror Movies, Independent Movies, Thrillers","A shapeshifter has to kill, then inhabit his victims, or die. But as his need for new bodies speeds up, he finally faces down his own mortality."
80221447,The Nutcracker and the Four Realms,"Lasse Hallström, Joe Johnston","Mackenzie Foy, Keira Knightley, Helen Mirren, Morgan Freeman, Matthew Macfadyen, Eugenio Derbez, Miranda Hart, Jack Whitehall, Ellie Bamber, Richard E. Grant, Omid Djalili, Tom Sweet, Misty Copeland, Sergei Polunin, Meera Syal",United States,PG,99,Children & Family Movies,"When her late mother gifts her a key, Clara embarks on a dreamlike journey full of fantasy and conflict in this retelling of the holiday classic."
81034931,Rampant,Kim Sung-hoon,"Hyun Bin, Jang Dong-gun, Jo Woo-jin, Jeong Man-sik, Lee Sun-bin, Kim Eui-sung, Cho Dal-hwan, Seo Ji-hye, Kim Tae-woo, Kim Joo-hyuk",South Korea,TV-MA,122,"Action & Adventure, Horror Movies, International Movies","When Prince Lee Cheong returns to Joseon after his brother’s death, he finds the kingdom plagued by deadly creatures – but they’re not the only threat."
80202903,Sara's Notebook,Norberto López Amado,"Belén Rueda, Marian Álvarez, Iván Mendes, Manolo Cardona, Nick Devlin, Florin Opritescu",Spain,TV-MA,117,"Dramas, International Movies, Thrillers","A naive Madrid lawyer travels to Africa to search for her younger sister, who has gone missing in a part of Congo plagued by violence and strife."
80192137,Fernando Sanjiao: Hombre,"Raúl Campos, Jan Suter",Fernando Sanjiao,Argentina,TV-MA,63,Stand-Up Comedy,Argentine actor and comedian Fernando Sanjiao uses humor and impersonations to explore the concepts of masculinity and fatherhood in modern times.
80195049,Ibiza,Alex Richanbach,"Gillian Jacobs, Vanessa Bayer, Phoebe Robinson, Richard Madden, Michaela Watkins, Félix Gómez",United States,TV-MA,94,"Comedies, Romantic Movies","When Harper is sent to Spain for an important work meeting, her hard-partying friends tag along and convince her to pursue a fling with a famous DJ."
80186850,Steve Martin and Martin Short: An Evening You Will Forget for the Rest of Your Life,Marcus Raboy,"Steve Martin, Martin Short",United States,TV-14,74,Stand-Up Comedy,"Longtime pals and showbiz icons Steve Martin and Martin Short share countless quips, catchy tunes and hilarious stories about their lives in comedy."
81057229,The Man Who Feels No Pain,Vasan Bala,"Abhimanyu Dassani, Radhika Madan, Gulshan Devaiah, Mahesh Manjrekar, Jimit Trivedi, Loveleen Mishra, Sartaaj Kakkar, Riva Arora",India,TV-MA,137,"Action & Adventure, Comedies, International Movies","Leveraging his ability to withstand pain, a young man trains to follow in the footsteps of his martial-arts hero in this high-action, meta comedy."
80151384,Tig Notaro Happy To Be Here,Tig Notaro,Tig Notaro,United States,TV-14,58,Stand-Up Comedy,"Comedian Tig Notaro unleashes her inner prankster in a playful stand-up special packed with funny anecdotes, parenting confessions and more."
81005364,Zero,Aanand Rai,"Shah Rukh Khan, Anushka Sharma, Katrina Kaif, Mohammed Zeeshan Ayyub, Tigmanshu Dhulia, Sheeba Chaddha, Brijendra Kala, Mallika Dua, Abhay Deol, Madhavan",India,TV-14,159,"Comedies, Dramas, International Movies","Through his relationships with two wildly different women, a vertically challenged bachelor with a larger-than-life persona must discover his purpose."
81103139,Her Only Choice,Christel Gibson,"Denise Boutte, Timon Kyle Durrett, Leon, Tamara Tunie, Vanessa Bell Calloway, Tiffany Snow, Keith Arthur Bolden, Elise Neal, Jeryl Prescott",United States,TV-14,87,Dramas,A woman must decide if she’s willing to end her pregnancy to save her own life after being diagnosed with breast cancer.
81096151,Laatu,Manav Shah,"Gagan Kokri, Aditi Sharma, Karamjit Anmol, Sardar Sohi, Anita Devgan, Ashish Duggal, Nisha Bano, Harby Sangha, Rahul Jungral, Prakash Gadhu",India,TV-Y7,116,"Comedies, Dramas, International Movies",A man who hopes to bring light to his village must compete with an officer from the electricity department to win over the love of his life.
80161216,Cargo,"Yolanda Ramke, Ben Howling","Martin Freeman, Anthony Hayes, Susie Porter, Kris McQuade, Caren Pistorius","Australia, United Arab Emirates",TV-MA,104,"Horror Movies, International Movies","Amid a terrifying pandemic, a father searches the wilds of Australia for someone willing to protect and care for his infant daughter."
80218111,Catching Feelings,Kagiso Lediga,"Kagiso Lediga, Pearl Thusi, Akin Omotoso, Andrew Buckland",South Africa,TV-MA,117,"Comedies, International Movies, Romantic Movies","Amid growing tensions in their marriage, a Johannesburg professor and his journalist wife find their lives upended by a famous, hard-partying author."
81103108,First Impression,Arthur Muhammad,"Lamman Rucker, Lisa Arrindell Anderson, Elise Neal, Kendrick Cross",United States,TV-14,96,"Comedies, Romantic Movies","Unaware they’ve matched online, a struggling writer embellishes his lifestyle to impress a successful exec with whom he sparks an unexpected romance."
81038047,Jonaki,Aditya Vikram Sengupta,"Lolita Chatterjee, Sumanto Chattopadhyay, Ratnabali Bhattacharjee, Jim Sarbh, Indrajit Sinha, Sandershika Tamang, Arunima Sinha, Satya Priya Chakraborty, Christel Das, Burjor Patel",India,TV-14,96,"Dramas, Independent Movies, International Movies","In this quiet, wistful drama, a woman on her deathbed searches her fraying memories for love and fulfillment through surreal, meditative tableaux."
81110388,7 Din Mohabbat In,"Meenu Gaur, Farjad Nabi","Mahira Khan, Sheheryar Munawar, Javed Sheikh, Hina Dilpazeer, Amna Ilyas, Mira Sethi, Rimal Ali, Salahuddin Tunio, Aamir Qureshi, Adnan Shah",Pakistan,TV-PG,137,"Comedies, International Movies, Music & Musicals","Given just seven days by a genie to find a girl who will fall for him, a nerdy young man embarks on a madcap and messy search for his would-be wife."
80220311,All the Devil's Men,Matthew Hope,"Milo Gibson, Sylvia Hoeks, Gbenga Akinnagbe, William Fichtner, Joseph Millson, Elliot Cowan, Perry Fitzpatrick, Warren Rusher",United Kingdom,R,100,Action & Adventure,A battle-scarred Special Ops military vet joins a CIA-funded assignment to take down a Russian terrorist and his trigger-happy comrades.
81110389,Cake,Asim Abbasi,"Aamina Sheikh, Sanam Saeed, Adnan Malik, Mohammad Ahmad, Beo Rana Zafar, Faris Khalid, Hira Hussain, Mikaal Zulfiqar","United Kingdom, Pakistan",TV-14,125,"Comedies, Dramas, International Movies","When their aging father’s illness reunites two sisters under one roof, new tensions arise between them as old wounds and hidden secrets surface."
81123050,Hamid,Aijaz Khan,"Talha Arshad Reshi, Rasika Dugal, Vikas Kumar, Sumit Kaul, Bashir Lone, Gurveer Singh, Ashraf Nagoo, Mir Sarvar",India,TV-14,108,"Dramas, Independent Movies, International Movies","Wanting his missing father to come home, a Kashmiri boy repeatedly attempts to call God for help – until one day, a hardened army officer picks up."
80243408,Aiyaary,Neeraj Pandey,"Sidharth Malhotra, Manoj Bajpayee, Rakul Preet Singh, Pooja Chopra, Adil Hussain, Kumud Mishra, Naseeruddin Shah, Anupam Kher, Vikram Gokhale, Juhi Babbar",India,TV-14,158,"Action & Adventure, Dramas, International Movies","When his protégé goes rogue and poses a grave threat to the government he serves, a veteran officer of the Indian Army tries to stop him at all costs."
81094666,Killer Cove,Damián Romay,"Haley Webb, Donny Boaz, Cathy Baron, Jason Alan Smith, Dennis Staroselsky, Owen Miller, Shawn Fitzgibbon",United States,TV-14,87,Thrillers,"An unlucky woman finds a solution for her hateful ex, a trying job hunt and a stalker through a charming P.I. – only to endure a new set of problems."
80186940,Ali Wong: Hard Knock Wife,Jay Karas,Ali Wong,United States,TV-MA,64,Stand-Up Comedy,"Two years after the hit ""Baby Cobra,"" Ali Wong is back with another baby bump – and a torrent of hilarious truths about marriage and motherhood."
81077874,Merata: How Mum Decolonised the Screen,Hepi Mita,Hepi Mita,New Zealand,TV-14,88,Documentaries,New Zealand film archivist Heperi Mita traces the cinematic legacy of his mother and trailblazing Maori filmmaker Merata Mita.
81039410,Dry Martina,Che Sandoval,"Antonella Costa, Patricio Contreras, Geraldine Neary, Pedro Campos, Álvaro Espinosa","Chile, Argentina",TV-MA,100,"Dramas, Independent Movies, International Movies",An odd encounter with a fan and a tryst with that fan's ex-boyfriend leads a sexually adventurous singer on an escapade in Chile.
80192065,Carlos Ballarta: Furia Ñera,"Raúl Campos, Jan Suter",Carlos Ballarta,Mexico,TV-MA,63,Stand-Up Comedy,Mexican comic Carlos Ballarta mocks himself and points out the absurdities of parenthood and how he uses his wife's pregnancies to avoid commitments.
80143556,The Kissing Booth,Vince Marcello,"Joey King, Joel Courtney, Jacob Elordi, Molly Ringwald","United Kingdom, United States",TV-14,105,"Comedies, Romantic Movies","When teenager Elle's first kiss leads to a forbidden romance with the hottest boy in high school, she risks her relationship with her best friend."
81092779,Chhota Bheem Aur Kaala Yodha,"Sidheswar Shukla, Asit Mohapatra","Julie Tejwani, SABINA MALIK, Jigna Bharadhwaj, Rupa Bhimani, Lalit Agarwal, Rajesh Shukla, Disha, Rajesh Kawa, Raju",,TV-Y7,63,Movies,"Finally released after being trapped in an ancient book for centuries, a wicked warrior sets out to conquer Dholakpur – but not if Bheem can help it!"
81092776,Chhota Bheem Ka Romani Adventure,"Asit Mohapatra, Shyamal Chaulia","Julie Tejwani, SABINA MALIK, Jigna Bharadhwaj, Rupa Bhimani, Lalit Agarwal, Rajesh Shukla, Disha, Rajesh Kawa, Raju",,TV-Y7,62,Children & Family Movies,"Bheem and King Indraverma travel to Rome for a trading venture, but when the king of a neighboring land attacks, can Bheem’s wile and wit save the day?"
81092778,Chhota Bheem Ka Troll Se Takkar,"Shyamal Chaulia, Asit Mohapatra","Julie Tejwani, SABINA MALIK, Jigna Bharadhwaj, Rupa Bhimani, Lalit Agarwal, Rajesh Shukla, Disha, Rajesh Kawa, Raju",,TV-Y7,62,Movies,Trolls kidnap the king's daughters and overtake the kingdom of Messina. Can Bheem track them down and bring the princesses home?
80216541,In Family I Trust,Patricia Font,"Clara Lago, Álex García, Carmen Maura, Alexandra Jiménez, Paula Malia, Fernando Guallar, Carlos Cuevas",Spain,TV-MA,98,"Comedies, Dramas, International Movies","After her partner cheats on her, an architect returns to her hometown to reassess her life with the help of her eccentric family. Based on the novel."
81076049,American Experience: The Island Murder,Mark Zwonitzer,Blair Brown,United States,TV-14,53,Documentaries,"In 1931, a young Navy wife tore apart Hawaii on racial lines after claiming she was raped by a gang of nonwhite islanders."
81069255,John & Yoko: Above Us Only Sky,Michael Epstein,"John Lennon, Yoko Ono",United Kingdom,TV-14,90,"Documentaries, Music & Musicals","Featuring interviews and never-before-seen footage, this film tells the story behind John Lennon and Yoko Ono’s seminal 1971 album, “Imagine.”"
81094083,Kia and Cosmos,Sudipto Roy,"Ritwika Pal, Swastika Mukherjee, Joy Sengupta",India,TV-14,124,"Dramas, Independent Movies, International Movies",A 15-year-old girl with autism attempts to write a mystery novel based on her hunt for the killer of a neighborhood cat.
81049260,Munafik 2,Syamsul Yusof,"Syamsul Yusof, Maya Karin, Nasir Bilal Khan, Rahim Razali, Fizz Fairuz, Fauzi Nawawi, Mawi, Ku Faridah",Malaysia,TV-MA,104,"Horror Movies, International Movies","Haunted by terrifying visions, a Muslim healer finds his faith tested when he helps a woman locked in battle, body and soul, with a diabolical leader."
81017593,Robin Hood: The Rebellion,Nicholas Winter,"Ben Freeman, James Oliver Wheatley, Marie Everett, Jamie Kenna, James Groom, James G. Nunn, Martyn Ford, Gareth David-Lloyd, Brian Blessed, Kristian Nairn",United Kingdom,TV-14,92,"Action & Adventure, Independent Movies, International Movies","When the Sheriff of Nottingham takes his beloved captive, Robin Hood embarks on a daring rescue mission at the tyrant's castle."
81021631,Two Graves,Gary Young,"Cathy Tyson, Katie Jarvis, David Hayman, Josh Herdman, Dave Johns, Danielle Harold, Kedar Williams-Stirling, Neal Ward",United Kingdom,TV-MA,80,Thrillers,"A doctor and a drug addict kidnap the son of a local gangster, seeking revenge for the death of a loved one."
80241044,"27, el club de los malditos",Nicanor Loreti,"Diego Capusotto, Sofía Gala, Daniel Aráoz, Willy Toledo, El Polaco, Paula Manzone, Yayo Guridi, Guillermo Toledo",Argentina,TV-MA,82,"Action & Adventure, Comedies, International Movies","After a musician dies under suspicious circumstances, a hard-drinking detective and a music fan investigate why rock stars often die at the age of 27."
80232330,Darc,Julius R. Nasso,"Tony Schiena, Armand Assante, Kippei Shiina, Sho Ikushima, Vienna Hehir, Tetsu Watanabe, Grand Master John U. Kim, Dawn Olivieri",United States,TV-MA,98,"Action & Adventure, Independent Movies","To bring down a global human trafficking ring, an Interpol agent recruits the help of a brutal criminal with inside knowledge of the yakuza."
80238110,John Mulaney: Kid Gorgeous at Radio City,Alex Timbers,John Mulaney,United States,TV-MA,65,Stand-Up Comedy,"John Mulaney relays stories from his childhood and “SNL,” eviscerates the value of college and laments getting older in this electric comedy special."
80224106,My Perfect Romance,Justin G. Dyck,"Kimberly-Sue Murray, Christopher Russell, Lauren Holly, Jodie Sweetin, Morgan Fairchild",Canada,PG,92,"International Movies, Romantic Movies","Just in time for Valentine's Day, a program developer pitches a revolutionary dating algorithm to her new CEO, who volunteers them as guinea pigs."
80233493,Tremors 6: A Cold Day in Hell,Don Michael Paul,"Michael Gross, Jamie Kennedy, Tanya van Graan, Jamie-Lee Money, Stephanie Schildknecht, Greg Kriek, Jenna Upton, Jay Anstey, Christie Peruso","United States, South Africa",PG-13,98,"Action & Adventure, Comedies, Horror Movies","The subterranean, worm-like creatures are back, and Graboid-hunter Burt Gummer suspects they've been weaponized."
80152434,The Outsider,Martin Zandvliet,"Jared Leto, Tadanobu Asano, Kippei Shiina, Shioli Kutsuna, Emile Hirsch, Raymond Nicholson, Rory Cochrane, Nao Omori, Min Tanaka",United States,TV-MA,121,"Dramas, Thrillers","An American soldier imprisoned in postwar Japan enters the dark world of the yakuza, adopting their way of life in repayment for his freedom."
81074140,Hajwala 2: Mysterious Mission,"Ibrahim Bin Mohamed, Hasan Aljaberi","Hussain Al Hosani, Ali Almarzouqi, Abdullah Al Yousef, Omar Al Hafidh, Meral Niazi, Yaser Hassan, Fatema Almansoori, Ahmed El Mohammdi",United Arab Emirates,TV-14,116,"Action & Adventure, Comedies, International Movies","In this sequel, a group of expert drivers skilled in drifting and high-speed racing is recruited to perform obscure tasks for a shadowy gang."
80189630,Nappily Ever After,Haifaa Al-Mansour,"Sanaa Lathan, Ricky Whittle, Lynn Whitfield, Lyriq Bent, Ernie Hudson",United States,TV-MA,99,"Comedies, Dramas, Romantic Movies","When a perfectionist ad exec experiences a romantic setback, she embarks on a journey of self-discovery that begins with a dramatic hair makeover."
80238080,Aliens Ate My Homework,Sean McNamara,"William Shatner, Dan Payne, Kirsten Robek, Ty Consiglio, Sean McNamara, Christian Convery, Jayden Greig, Lauren McNamara, Alex Zahara, Sandy Robson",United States,PG,90,"Children & Family Movies, Comedies, Sci-Fi & Fantasy",Tiny alien lawmen fly into Rod's bedroom and recruit him into helping them stop an intergalactic criminal – who's disguised as a very familiar human.
80170187,Gad Elmaleh: American Dream,Michael Simon,Gad Elmaleh,United States,TV-14,58,Stand-Up Comedy,"In his first English-language special, comedian Gad Elmaleh gleefully digs into America's food obsessions, dating culture, slang and more."
80221560,Christopher Robin,Marc Forster,"Ewan McGregor, Hayley Atwell, Bronte Carmichael, Mark Gatiss, Jim Cummings, Brad Garrett, Nick Mohammed, Peter Capaldi",United States,PG,104,"Children & Family Movies, Comedies, Dramas","Now a careworn middle-aged man, Christopher Robin goes on a familiar adventure when his old pal Winnie the Pooh brings him to the Hundred Acre Wood."
81044496,The Burial of Kojo,"Sam ""Blitz"" Bazawule","Cynthia Dankwa, Ama K. Abebrese, Joseph Otsiman, Kobina Amissah Sam, Mamley Djangmah, Henry Adofo, Anima Misa, Brian Angels","Ghana, United States",TV-14,81,"Dramas, Independent Movies, International Movies","When a man is left to die inside an illegal gold mine, his daughter travels through a magical landscape to save him."
80117458,First Match,Olivia Newman,"Elvire Emanuelle, Yahya Abdul-Mateen II, Colman Domingo, Jharrel Jerome, Kim Ramirez, Jared Kemp, Allen Maldonado",United States,TV-MA,103,"Dramas, Independent Movies, Sports Movies",A tenacious high school girl raised in foster homes in the inner city tries to reconnect with her ex-con father by joining a boys wrestling team.
80143362,Happy Anniversary,Jared Stern,"Noël Wells, Ben Schwartz, Joe Pantoliano, Annie Potts, Rahul Kohli, Kristin Bauer van Straten, David Walton, Leonardo Nam, Kate Berlant",United States,TV-MA,78,"Comedies, Romantic Movies",A quirky couple spends their three-year dating anniversary looking back at their relationship and contemplating whether they should break up.
80183197,Sofía Niño de Rivera: Selección Natural,"Raúl Campos, Jan Suter",Sofía Niño de Rivera,Mexico,TV-MA,62,Stand-Up Comedy,"Mexico's Sofía Niño de Rivera brings her dark humor to the stage with jokes about marriage traps, sexually attractive leopards and funny funerals."
80148210,The Titan,Lennart Ruff,"Sam Worthington, Taylor Schilling, Agyness Deyn, Nathalie Emmanuel, Noah Jupe, Corey Johnson, Aleksandar Jovanovic, Diego Boneta, Tom Wilkinson","United Kingdom, Spain, United States, Germany",TV-MA,97,"Dramas, Sci-Fi & Fantasy, Thrillers","On a bleak future Earth, a soldier endures a radical genetic transformation to save humanity. But his wife fears he's becoming more creature than man."
81038046,Sei,Raj Babu,"Nakhul, Aanchal Munjal, Nassar, Prakash Raj, Thalaivasal Vijay, Manobala, Jeyan Cherthala, Annadurai Kannadasan",India,TV-14,126,"Action & Adventure, Comedies, Dramas","An aspiring yet aimless actor takes over his ailing father's job as an ambulance driver, unwittingly getting involved in an organ-trafficking network."
80202809,Superlopez,Javier Ruiz Caldera,"Dani Rovira, Alexandra Jiménez, Julián López, Maribel Verdú, Pedro Casablanc, Gracia Olayo, Ferran Rañé, Gonzalo de Castro, Mireia Portas",Spain,TV-14,108,"Action & Adventure, Comedies, International Movies","In this adaptation of the comic strip, Juan López must balance an office job with heroic feats to save the love of his life and native planet Chitón."
80169617,"Game Over, Man!",Kyle Newacheck,"Adam DeVine, Anders Holm, Blake Anderson, Utkarsh Ambudkar, Aya Cash, Neal McDonough, Daniel Stern, Jamie Demetriou, Rhona Mitra, Sam Richardson, Steve Howey, Mac Brandt, Geno Segers, Roe Hartrampf",United States,TV-MA,102,"Action & Adventure, Comedies",Three buddies with big dreams go from underachieving slackers to badass warriors when their posh hotel is taken over by terrorists.
80242378,Paradox,Daryl Hannah,"Neil Young, Lukas Nelson, Micah Nelson, Corey McCormick, Anthony Logerfo, Tato",United States,TV-MA,74,"Dramas, Independent Movies",Neil Young and his band of outlaws sow seeds of strange mischief and musical wonder under Western skies in this dreamlike film by Daryl Hannah.
80171733,Roxanne Roxanne,Michael Larnell,"Chanté Adams, Mahershala Ali, Nia Long, Elvis Nolasco, Kevin Phillips, Shenell Edmonds",United States,TV-MA,100,Dramas,"She grew up in a tough New York neighborhood in the '80s and made history with ""Roxanne's Revenge."" The story of teen battle rap champ Roxanne Shante."
80991158,Mirage,Oriol Paulo,"Adriana Ugarte, Chino Darín, Javier Gutiérrez, Álvaro Morte, Nora Navas, Miquel Fernández, Clara Segura, Mima Riera, Aina Clotet, Albert Pérez, Julio Bohigas-Couto, Belén Rueda",Spain,TV-MA,129,"Dramas, International Movies, Sci-Fi & Fantasy","A space-time continuum glitch allows Vera to save a boy's life 25 years earlier, but results in the loss of her daughter, whom she fights to get back."
80195967,A.X.L.,Oliver Daly,"Alex Neustaedter, Becky G., Alex MacNicoll, Dominic Rains, Thomas Jane, Lou Taylor Pucci, Patricia De Leon, Niko Guardado, Ted McGinley, Marie-Françoise Theodore, Eric Etebari, Dorian Kingi",United States,PG,99,"Action & Adventure, Children & Family Movies, Independent Movies","Young motocross racer Miles Hill helps a top-secret robotic combat dog evade its ruthless creator and the military, who are in hot pursuit."
81048554,Imago,"Karan Shivajirao Chavan, Vikram Tanajirao Patil","Aishwarya Ghaydar, Amol Deshmukh, Adarsh Kurne, Vishwas Kamble, Neha Awati, Amaraja Patil, Rinkle Chopde, Shreyas Gurav",India,TV-PG,97,"Dramas, Independent Movies, International Movies","A teen with vitiligo struggles with self-doubt and anxiety until a new schoolteacher sees her through a different lens, and urges her to do the same."
81033516,River's Edge,Isao Yukisada,"Fumi Nikaido, Ryo Yoshizawa, Shuhei Uesugi, Sumire, Shiori Doi, Aoi Morikawa",Japan,TV-MA,118,"Dramas, International Movies","High schooler Haruna befriends loner Yamada, then is drawn into the tangled relationship between him, a model and the girl who loves him unreasonably."
81075235,Sarkar,A.R. Murugadoss,"Vijay, Varalakshmi Sarathkumar, Keerthi Suresh, Radha Ravi, Pala Karuppaiah, Yogi Babu",India,TV-MA,162,"Action & Adventure, Dramas, International Movies",A ruthless businessman’s mission to expose electoral fraud brings him into a heated and dangerous political conflict with two corrupt ministers.
81072516,Sarkar,A.R. Murugadoss,"Vijay, Varalakshmi Sarathkumar, Keerthi Suresh, Radha Ravi, Pala Karuppaiah, Yogi Babu",India,TV-MA,162,"Action & Adventure, Dramas, International Movies",A ruthless businessman’s mission to expose electoral fraud brings him into a heated and dangerous political conflict with two corrupt ministers.
80192139,Malena Pichot: Estupidez compleja,"Raúl Campos, Jan Suter",Malena Pichot,Argentina,TV-MA,51,Stand-Up Comedy,"An Argentine comedian espouses the values of feminism, speaking on topics like sex, language, abortion and why it's OK to let a man buy you dinner."
80192063,Natalia Valdebenito: El especial,"Raúl Campos, Jan Suter",Natalia Valdebenito,Chile,TV-MA,69,Stand-Up Comedy,"A Chilean comedian fuses activism with irreverence for a stand-up set filled with jokes about misogyny, reproductive rights and respecting women."
81047798,Tinker',Sonny Marler,"Clayne Crawford, Christian Kane, Colt Crawford, Wilmer Calderon, Randy Smith, Wendy Baron, Lennie Crawford, Chalet Lizette Brannan",United States,TV-14,97,"Dramas, Independent Movies, Sci-Fi & Fantasy","While building a revolutionary machine outlined in his late father's journal, a recluse farmer becomes the guardian for his gifted six-year-old nephew."
81019338,All About Nina,Eva Vives,"Mary Elizabeth Winstead, Common, Kate del Castillo, Chace Crawford, Jay Mohr, Beau Bridges, Clea DuVall, Melonie Diaz, Camryn Manheim, Mindy Sterling, Angelique Cabral, Nicole Byer, Todd Louiso, Elizabeth Masucci, Sonoya Mizuno, Charlotte Newhouse, Victor Rasuk, Andree Vermeulen",United States,R,101,"Comedies, Dramas, Independent Movies","Fearless provocation has fueled stand-up comic Nina Geld's career, but a move to LA and a new love take her to new levels of honesty."
80204923,Benji,Brandon Camp,"Gabriel Bateman, Darby Camp, Kiele Sanchez, Jerod Haynes, Gralen Bryant Banks, Angus Sampson, Will Rothhaar, Jim Gleason, Brady Permenter","United Arab Emirates, United States",TV-PG,87,"Children & Family Movies, Dramas",A determined dog comes to the rescue and helps heal a broken family when a young boy and his sister stumble into some serious danger.
80223734,Yoo Byung Jae: Too Much Information,Yoo Byung-jae,Yoo Byung-jae,,TV-MA,63,Stand-Up Comedy,"""Saturday Night Live Korea"" writer-turned-comedian Yoo Byung-jae lays bare his childhood memories and philosophy on sex in his first stand-up venture."
81013990,Bombairiya,Pia Sukanya,"Radhika Apte, Siddhant Kapoor, Akshay Oberoi, Adil Hussain, Amit Sial, Ravi Kishan, Ajinkya Deo, Shilpa Shukla","United Arab Emirates, United Kingdom, India",TV-14,108,"Comedies, Dramas, International Movies","A PR agent trying to find her stolen phone, a politician in trouble, and a fading celebrity find their lives intertwining in unexpected, messy ways."
81074015,Chief Daddy,Niyi Akinmolayan,"Taiwo Obileye, Joke Silva, Falz The Bahd Guy, Dakore Akande, Funke Akindele, Zainab Balogun, Shaffy Bello, Ini Edo, Linda Ihuoma-Suleiman, Mawuli Gavor, Richard Mofe-Damijo, Rachael Oniga, Nkem Owoh, Patience Ozokwor",Nigeria,TV-14,98,"Comedies, Dramas, International Movies","When a wealthy patriarch unexpectedly drops dead, his money-crazed family, friends and staff scramble for his billionaire fortune."
81004374,Girl,Lukas Dhont,"Victor Polster, Arieh Worthalter, Oliver Bodart, Tijmen Govaerts, Katelijne Damen, Valentijn Dhaenens, Magali Elali, Alice de Broqueville, Chris Thys, Angelo Tijssens","Belgium, Netherlands",R,106,"Dramas, International Movies, LGBTQ Movies",Fifteen-year-old ballet dancer Lara faces physical and emotional hurdles as she prepares for gender confirmation surgery. Inspired by a true story.
81024308,Late Life: The Chien-Ming Wang Story,Frank W Chen,Chien-Ming Wang,"United States, Taiwan",TV-14,98,"Documentaries, Sports Movies",Injuries sidelined the bright career of New York Yankees pitcher Chien-Ming Wang. This documentary captures his relentless battle back to the majors.
81031178,Paskal,Adrian Teh,"Hairul Azreen, Ammar Alfian, Jasmine Suraya, Henley Hii, Hafizul Kamal, Theebaan Govindasamy, Gambit Saifullah, Taufiq Hanafi, Nam Ron, Amerul Affendi, Tiger Chen",Malaysia,TV-14,115,"Action & Adventure, Dramas, International Movies",Naval unit PASKAL is among the most elite special forces in Malaysia. But all bets are off when one of its own stages a hijacking. Based on true events.
81034771,Twinsanity,Buz Wallick,"Karissa Strain, Katie Strain, Yves Bright, Angie Everhart, Thaddeus Shafer, Mary O'Neil",United States,TV-14,86,"Horror Movies, Independent Movies, Thrillers","When a yoga enthusiast begins to pull away from her identical twin sister and business partner, their lifelong bond turns deadly."
80226234,Steel Rain,Yang Woo-seok,"Woo-sung Jung, Do-won Kwak, Kap-soo Kim, Woo-jin Jo, Eui-sung Kim, Kyeong-yeong Lee, Won-joong Jung, Hyun-sung Jang",South Korea,TV-MA,140,"Action & Adventure, Dramas, International Movies","Amid a coup, a North Korean agent escapes south with the country's injured leader in an attempt to keep him alive and prevent a Korean war."
80189653,Ricky Gervais: Humanity,John L. Spencer,Ricky Gervais,United Kingdom,TV-MA,79,Stand-Up Comedy,"In his first special in seven years, Ricky Gervais slings his trademark snark at celebrity, mortality and a society that takes everything personally."
80135585,Stretch Armstrong: The Breakout,Victor Cook,"Scott Menville, Steven Yeun, Ogie Banks, Nazneen Contractor, Kate Mulgrew, Wil Wheaton, Keith David, Jon Heder, Yvette Nicole Brown, Clancy Brown, James Arnold Taylor, Grey Griffin, Miguel Ferrer, Kelly Hu, Walter Koenig, Vanessa Marshall, Will Friedle, Andrew Kishino",United States,TV-Y7-FV,104,Children & Family Movies,"Villains are rampaging through Charter City and the Flex Fighters – Jake, Ricardo and Nathan – need your help to halt the chaos."
81059183,"2,215",Nottapon Boonprakob,Artiwara Kongmalai,Thailand,TV-14,89,"Documentaries, International Movies, Sports Movies","This intimate documentary follows rock star Artiwara Kongmalai on his historic, 2,215-kilometer charity run across Thailand in 2017."
81024332,An Interview with God,Perry Lang,"Brenton Thwaites, David Strathairn, Hill Harper, Charlbi Dean, Yael Grobglas",United States,TV-PG,97,"Dramas, Faith & Spirituality","After an assignment in a war zone, a journalist trying to put his life back together is granted an interview with someone claiming to be God."
80987464,Budapest,Xavier Gens,"Manu Payet, Jonathan Cohen, Monsieur Poulpe, Alice Belaïdi, Alix Poisson","France, Belgium",TV-MA,103,"Comedies, International Movies","Two best friends put their careers and marriages on the line when they launch a business hosting outrageous, anything-goes bachelor parties in Hungary."
80207473,Dead in a Week (Or Your Money Back),Tom Edmunds,"Tom Wilkinson, Aneurin Barnard, Freya Mavor, Marion Bailey, Christopher Eccleston, Nigel Lindsay, Velibor Topic",United Kingdom,TV-MA,90,Comedies,"After several failed attempts at taking his own life, a young man hires an aging assassin who’ll do anything to fend off retirement."
80990534,Haunting on Fraternity Row,Brant Sersen,"Jacob Artist, Jayson Blair, Shanley Caswell, Claudia Lee, Ashton Moio, Cameron Moulene, Molly Tarlov, Chester Rushing",United States,TV-MA,99,"Horror Movies, Independent Movies","When a fraternity's last big luau serves up horrible deaths to its partygoers, the brothers learn firsthand about their house’s frightening history."
81045720,Paranormal Investigation,Franck Phelizon,"Andrei Indreies, Jean-Baptiste Heuet, Jose Atuncar, Pierre Porquet, Claudine Bertin, Gabriella Jordan, Effie Rey, Catalin Morar, Antoine Rodriguez","United States, France",TV-MA,93,"Horror Movies, International Movies, Thrillers","When a young man becomes possessed after playing a Ouija game, a ghost hunter investigates the evil spirit dwelling within him."
81083971,Sarvam Thaala Mayam (Tamil Version),Rajiv Menon,"G.V. Prakash Kumar, Nedumudi Venu, Aparna Balamurali, Divyadarshini, Vineeth, Kumaravel, Ravi Prakash, Sumesh",India,TV-14,131,"Dramas, International Movies, Music & Musicals","An aspiring musician battles age-old caste divides to be able to learn the art of a classical instrument from a traditionalist, veteran percussionist."
81016361,The Incredible Story of the Giant Pear,"Philip Einstein Lipski, Jørgen Lerdam, Amalie Næsby Fick","Paul Tylak, Susie Power, Roger Gregg, Dermot Magennis, Marcus Lamb, J. Drew Lucas",Denmark,TV-G,75,Children & Family Movies,"Sebastian the elephant and his feline friend Mithco sail on a gigantic peach to rescue Sunnytown's beloved mayor, who's stranded on a mysterious island."
81055395,The Last Runway,"Rodrigo Salomón, Pietro Scappini","Luis Aguirre, Andrea Quattrocchi, Silvio Rodas, Felix Medina, Gonzalo Vivanco, Bruno Sosa, Andrea Frigerio, Mauricio A. Jortack, Rafael Rojas Doria, Roberto Weiss, Fabio Chamorro, Sergio Quiñonez Román, David Gerber","Paraguay, Argentina",TV-MA,107,"Action & Adventure, International Movies",An ex-colonel forms a special paramilitary group focused on combatting drug trafficking on the Paraguayan border.
80167647,Your Son,Miguel Ángel Vivas,"José Coronado, Ana Wagener, Asia Ortega, Pol Monen, Ester Expósito","Spain, France",TV-MA,103,"Dramas, International Movies, Thrillers","After his son is brutally beaten outside a nightclub, a surgeon takes the law into his own hands and seeks vengeance against the perpetrators."
80232404,Battle Drone,Mitch Gould,"Louis Mandylor, Daniel Southworth, Richard Alan Reid, Oleg Taktarov, Natassia Malthe, Jason Earles, Dominique Swain, Michael Paré",United States,TV-MA,94,"Action & Adventure, Independent Movies, Sci-Fi & Fantasy","A team of mercenaries working with the CIA accepts an off-the-books mission in Chernobyl, where deadly human-controlled droids prepare an ambush."
80168189,Alex Strangelove,Craig Johnson,"Daniel Doheny, Madeline Weinstein, Antonio Marziale, Daniel Zolghadri, Annie Q., Nik Dodani, Fred Hechinger, Kathryn Erbe, Isabella Amara, Sophie Faulkenberry",United States,TV-MA,100,"Comedies, Dramas, Independent Movies",High school senior Alex Truelove's plan to lose his virginity to lovable girlfriend Claire goes awry when he meets the equally lovable Elliot.
80244709,Ali's Wedding,Jeffrey Walker,"Osamah Sami, Don Hany, Helana Sawires, Frances Duca, Majid Shokor, Rodney Afif, Ghazi Alkinani, Ryan Corr",Australia,TV-MA,110,"Comedies, Independent Movies, International Movies","After telling a white lie that spins out of control, the son of an Iraqi-born cleric in Melbourne becomes torn between family duty and his own heart."
80194946,Franco Escamilla: Por la anécdota,Ulises Valencia,Franco Escamilla,Mexico,TV-MA,66,Stand-Up Comedy,Mexican stand-up comedian Franco Escamilla draws his jokes from real-life experiences – and he's willing to do anything for new material.
81025973,Belmonte,Federico Veiroj,"Gonzalo Delgado, Olivia Molinaro Eijo, Jeannette Sauksteliskis, Tomás Wahrmann, María Noel Gutiérrez, Marcelo Fernández Borsari, Alejandro Castiglioni, Cecilia Caballero Jeske, Martín Reyes, Carolina Penadés","Uruguay, Spain, Mexico",TV-MA,74,"Dramas, Independent Movies, International Movies",An artist muddles through a midlife crisis while trying to balance his dimming career with a yearning to be a better father.
81113921,Stree,Amar Kaushik,"Rajkummar Rao, Shraddha Kapoor, Pankaj Tripathi, Aparshakti Khurana, Abhishek Banerjee, Atul Srivastava",India,TV-MA,127,"Comedies, Horror Movies, Independent Movies","Once a year, men in a small town fear abduction by an eccentric female spirit. A young tailor dismisses the idea of the ghost – until he falls for her."
81013112,The Push,"Grant Korgan, Brian Niles",Grant Korgan,United States,TV-MA,90,"Documentaries, Sports Movies","After a snowmobile accident paralyzed him, Grant Korgan became the first athlete with a spinal cord injury to push himself to the South Pole."
81035882,Step Outside,Wael Ihsan,"Kareem Mahmoud Abdel Aziz, Khaled El Sawy, Ahmed Fathy, Malak Koura, Ashraf Abdel Baqi",Egypt,TV-14,89,"Comedies, International Movies","A down-on-his-luck man reads a book, only to have its characters materialize and take over his life."
80996790,Dr. Seuss' The Grinch,"Scott Mosier, Yarrow Cheney","Benedict Cumberbatch, Cameron Seely, Rashida Jones, Pharrell Williams, Kenan Thompson, Angela Lansbury","France, China, Japan, United States",PG,86,"Children & Family Movies, Comedies",A grump with a mean streak plots to bring Christmas to a halt in the cheerful town of Whoville. But a generous little girl could change his heart.
81145270,Pierre Jackson,Christopher Nolen,"Trae Ireland, Chrystee Pharris, Brian Hooks, Dawnisha Halfkenny, Ebony Byrd Wesley, Simeon Henderson, Marquita Goings, Lew Collins, Kendra Gilliams, Caneil Oliver",United States,TV-MA,81,Romantic Movies,"In the midst of ann arduous divorce battle, a real estate tycoon opts for a life of partying and sex until feelings for his childhood friend surface."
80198478,Calibre,Matt Palmer,"Jack Lowden, Martin McCann, Tony Curran, Ian Pirie, Cameron Jack",United Kingdom,TV-MA,101,"Dramas, International Movies, Thrillers",Two lifelong friends on a hunting trip in Scotland find their nerves – and their morals – ruthlessly tested after a harrowing turn of events.
80191989,Jani Dueñas: Grandes fracasos de ayer y hoy,"Raúl Campos, Jan Suter",Jani Dueñas,Chile,TV-MA,77,Stand-Up Comedy,"Chilean comedian and personality Jani Dueñas pours out her feelings on issues that are all too universal, from aging to dieting to sex."
80238434,Penalty Kick,Rodrigo Triana,"Adrián Uribe, Julieth Restrepo, Carlos Manuel Vesga, José Sefami, Mary Paz Mata, Alicia Sandoval, Teresa Monroy, Eduardo Ibarrola","Colombia, Mexico",TV-14,89,"Comedies, Dramas, International Movies","Convinced Mexico will lose the World Cup qualifier without him, a soccer superfan faces an impossible choice when family obligations stand in his way."
80217569,TAU,Federico D'Alessandro,"Maika Monroe, Ed Skrein, Gary Oldman",United States,R,98,"Sci-Fi & Fantasy, Thrillers","Kidnapped by an inventor who uses her as a test subject to perfect his robotic AI, a street-smart young woman tries to escape her high-tech prison."
81130373,El testigo,Kate Horne,Jesús Abad Colorado,Dominican Republic,TV-14,73,"Documentaries, International Movies",Colombian photojournalist Jesús Abad Colorado shares the stories behind a series of civil war photographs he captured throughout the '80s and '90s.
80241779,Birthmarked,Emanuel Hoss-Desmarais,"Toni Collette, Matthew Goode, Andreas Apergis, Michael Smiley, Fionnula Flanagan, Suzanne Clément, Jordan Poole, Megan O'Kelly, Anton Gillis-Adelman, Tyrone Benskin, Vincent Hoss-Desmarais",Canada,TV-MA,88,"Comedies, Independent Movies, International Movies","In an attempt to settle the ""nature vs. nurture"" debate, a scientist couple raises three children to live lives that defy their genetic dispositions."
81002747,Spider-Man: Into the Spider-Verse,"Peter Ramsey, Rodney Rothman, Bob Persichetti","Shameik Moore, Jake Johnson, Hailee Steinfeld, Brian Tyree Henry, Lauren Vélez, Mahershala Ali, Lily Tomlin, Kathryn Hahn, Liev Schreiber, Kimiko Glenn, Nicolas Cage, John Mulaney",United States,PG,117,"Action & Adventure, Comedies","After being bitten by a radioactive spider, Brooklyn teen Miles Morales gets a crash course in web-slinging from his alternate-dimension counterparts."
81075239,The Golem,"Doron Paz, Yoav Paz","Hani Furstenberg, Ishai Golan, Kirill Cernyakov, Brynie Furstenberg, Lenny Ravitz, Alexey Tritenko, Adi Kvetner, Mariya Khomutova, Veronika Shostak, Konstantin Anikienko",Israel,TV-MA,95,"Horror Movies, Independent Movies, International Movies","As sickness spreads throughout the countryside, an infertile woman conjures a living child out of clay and sets it loose on her enemies."
80200015,W. Kamau Bell: Private School Negro,Shannon Hartman,W. Kamau Bell,United States,TV-MA,66,Stand-Up Comedy,"Comedian W. Kamau Bell muses on parenting in the Trump era, ""free speech"" dustups, woke children's TV and his fear of going off the grid."
81090899,Recall,Michael James Regan,"Michael James Regan, Tommy James Murphy, Louis Di Bianco, Stefano DiMatteo, Juan Carlos Velis, Katriina Isberg, Danny Bruzzi, Eugene Clark, Ronnie Rowe Jr., Brendee Green, A.C. Peterson",Canada,TV-MA,73,Dramas,"Struggling to move on from a heartbreaking loss, Mikey is drawn into a dangerous underworld robbery orchestrated by his unreliable stepbrother Dale."
81095399,Tottaa Pataaka Item Maal,Aditya Kripalani,"Shalini Vatsa, Chitrangada Chakraborty, Vinay Sharma, Sonal Joshi, Kritika Pande",India,TV-MA,107,"Dramas, Independent Movies, International Movies","Exasperated with living in perpetual fear for their safety, four women kidnap a man to show him the realities of being female in Delhi."
80160994,"To Each, Her Own",Myriam Aziza,"Sarah Stern, Jean-Christophe Folly, Julia Piaton, Arié Elmaleh, Clémentine Poidatz, Stéphane Debac, Richard Berry, Catherine Jacob",France,TV-MA,95,"Comedies, International Movies, LGBTQ Movies","Just as Simone works up the courage to tell her conservative Jewish family she's a lesbian, she finds herself attracted to a male Senegalese chef."
80993655,Us and Them,Rene Liu,"Jing Boran, Zhou Dongyu, Zhuangzhuang Tian, Qu Zheming, Zhang Zixian",China,TV-MA,119,"Dramas, International Movies, Romantic Movies","Two strangers meet on a train and form a bond that evolves over the years. After a separation, they reconnect and reflect on their love for each other."
81017094,Running for Grace,David L. Cunningham,"Ryan Potter, Matt Dillon, Jim Caviezel, Olivia Ritchie, Juliet Mills, Nick Boraine, Rumi Oyama",United States,TV-14,110,"Dramas, Romantic Movies","In 1920s Hawaii, a young man of mixed race and the daughter of a white plantation owner must overcome racial and class prejudice to be together."
80241071,VS.,Ed Lilly,"Connor Swindells, Fola Evans-Akingbola, Nicholas Pinnock, Ruth Sheen, Emily Taaffe, Shotty Horroh, Paige Meade, Elliot Barnes-Worrell, Joivan Wade, Youssef Berouain, Jurell Carter, Ellie James",United Kingdom,TV-MA,99,Dramas,"A young man in foster care finds his voice in the underground rap battle scene. But when his mother returns, a lifetime of pain comes with her."
80233611,Hannah Gadsby: Nanette,"Madeleine Parry, Jon Olb",Hannah Gadsby,Australia,TV-MA,70,Stand-Up Comedy,"Australian comic Hannah Gadsby reshapes standard stand-up by pairing punchlines with personal revelations on gender, sexuality and childhood turmoil."
81092781,Antariksha Ke Rakhwale,Anirban Majumder,"Sonal Kaushal, Rupa Bhimani, Julie Tejwani, Sabina Malik, Jigna Bharadhwaj, Rajesh Kawa",,TV-Y7-FV,65,Children & Family Movies,Space villains have abducted all the superheroes! It’s up to Bheem and his trusty team to save the others.
81001090,Big Kill,Scott Martin,"Christoph Sanders, Jason Patric, Clint Glenn Hummel, Lou Diamond Phillips, Danny Trejo, Scott Martin, Elizabeth McLaughlin, Stephanie Beran, K.C. Clyde, Michael Paré",United States,R,126,Action & Adventure,A tenderfoot and two gamblers seeking their fortunes in a boom town instead find themselves defending it from a gunslinging preacher and his gang.
81083891,Bob Lazar: Area 51 & Flying Saucers,Jeremy Kenyon Lockyer Corbell,Robert Lazar,United States,TV-MA,97,Documentaries,"Decades ago, Bob Lazar blew the whistle on Area 51. Now he’s back to explain the alien tech he worked with, and the government's war to shut him up."
81092780,Samudri Lootere,Anirban Majumder,"Sonal Kaushal, Rupa Bhimani, Julie Tejwani, Sabina Malik, Jigna Bharadhwaj, Rajesh Kawa",,TV-Y7-FV,65,Children & Family Movies,The king’s ship has been taken over by seemingly fearless pirates! Can Bheem find the one thing that might scare them away?
81092783,Super Bheem Bana Vajraveer,Sumit Das,"Sonal Kaushal, Rupa Bhimani, Julie Tejwani, Sabina Malik, Jigna Bharadhwaj, Rajesh Kawa",,TV-Y7-FV,63,Children & Family Movies,"Hoping to find a magical root, a monster has captured farmers in the land of Vyom. It’s up to Bheem and the gang to foil his plan and save the kingdom!"
80998296,Right Here Right Now,Jakob Lass,"Niklas Bruhn, David Schütter, Tinka Furst, Corinna Harfouch, Bela B. Felsenheimer, Martina Schöne-Radunski, Mathias Bloech, Tanna Barthel, Felix Maria Zeppenfeld, Kalle Schwensen",Germany,TV-MA,91,"Comedies, Dramas, Independent Movies","The owner of a failing music club throws one last blowout, bringing together friends, foes and hard-partying weirdos for an unhinged New Year's Eve."
81113927,Pihu,Vinod Kapri,Pihu Myra Vishwakarma,India,TV-14,90,"Dramas, Independent Movies, International Movies","A two-year-old must fend for herself when her mother suddenly passes away while her father is gone for a conference, leaving her prone to danger."
81002885,LEGO House - Home of the Brick,"Anders Falck, Stinus Morell Vithner",Bjarke Ingels,,TV-G,48,"Documentaries, International Movies","In Billund, Denmark, a nearly 130,000-square-foot house is constructed with 25 million Lego bricks, capturing the awe of kids of all ages."
80991033,Lust Stories,"Zoya Akhtar, Karan Johar, Anurag Kashyap, Dibakar Banerjee","Vicky Kaushal, Bhumi Pednekar, Radhika Apte, Neha Dhupia, Manisha Koirala, Akash Thosar, Randeep Jha, Neil Bhoopalam, Jaideep Ahlawat, Sanjay Kapoor, Kiara Advani",India,TV-MA,121,"Comedies, Dramas, International Movies","In the companion to 2013's ""Bombay Talkies,"" four short films by four of India's biggest directors explore love, sex and relationships in modern India."
80244547,Maktub,Oded Raz,"Guy Amir, Hanan Savyon, Itzik Cohen, Igal Naor",Israel,TV-MA,106,"Comedies, International Movies","After surviving a bomb attack, two low-level mobsters in Jerusalem change their ways and set about making strangers' Wailing Wall prayers come true."
80184100,Set It Up,Claire Scanlon,"Zoey Deutch, Glen Powell, Lucy Liu, Taye Diggs, Meredith Hagner, Pete Davidson, Tituss Burgess",United States,TV-14,106,"Comedies, Romantic Movies","In desperate need of a break from the office, two beleaguered assistants team up to trick their workaholic bosses into falling in love."
81035889,Savage Raghda,Mahmoud Karim,"Ramez Galal, Riham Hagag, Bayyumi Fuad, Entessar, Ahmed Fathy, Mohammed Tharwat",Egypt,TV-MA,93,"Comedies, International Movies, Romantic Movies","Desperate to support his son, a single father uses his talent with makeup to dress up as a woman to try out for a part in a commercial."
80221640,Ralph Breaks the Internet: Wreck-It Ralph 2,"Phil Johnston, Rich Moore","John C. Reilly, Sarah Silverman, Taraji P. Henson, Gal Gadot, Jack McBrayer, Jane Lynch, Alan Tudyk, Ed O'Neill, Susan Lucci, Jason Lee, Idina Menzel, Anika Noni Rose, Judy Reyes, Grant Show, Ana Ortiz, Ming-Na Wen, Rebecca Wisocky, Paige O'Hara, Linda Larkin, Mariana Klaveno, Daria Ramirez, Tom Irwin, Edy Ganem, Irene Bedard, Jodi Benson, Anthony Daniels",United States,PG,113,"Children & Family Movies, Comedies","When video-game bad guy Ralph and best friend Vanellope discover a way onto the internet, they set off on a mission to save her broken game."
81032375,Bullitt County,David McCracken,"Mike C. Nelson, Jenni Melear, David McCracken, Napoleon Ryan, Dorothy Lyman, Richard Riehle",United States,TV-MA,98,"Independent Movies, Thrillers","When four college friends reunite for a bachelor party, their hunt for cash said to be hidden in Kentucky's backwoods leads to bloodshed and betrayal."
81077539,Satan & Adam,V. Scott Balcerek,"Sterling Magee, Adam Gussow",United States,TV-14,78,"Documentaries, Music & Musicals",An aging blues guitarist and a grad student form an unlikely duo while busking on the street corners of 1980s Harlem.
80168167,Outside In,Lynn Shelton,"Jay Duplass, Edie Falco, Kaitlyn Dever, Ben Schwartz, Louis Hobson, Alycia Delmore, Pamela Reed, Matt Malloy, Aaron Blakely",United States,TV-MA,110,"Dramas, Independent Movies","After serving time for a crime he didn’t commit, a 38-year-old man forms a complicated, life-altering bond with the woman who advocated for his early release."
80221446,Mary Poppins Returns,Rob Marshall,"Emily Blunt, Lin-Manuel Miranda, Ben Whishaw, Emily Mortimer, Pixie Davies, Nathanael Saleh, Joel Dawson, Julie Walters, Meryl Streep, Colin Firth, Dick Van Dyke","United States, United Kingdom",PG,131,"Children & Family Movies, Music & Musicals","In 1930s London, Michael Banks and his three children get some help turning their topsy-turvy world around when his magical childhood nanny reappears."
80192064,Luciano Mellera: Infantiloide,"Raúl Campos, Jan Suter",Luciano Mellera,Argentina,TV-14,66,Stand-Up Comedy,Argentina's Luciano Mellera emphasizes the humorous and fantastical aspects of childhood through comedic impersonations and insights on daily life.
80176715,The Legacy of a Whitetail Deer Hunter,Jody Hill,"Josh Brolin, Danny McBride, Montana Jordan, Scoot McNairy, Carrie Coon",United States,TV-14,83,"Action & Adventure, Comedies, Dramas",A star of hunting videos strives to bond with his 12-year-old son on a wilderness trip but learns familial connections can't be forced.
80168029,The Skin of the Wolf,Samu Fuentes,"Mario Casas, Irene Escolar, Ruth Díaz",Spain,TV-14,110,"Dramas, Independent Movies, International Movies",An animal trapper living in an abandoned mountain town in northern Spain seeks to resolve his loneliness by securing a wife.
80245121,White Fang,Alexandre Espigares,"Nick Offerman, Rashida Jones, Paul Giamatti, Eddie Spears, David Boat, Sean Kenin, Raquel Antonia, Daniel Hagen, Stephen Kramer Glickman, William Calvert, Jason Grasl, Armando Riesco","France, Luxembourg, United States",TV-PG,88,"Children & Family Movies, Dramas",A loyal wolfdog's curiosity leads him on the adventure of a lifetime while serving a series of three distinctly different masters.
81039161,Ramen Shop,Eric Khoo,"Takumi Saitoh, Seiko Matsuda, Mark Lee, Jeanette Aw, Tsuyoshi Ihara, Tetsuya Bessho, Beatrice Chien","Singapore, Japan, France",TV-PG,90,"Dramas, International Movies",Ramen chef Masato travels to Singapore to retrace his mother's life and finds a deeper understanding of his family history and culture.
80192135,Coco y Raulito: Carrusel de ternura,"Raúl Campos, Jan Suter","Coco Celis, Raúl Meneses",Mexico,TV-MA,57,Stand-Up Comedy,"A study in contrasts, comedy partners and good friends Coco Celis and Raúl Meneses alternate separate stand-up sets for double the laughs."
80236421,Extinction,Ben Young,"Michael Peña, Lizzy Caplan, Israel Broussard, Mike Colter, Emma Booth, Lex Shrapnel, Erica Tremblay, Lilly Aspell",United States,TV-MA,95,"Action & Adventure, Dramas, Sci-Fi & Fantasy","Plagued by dreams of an alien invasion, a family man faces his worst nightmare when an extraterrestrial force begins exterminating Earth's inhabitants."
81092331,1st Summoning,Raymond Wood,"Hayley Lovitt, Teddy Cole, Brook Todd, Ace Harney, Jason Macdonald",United States,TV-MA,94,"Horror Movies, Independent Movies","Student filmmakers uncover occult rituals tied to an abandoned warehouse, then gradually realize the horror is closer than they think."
80173485,Boi,Jorge M. Fontana,"Bernat Quintana, Adrian Pang, Andrew Lua, Rachel Lascar, Fina Rius, Miranda Gas",Spain,TV-MA,111,"Dramas, Independent Movies, International Movies",A young chauffeur who's at a crossroads in his life escorts a pair of clients around Barcelona and becomes embroiled in their mysterious quest.
81005453,Parmanu: The Story of Pokhran,Abhishek Sharma,"John Abraham, Boman Irani, Diana Penty, Anuja Sathe, Yogendra Tikku, Aditya Hitkari, Vikas Kumar, Ajay Shankar, Darshan Pandya, Mark Benington",India,TV-14,124,"Dramas, International Movies","A dedicated government official puts his career in jeopardy by insisting that India become a nuclear power, a goal that powerful forces resist."
80213658,Iliza Shlesinger: Elder Millennial,Steve Paley,Iliza Shlesinger,United States,TV-MA,72,Stand-Up Comedy,"Newly engaged comic Iliza Shlesinger dives into undeniable truths about life at age 35, the insanity of the road traveled and what's to come."
80232989,The Warning,Daniel Calparsoro,"Raúl Arévalo, Aura Garrido, Hugo Arbues, Belén Cuesta, Antonio Dechent, Aitor Luna, Sergio Mur",Spain,TV-MA,93,"International Movies, Thrillers","After his friend is shot, Jon finds a mathematical pattern behind deaths that occurred at the same location and sets out to warn the next young victim."
80225024,The Competition,Harvey Lowry,"Thora Birch, Chris Klein, Claire Coffee, David Blue, Kelsey Tucker, Michael Draper, Jason Tobias, Gabrielle Stone, Catherine Johnson, Tiffany Fallon",United States,TV-14,103,"Comedies, Romantic Movies","After developing an ""infidelity formula"" said to repel cheating, a popular blogger crosses paths with a charming lawyer willing to put it to the test."
80213654,D.L. Hughley: Contrarian,Jay Chapman,D.L. Hughley,United States,TV-MA,58,Stand-Up Comedy,"D.L. Hughley riffs on hot-button political issues, celebrity scandals, his mother's tough love and more in a rapid-fire stand-up show in Philadelphia."
80158802,Demetri Martin: The Overthinker,"Jay Karas, Demetri Martin",Demetri Martin,United States,TV-MA,56,Stand-Up Comedy,"With his signature one-liners and drawings, Demetri Martin muses on doughnut holes, dogs, sports bars, the alphabet's most aggressive letters and more."
80195962,Duck Duck Goose,Chris Jenkins,"Jim Gaffigan, Zendaya, Lance Lim, Greg Proops, Reggie Watts, Carl Reiner, Jennifer Grey, Stephen Fry, Diedrich Bader, Natasha Leggero, Craig Ferguson, Rick Overton","China, United States, United Kingdom",PG,92,"Children & Family Movies, Comedies","As his flock's annual migration nears, a carefree goose is grounded with an injury and takes a pair of lost ducklings under his wing."
80186829,Nothing to Lose,Alexandre Avancini,"Petrônio Gontijo, Day Mesquita, Beth Goulart, Dalton Vigh, Eduardo Galvão, André Gonçalves, Marcello Airoldi",Brazil,PG,133,"Dramas, Faith & Spirituality, International Movies",This biographical drama traces the rise to fame of controversial Brazilian evangelical leader and business titan Edir Macedo.
80190463,King of Peking,Sam Voutas,"Zhao Jun, Wang Naixun, Han Qing, Si Chao, Geng Bowen, Yi Long","China, United States, Australia",TV-PG,88,"Comedies, Dramas, International Movies","Strapped for cash, a traveling projectionist begins to run a DVD pirating business, putting him at odds with his young, skeptical son."
81092325,Iron Cowboy: The Story of the 50.50.50,Jacob Schwab,James Lawrence,United States,TV-14,77,"Documentaries, Sports Movies","A record-setting triathlete dares to complete 50 Ironman races – a 2.4-mile swim, a 112-mile bike ride, and a 26.2-mile run – in 50 days in 50 states."
80232891,Camarón: The Film,Alexis Morante,Juan Diego,Spain,TV-14,105,"Documentaries, International Movies, Music & Musicals","This documentary looks back on the life of legendary flamenco singer Camarón, who went from humble roots to rock star status to a tragic early death."
80180376,GODZILLA City on the Edge of Battle,"Kobun Shizuno, Hiroyuki Seshita","Mamoru Miyano, Takahiro Sakurai, Kana Hanazawa, Tomokazu Sugita, Yuki Kaji, Junichi Suwabe, Reina Ueda, Ari Ozawa, Daisuke Ono, Kenta Miyake, Kenyu Horiuchi, Kazuya Nakai, Kazuhiro Yamaji",Japan,TV-14,101,"Action & Adventure, Anime Features, International Movies","On Earth, Haruo and his companions make contact with the indigenous Houtua tribe. To defeat Godzilla, they set out for the old Mechagodzilla facility."
81113926,Mauli,Aditya Sarpotdar,"Riteish Deshmukh, Saiyami Kher, Jitendra Joshi, Siddarth Jadhav, Shrikant Yadav, Vijay Nikam, Umesh Jagtap, Usha Naik, Girija Oak, Genelia D'Souza",India,TV-14,136,"Action & Adventure, Dramas, International Movies",An unconventional police officer faces off against a gang of thugs as he tries to bring order to the far-flung village he’s been stationed in.
80217130,Mary and the Witch's Flower,Hiromasa Yonebayashi,"Ruby Barnhill, Kate Winslet, Jim Broadbent, Ewen Bremner, Lynda Baron, Louis Ashbourne Serkis, Morwenna Banks, Teresa Gallagher, Rasmus Hardiker",Japan,PG,103,"Anime Features, Children & Family Movies","Ordinary girl Mary picks an extraordinary flower and travels to Endor College, a school for magic. But its foremost teachers have a sinister plan."
81155782,Bogda,Nisheeta Keni,"Suhas Joshi, Mrunmayee Deshpande, Rohit Kokate, Ajinkya Bhosale, Jayant Gadekar, Vivekanand Walake, Pallavi Malvade, Nirmala Tikam",India,TV-PG,161,"Dramas, International Movies",An aspiring dancer accompanies her terminally ill mother on one last road trip that alternately strains and strengthens their knotty relationship.
81011993,We Belong Together,Chris Stokes,"Charles Malik Whitfield, Draya Michele, Elise Neal, Cassidey Fralin, Brian White, Valarie Pettiford, Gary Anthony Sturgis, Jessica Vanessa DeLeon",United States,TV-14,83,Thrillers,A divorced professor shares a night of passion with a troubled student who quickly develops an unhealthy – perhaps deadly – infatuation.
81153373,Love Shot,Steven Fine,"Dakota Loesch, Amy Tsang, John Kapelos, Cruz Kim, Victor J. Ho, Clint Jung, Daniel Phai, Cindy Chu, Brian Kurtis, Pete Herron",United States,TV-MA,77,"Dramas, Thrillers",A charming hitman questions his profession after learning his next target is the karaoke singer he’s falling in love with.
80988262,Going for Gold,Clay Glen,"Kelli Berglund, Emily Morris, Terry Rogers, Jess Kuss, Jo Stone, Elysia Markou, Daisy Anderson, Ruth Natalie Fallon, Henry Turczynowicz, Martha Lott",Australia,TV-G,88,"Children & Family Movies, Dramas, International Movies","After moving to Australia, an American teen convinces her new friends to form a cheer squad and take on their biggest rivals in competition."
81011936,"Plaire, aimer et courir vite",Christophe Honoré,"Vincent Lacoste, Pierre Deladonchamps, Denis Podalydès, Adèle Wismes, Thomas Gonzalez, Clement Metayer, Quentin Thébault, Tristan Farge, Sophie Letourneur",France,TV-MA,133,"Dramas, Independent Movies, International Movies","When a Paris-based writer with AIDS meets a college student exploring his sexuality, romance blossoms in his waning days."
80167481,How It Ends,David M. Rosenthal,"Theo James, Forest Whitaker, Kat Graham, Nicole Ari Parker, Mark O'Brien, Grace Dove",United States,TV-MA,113,"Action & Adventure, Sci-Fi & Fantasy","When a mysterious disaster turns the country into a war zone, a young lawyer heads west with his future father-in-law to find his pregnant fiancée."
80214743,Jim Jefferies: This Is Me Now,Scott Zabielski,Jim Jefferies,United States,TV-MA,71,Stand-Up Comedy,"The gleefully irreverent Jefferies skewers ""grabby"" celebrities, political hypocrisy and his own ill-advised career moves in a brash stand-up special."
80991827,Romina,Diego Cohen,"Francisca Lozano, Oliver Nava, Arantza Ruiz, Claudia Zepeda, Walter Bercht, Roberto Beck, Victor Bonilla, Eduardo Negrete",Mexico,TV-MA,75,"Horror Movies, Independent Movies, International Movies",A shocking assault inspires horrific violence when a group of teens encounters a girl from their school while camping in a remote spot.
81024041,Cities of Last Things,Wi Ding Ho,"Jack Kao, Lee Hong-chi, Louise Grinberg, Huang Lu, Ding Ning","Taiwan, China, France, United States",TV-MA,106,"Dramas, Independent Movies, International Movies","In a dystopian tale unfolding in reverse chronology, a man with a complicated past takes revenge on the individuals who wronged him decades ago."
81121172,NOVA: Black Hole Apocalypse,Rushmore DeNooyer,Janna Levin,United States,TV-G,113,Documentaries,"Astrophysicists show how black holes might hold answers to how the universe evolved, leading to life on Earth and, ultimately, the human race."
81121177,NOVA: Decoding the Weather Machine,Doug Hamilton,Jay O. Sanders,United States,TV-14,113,Documentaries,"Scientists investigate Earth’s climate machine, looking for clues across the globe, from Greenland’s ice sheet to the desert of Australia."
81121180,NOVA: First Face of America,Graham Townsley,Jay O. Sanders,United States,TV-PG,53,Documentaries,"During risky expeditions in an underwater cave, scientists unearth a 13,000-year-old skeleton to gain insight into the earliest known humans in America."
81121186,NOVA: Prediction by the Numbers,Daniel McCabe,Jay O. Sanders,United States,TV-G,53,Documentaries,"With the science of forecasting flourishing, this documentary explores how predictions inform our lives and statistics and algorithms' reliability."
81060038,Swiped,Ann Deborah Fishman,"Kendall Ryan Sanders, Noah Centineo, Nathan Gamble, Kristen Johnston, Leigh-Allyn Baker, Christian Hutcherson, Shelby Wulfert, Steve Daron, Kalani Hilliker, Maddy Curley, George Hamilton",United States,TV-14,94,Comedies,"When two college roommates develop a groundbreaking hookup app, casual affairs – and complications – soon run rampant on campus."
80997402,Counterfeiting in Suburbia,Jason Bourque,"Sarah Butler, Larissa Albuquerque, Kayla Wallace, Matthew MacCaull, James Dean, Alison Wandzura, Bruce Blain, Natalie Grace, Phillip Mitchell",Canada,TV-14,88,"Dramas, Thrillers","Two teenagers print counterfeit money in their high school art room, but things go terribly wrong when their debt-ridden teacher becomes suspicious."
80115118,Duck Butter,Miguel Arteta,"Alia Shawkat, Laia Costa, Mae Whitman, Hong Chau, Kate Berlant, Lindsay Burdge, Kumail Nanjiani, Mark Duplass, Jay Duplass, Jenny O'Hara",United States,TV-MA,94,"Dramas, Independent Movies, LGBTQ Movies","Wary of dishonesty in relationships, two young women embark on a 24-hour experiment on intimacy, but their romance flounders as the clock winds down."
80180851,Gemini,P.K. Baaburaaj,"Esther Anil, Sijoy Varghese, Renji Panicker, Thanusree Ghosh, Sasi Kalinga, Kishore Sathya, Sethu Lakshmi, Rosin Jolly",India,TV-PG,130,Dramas,"Despite growing up with traits that set her apart from her peers, a young adopted girl discovers her gift when she takes an interest in spelling bees."
81002211,My Birthday Song,Samir Soni,"Sanjay Suri, Nora Fatehi, Zenia Starr, Suparna Krishna, Elena Kazan",India,TV-14,92,"Dramas, International Movies, Thrillers","After a wild night of impulse and infidelity, advertising executive Rajiv Kaul must navigate the blurred lines between life, death, fact and fiction."
80222256,The Feels,Jenée LaMarque,"Jenée LaMarque, Angela Trimbur, Constance Wu, Josh Fadem, Ever Mainard",United States,TV-MA,88,"Comedies, Independent Movies, LGBTQ Movies","During their bachelorette weekend, a lesbian couple's relationship hits a snag when one of the brides confesses to never having an orgasm."
80993648,Zoo,Shlok Sharma,"Shashank Arora, Shweta Tripathi, Rahul Kumar, Gopal K. Singh, Yogesh Kurme, Prince Daniel",India,TV-MA,94,"Dramas, Independent Movies, International Movies","A drug dealer starts having doubts about his trade as his brother, his client, and two rappers from the slums each battle their own secret addictions."
80190946,Hans Teeuwen: Real Rancour,Doesjka van Hoogdalem,Hans Teeuwen,Netherlands,TV-MA,86,Stand-Up Comedy,"Comedian Hans Teeuwen rebels against political correctness, proclaims himself Britain's moral leader and takes on Donald Trump."
80198623,GODZILLA The Planet Eater,"Kobun Shizuno, Hiroyuki Seshita","Mamoru Miyano, Takahiro Sakurai, Kana Hanazawa, Tomokazu Sugita, Yuki Kaji, Junichi Suwabe, Reina Ueda, Ari Ozawa, Daisuke Ono, Kenta Miyake, Kenyu Horiuchi, Kazuya Nakai, Kazuhiro Yamaji",Japan,TV-14,91,"Action & Adventure, Anime Features, International Movies","With the earth alliance weakened, Haruo weighs siding with the Exif, whose death cult is summoning a monster that can destroy the world."
81062853,Next Enti?,Kunal Kohli,"Navdeep, Larissa Bonesi, Sarathbabu, Tamannaah Bhatia, Sundeep Kishan, Poonam Kaur",India,TV-14,117,"Comedies, Dramas, International Movies","Clashing views on intimacy lead a couple to go their separate ways to reflect on commitment and companionship, before suddenly crossing paths again."
80220814,Solo: A Star Wars Story,Ron Howard,"Alden Ehrenreich, Woody Harrelson, Emilia Clarke, Donald Glover, Joonas Suotamo, Thandie Newton, Phoebe Waller-Bridge, Paul Bettany",United States,PG-13,135,"Action & Adventure, Children & Family Movies, Sci-Fi & Fantasy","A young Han Solo tries to settle an old score with the help of his new buddy Chewbacca, a crew of space smugglers and a cunning old friend."
81046962,Solo: A Star Wars Story (Spanish Version),Ron Howard,"Alden Ehrenreich, Woody Harrelson, Emilia Clarke, Donald Glover, Joonas Suotamo, Thandie Newton, Phoebe Waller-Bridge, Paul Bettany",United States,PG-13,135,"Action & Adventure, Children & Family Movies, Sci-Fi & Fantasy","A young Han Solo tries to settle an old score with the help of his new buddy Chewbacca, a crew of space smugglers and a cunning old friend."
81048548,Komola Rocket,Noor Imran Mithu,"Tauquir Ahmed, Mosharraf Karim, Joyraj, Samia Said, Dominic Gomez",Bangladesh,TV-14,95,"Dramas, Independent Movies, International Movies","As the lives of rich and poor passengers aboard a steamship unfold, buried secrets, lustful affairs and selfish desires are exposed."
81045052,Pahuna,Paakhi Tyrewala,"Anmol Limbu, Ishika Gurung, Manju Chettri, Banita Lagun, Binod Pradhan, Mahindra Bajgai, Rupa Tamang, Saran Rai","India, Nepal",TV-PG,82,"Comedies, Dramas, International Movies","Fleeing unrest in their native Nepal, three young siblings separated from their parents must beat the odds to survive on their own in India."
80998427,And Breathe Normally,Ísold Uggadóttir,"Kristín Thóra Haraldsdóttir, Babetida Sadjo, Patrik Nökkvi Pétursson","Iceland, Sweden, Belgium",TV-14,102,"Dramas, Independent Movies, International Movies",An Icelandic single mom struggling with poverty and a Guinea-Bissauan asylum seeker facing deportation find their lives intertwined in unexpected ways.
81000860,El Potro: Unstoppable,Lorena Munoz,"Jimena Barón, Rodrigo Romero, Diego Cremonesi, Daniel Aráoz, Malena Sánchez, Julieta Vallina, Florencia Peña, Simja Dujov, Adan Otero, Fernán Mirás",,TV-MA,122,"Dramas, International Movies, Music & Musicals","Argentine cuarteto singer Rodrigo ""El Potro"" Bueno rises to fame amid personal struggles in this dramatization of the charismatic superstar's life."
81030789,Lionheart,Genevieve Nnaji,"Genevieve Nnaji, Nkem Owoh, Pete Edochie, Onyeka Onwenu, Kanayo O. Kanayo",Nigeria,TV-PG,95,"Comedies, Dramas, Independent Movies","When her father falls ill, Adaeze steps up to run the family business – alongside her uncle – and prove herself in a male-dominated world."
81047683,Agatha and the Truth of Murder,Terry Loane,"Ruth Bradley, Pippa Haywood, Dean Andrews, Bebe Cave, Blake Harrison, Tim McInnerny, Ralph Ineson, Michael McElhatton",United Kingdom,TV-14,92,Dramas,"In a dramatized depiction of her 11-day disappearance, novelist Agatha Christie solving a real murder amid a crisis in her writing and marriage."
81049950,Hantu Kak Limah,Mamat Khalid,"Awie, Arab Khalid, Sharwani Ns, Tj Isa, Delimawati, Zul Ariffin, Uqasha Senrose, Ropie Cecupak",Malaysia,TV-14,110,"Comedies, Horror Movies, International Movies","When Kak Limah turns up dead shortly after her marriage to a much younger man, her pesky ghost haunts the villagers, who can't seem to get rid of her."
80221639,The Incredibles 2,Brad Bird,"Craig T. Nelson, Holly Hunter, Samuel L. Jackson, Sarah Vowell, Huck Milner, Catherine Keener, Bob Odenkirk, Sophia Bush, Brad Bird, John Ratzenberger",United States,PG,118,"Children & Family Movies, Comedies","When Elastigirl gets recruited for a high-profile crime-fighting mission, Mr. Incredible takes on his toughest assignment ever: full-time parenting."
80220085,Occupation,Luke Sparke,"Daniel Ewing, Temuera Morrison, Stephanie Jacobsen, Rhiannon Fish, Zachary Garred, Izzy Stephens, Charles Terrier, Charles Mesure, Felix Williamson, Jacqueline McKenzie, Aaron Jeffery, Bruce Spence",Australia,R,120,"Action & Adventure, Sci-Fi & Fantasy","When aliens take over their small Australian town, a modest group of survivors must unite to fend off their otherworldly intruders."
80244855,Pope Francis: A Man of His Word,Wim Wenders,Pope Francis,"Switzerland, Vatican City, Italy, Germany, France",PG,96,"Documentaries, Faith & Spirituality, International Movies","Documentary filmmaker Wim Wenders travels the world with Pope Francis, recording the controversial pontiff's humanist views in a sharply divided age."
80220813,Ant-Man and the Wasp,Peyton Reed,"Paul Rudd, Evangeline Lilly, Michael Douglas, Michael Peña, Hannah John-Kamen, Laurence Fishburne, Michelle Pfeiffer, Walton Goggins, T.I., Judy Greer, Bobby Cannavale, David Dastmalchian, Abby Ryder Fortson, Randall Park",United States,PG-13,118,"Action & Adventure, Comedies, Sci-Fi & Fantasy","Problems big and small pop up when Scott Lang, aka Ant-Man, gets drafted by Dr. Hank Pym and Hope van Dyne, aka the Wasp, for an urgent rescue mission."
81026705,High Society,Byun Hyuk,"Park Hae-il, Su Ae, Yoon Je-moon, Ra Mi-ran, Lee Jin-wook, Kim Gyu-sun, Han Ju-yeong, Kim Hae-gon, Nam Moon-cheol, Jang So-yeon",South Korea,TV-MA,137,"Dramas, International Movies","A deputy curator of a chaebol-funded art gallery and her husband, a politically ambitious economics professor, will do anything to join the über-elite."
80122209,Up Among  The Stars,Zoe Berriatúa,"Luis Callejo, Jorge Andreu, Macarena Gómez, Magüi Mira, Álvaro Roig, María Morales, José Luis García Pérez, Kiti Mánver, Ingrid García Jonsson, Liz Lobato",Spain,TV-MA,86,"Dramas, International Movies, Sci-Fi & Fantasy","A grieving filmmaker struggling to keep custody of his young son after his wife's death uses magical, imaginary stories to maintain their bond."
80998786,Alt-Right: Age of Rage,Adam Bhala Lough,"Daryle Lamont Jenkins, Richard Spencer",,TV-MA,106,Documentaries,This documentary follows a white power leader and an Antifa activist leading up to the Charlottesville riots in the first year of Trump's presidency.
81057249,Nathicharami,Mansore,"Sruthi Hariharan, Sanchari Vijay, Sharanya, Balaji Manohar, Greeshma Sridhar, Harshil Koushik, Shaanthala, Gopalkrishna Deshpande",India,TV-14,114,"Dramas, Independent Movies, International Movies","Reeling from the loss of her husband, a widow struggles to fulfill her physical and emotional desires despite social taboos around female sexuality."
81031181,Goyo: The Boy General,Jerrold Tarog,"Paulo Avelino, Carlo Aquino, Arron Villaflor, Mon Confiado, Gwen Zamora, Jeffrey Quizon, Alvin Anson, Empress Schuck, Perla Bautista, Benjamin Alves",Philippines,TV-MA,150,"Dramas, International Movies","Brash ladies' man Gregorio ""Goyo"" del Pilar rises to become one of the Philippines' youngest generals in this historical epic sequel to ""Heneral Luna."""
80107084,A Futile and Stupid Gesture,David Wain,"Will Forte, Domhnall Gleeson, Martin Mull, Joel McHale, Matt Lucas, Thomas Lennon, Seth Green, Jackie Tohn, Natasha Lyonne, Emmy Rossum, Elvy Yost, Matt Walsh, John Gemberling, Rick Glassman, Camille Guaty",United States,TV-MA,102,Comedies,"In a brief life full of triumph and failure, ""National Lampoon"" co-founder Doug Kenney built a comedy empire, molding pop culture in the 1970s."
80196589,Fakkah Fuzz: Almost Banned,Michael McKay,Fakkah Fuzz,Singapore,TV-MA,61,Stand-Up Comedy,Stand-up comic Fakkah Fuzz mines cross-cultural humor from the experience of growing up as an outspoken Malay man in Singapore.
80192138,Sebastián Marcelo Wainraich,"Raúl Campos, Jan Suter",Sebastián Marcelo Wainraich,Argentina,TV-MA,49,Stand-Up Comedy,"Argentine comedian Sebastián Wainraich highlights the comedy in everyday life, from minibars to reasons why funerals are better than weddings."
80239629,Animas,"Laura Alvea, José Ortuño","Clare Durant, Iván Pellicer, Luis Bermejo, Liz Lobato, Chacha Huang, Ángela Molina","Spain, Belgium",TV-MA,88,"Horror Movies, International Movies",A teen's eerie visions become increasingly frequent and terrifying after her longtime friend gets a girlfriend and his abusive dad is strangely killed.
81023638,Mi Obra Maestra,Gastón Duprat,"Guillermo Francella, Luis Brandoni, Raúl Arévalo, Andrea Frigerio, María Soldi, Mónica Duprat, Mahmoud Azim, Santiago Korovsky, Julio Marticorena, Alejandro Paker","Argentina, Spain",TV-MA,105,"Comedies, International Movies","A sly art dealer tries to revive the career of his longtime pal, a surly painter, with a risky plan that tests their morals and friendship."
80233925,Hotel Transylvania 3: Summer Vacation,Genndy Tartakovsky,"Adam Sandler, Selena Gomez, Kevin James, Kathryn Hahn, Andy Samberg, David Spade, Steve Buscemi, Fran Drescher, Molly Shannon, Mel Brooks, Keegan-Michael Key",United States,PG,97,"Children & Family Movies, Comedies","It's love at first sight for Dracula when he meets Ericka, the charming but mysterious captain of the monster cruise that Mavis plans for the family."
81021098,Just Love,"Andy Caballero, Diego Corsini","Franco Masini, Yamila Saud, Victorio D'Alessandro, Andrea Frigerio, Gerardo Romano, Bautista Lena, Josefina Ramírez, Noel Schajris, Diana Hernández, Daniela Aita",Argentina,TV-MA,96,"Dramas, International Movies, Music & Musicals","Inspired by his love affair with a conservative lawyer, the lead singer of a struggling garage band pens a hit song that propels him to fame."
80192062,Ricardo Quevedo: Hay gente así,"Raúl Campos, Jan Suter",Ricardo Quevedo,Colombia,TV-MA,59,Stand-Up Comedy,"Droll comic Ricardo Quevedo hits Bogotá with a set that touches on embarrassing misunderstandings, sex talk, the thrill of being scared and more."
80208684,Todd Glass: Act Happy,Scott Moran,Todd Glass,United States,TV-MA,63,Stand-Up Comedy,Try to keep up as comedian Todd Glass delivers rapid-fire stand-up that bounces from his heart attack to his coming out to how to eat a Kit Kat.
80195429,Harith Iskander: I Told You So,Michael McKay,Harith Iskander,United States,TV-PG,62,Stand-Up Comedy,"Malaysian stand-up comedy icon Harith Iskander takes the stage in Kuala Lumpur to talk about Singapore, a past girlfriend, Rick Astley and more."
80158485,Step Sisters,Charles Stone III,"Megalyn Echikunwoke, Eden Sher, Lyndon Smith, Gage Golightly, Matt McGorry, Marque Richardson, Alessandra Torresani, Naturi Naughton, Nia Jervier, Robert Curtis Brown",United States,TV-14,108,Comedies,"With her Harvard Law dreams on the line, a black sorority leader agrees to help a rhythmically challenged sisterhood win a step dance championship."
80198661,The Open House,"Matt Angel, Suzanne Coote","Dylan Minnette, Piercey Dalton, Patricia Bethune, Sharif Atkins, Aaron Abrams, Edward Olson, Katie Walder, Paul Rae",United States,TV-MA,95,"Horror Movies, Thrillers","Following a tragedy, a mother and her teen son move to a relative's vacant vacation home, where eerie and unexplained forces conspire against them."
81038976,Old Lord Savanna,André D'Elia,Leonardo Ribeiro,Brazil,TV-PG,96,"Documentaries, International Movies",This documentary captures the environmental and societal impact of Brazil's Cerrado savanna suffering from severe deforestation.
81023713,Soni,Ivan Ayr,"Geetika Vidya Ohlyan, Saloni Batra, Mohinder Gujral, Mohit Chauhan, Vikas Shukla, Gauri Chakraborty, Simrat Kaur, Dimple Kaur",India,TV-MA,97,"Dramas, Independent Movies, International Movies","While fighting crimes against women in Delhi, a short-fused policewoman and her level-headed female boss grapple with gender issues in their own lives."
80191988,Arango y Sanint: Ríase el show,"Raúl Campos, Jan Suter","Julián Arango, Antonio Sanint",Colombia,TV-MA,62,Stand-Up Comedy,"Colombian stand-up comedians Antonio Sanint and Julián Arango impersonate an Argentine visitor and a cabbie, and a pair of dirty old men at the opera."
81026003,Bulbul Can Sing,Rima Das,"Arnali Das, Manoranjan Das, Banita Thakuriya, Manabendra Das, Deepjyoti Kalita, Pakija Begum",India,TV-14,95,"Dramas, Independent Movies, International Movies","Exploring their sexual identities in the face of the patriarchal rules of their Assamese village, a teenager and her two friends are rocked by tragedy."
81045065,Echcharikkai,Sarjun,"Sathyaraj, Varalakshmi Sarathkumar, Kishore Kumar G., Vivek Rajgopal, Jayakumar, Yogi Babu, Soundar, L. Alice",India,TV-14,127,"International Movies, Thrillers","After kidnapping a millionaire’s daughter, two men get swept up in a power struggle as her father enlists a brilliant cop to hunt them down."
81050191,Only Mine,Michael Civille,"Amber Midthunder, Brett Zimmerman, Chris Browning, Walter Fauntleroy, Claudia Ferri, Lorenzo James Henrie, Ellen Wroe, Ashley Holliday Tavares, Nancy Linehan Charles, Jonna Walsh",United States,TV-14,88,Thrillers,"After dating a charming cop who turns into an obsessive stalker, a small-town girl must save herself from his deadly ways."
81047446,Pari,Syed Atif Ali,"Junaid Akhtar, Azekah Daniel, Khushi Maheen, Saleem Mairaj, Qavi Khan, Rasheed Naz, Faiq Asim",Pakistan,TV-14,116,"Horror Movies, International Movies","When their daughter exhibits strange behavior after moving into their new home, a couple must come to terms with who she really is."
81000511,Revenger,Lee Seung-won,"Bruce Khan, Park Hee-soon, Yoon Jin-seo, Kim In-kwon, Kim Na-yeon, Park Cheol-min, Jeon Soo-jin, Kim Jae-hyun, Choi Je-heon",South Korea,TV-MA,102,"Action & Adventure, International Movies","Hell-bent on avenging the murder of his family, a former detective infiltrates a remote island that serves as a prison for vicious death row criminals."
81044299,Baazaar,Gauravv K Chawla,"Saif Ali Khan, Chitrangada Singh, Radhika Apte, Rohan Vinod Mehra, Manish Chaudhary, Denzil Smith, Pawan Chopra, Deepak Gheewala, Utkarsh Mazumdar, Danish Hussain",India,TV-14,136,"Dramas, International Movies","A wide-eyed graduate learns the ugly side of ambition when he joins in the dubious business practices of his idol, a ruthless Mumbai stock tycoon."
81173792,Betty White: First Lady of Television,Steve Boettcher,"Betty White, Valerie Bertinelli, Georgia Engel, Tina Fey, Valerie Harper, Jennifer Love Hewitt, Carl Reiner, Ryan Reynolds, Alex Trebek",United States,TV-14,56,Documentaries,This documentary on actress and television producer Betty White traces her decades-long career as a  woman breaking new ground in entertainment.
80990532,He's Out There,Quinn Lasher,"Yvonne Strahovski, Anna Pniowsky, Abigail Pniowsky, Ryan McDonald, Justin Bruening, Julian Bailey",United States,R,89,"Horror Movies, Thrillers","While vacationing at a remote lake house, a mother and her daughters become pawns in the twisted game of an ax-wielding psychopath."
80173395,The Polka King,Maya Forbes,"Jack Black, Jenny Slate, Jason Schwartzman, Jacki Weaver, J.B. Smoove, Vanessa Bayer, Robert Capron, Willie Garson, Lew Schneider",United States,TV-14,94,"Comedies, Independent Movies","Determined to make it big in America, Polish-born bandleader Jan Lewan draws his fans into a Ponzi scheme in this comedy based on a true story."
80187307,Tom Segura: Disgraceful,Jay Karas,Tom Segura,United States,TV-MA,71,Stand-Up Comedy,"Tom Segura gives voice to the sordid thoughts you'd never say out loud, with blunt musings on porn, parking lot power struggles, parenthood and more."
80245041,Solo,Hugo Stuven,"Alain Hernández, Aura Garrido, Ben Temple",Spain,TV-MA,91,"Dramas, Independent Movies, International Movies","In a remote area of the Canary Islands, a surfer falls off a cliff. Fighting to survive, he reflects on his life and past romance. Based on true events."
81035731,Aruna & Her Palate,Edwin,"Dian Sastrowardoyo, Oka Antara, Hannah Al Rashid, Nicholas Saputra, Deddy Mahendra Desta, Ayu Azhari","Indonesia, South Korea, Singapore",TV-PG,106,"Dramas, International Movies","An epidemiologist turns her nationwide bird flu investigation into a chance to sample local delicacies en route, with three friends along for the ride."
81085364,Pokémon the Movie: Power of Us,Tetsuo Yajima,"Gim Yeong-seon, Ikue Otani, O Inseong, I Sen-ho, Jeong-shin Woo, Sarah Natochenny",,TV-Y7,98,"Anime Features, Children & Family Movies","Ash and Pikachu journey to Fula City for its Wind Festival. When disaster looms, they must work together with a group of misfits to save the day!"
80239710,Gone are the Days,Mark Landre Gould,"Lance Henriksen, Tom Berenger, Meg Steedle, Danny Trejo",United States,R,100,Independent Movies,"As a notorious outlaw comes to grips with his past, he reconnects with his estranged daughter and gets one more shot to make things right."
81045060,Merku Thodarchi Malai,Lenin Bharathi,"Antony, Gayathri Krishna, Abu Valayamkulam, Anthony Vaathiyaar, Aarubala, Sornam",India,TV-MA,115,"Dramas, Independent Movies, International Movies","In southern India, a laborer's dreams of owning a piece of land to farm is complicated by political corruption."
80131616,God Bless the Broken Road,Harold Cronk,"Patrika Darbo, Kim Delaney, Jordin Sparks, Makenzie Moss, Liam Matthews, Andrew W. Walker, Lindsay Pulsipher, Gary Grubbs, Robin Givens, Arthur Cartwright",United States,PG,111,"Children & Family Movies, Dramas, Faith & Spirituality","After a young mother is widowed by war, her faith is tested as she struggles to stay afloat financially and raise her daughter."
80174367,Seeing Allred,"Roberta Grossman, Sophie Sartain",Gloria Allred,United States,TV-14,96,Documentaries,"Explore the public and private sides of feminist firebrand attorney Gloria Allred, who's battled some of the biggest names in politics and business."
80217312,The Ritual,David Bruckner,"Rafe Spall, Arsher Ali, Robert James-Collier, Sam Troughton","United Kingdom, Canada",TV-MA,95,"Horror Movies, International Movies, Thrillers","Four friends with a long-standing – but strained – connection take a hiking trip into the Swedish wilderness, from which they may never return."
80117531,When We First Met,Ari Sandel,"Adam DeVine, Alexandra Daddario, Shelley Hennig, Robbie Amell, Andrew Bachelor",United States,TV-14,97,"Comedies, Romantic Movies","Using a magical photo booth that sends him back in time, Noah relives the night he met Avery over and over, trying to persuade her to fall for him."
81059388,Incredibles 2 (Spanish Version),Brad Bird,"Víctor Trujillo, Consuelo Duval, Darío T. Pie, Leyla Rangel, Oliver Díaz Barba, Dulce Guerrero, Eli Fucile, Martin Hernandez",United States,PG,118,"Children & Family Movies, Comedies","When Elastigirl gets recruited for a high-profile crime-fighting mission, Mr. Incredible takes on his toughest assignment ever: full-time parenting."
81029383,The Tree of Blood,Julio Medem,"Úrsula Corberó, Álvaro Cervantes, Najwa Nimri, Patricia López Arnaiz, Daniel Grao, Joaquín Furriel, Maria Molins, Emilio Gutiérrez Caba, Luisa Gavasa, José María Pou, Ángela Molina",Spain,TV-MA,136,"Dramas, Independent Movies, International Movies","As a young couple write the story of their families' shared history, both reveal their relatives' dark secrets and one must make a painful confession."
81034763,Lez Bomb,Jenna Laurenzo,"Jenna Laurenzo, Deirdre O'Connell, Brandon Michael Hall, Kevin Pollak, Elaine Hendrix, Steve Guttenberg, Cloris Leachman, Bruce Dern",United States,TV-14,90,"Comedies, LGBTQ Movies",A young woman's attempt to come out of the closet on Thanksgiving gets complicated when her male roommate shows up to her parents' home unannounced.
81010962,Di Renjie zhi Sidatianwang,Hark Tsui,"Mark Chao, Feng Shaofeng, Kenny Lin, Carina Lau, Ethan Juan, Sandra Ma","China, Hong Kong",TV-MA,132,"Action & Adventure, International Movies, Sci-Fi & Fantasy","Framed by an empress who plans to steal a dragon-taming mace, imperial magistrate Dee Renjie soon uncovers a greater plot that threatens the kingdom."
80159028,Fred Armisen: Standup For Drummers,Lance Bangs,Fred Armisen,,TV-PG,65,"Music & Musicals, Stand-Up Comedy","For an audience of drummers, comedian Fred Armisen shares and demonstrates his thoughts on musical genres, drummer quirks, regional accents and more."
80134431,The Cloverfield Paradox,Julius Onah,"Gugu Mbatha-Raw, David Oyelowo, Daniel Brühl, John Ortiz, Chris O'Dowd, Aksel Hennie, Zhang Ziyi, Elizabeth Debicki, Roger Davies, Clover Nee",United States,TV-MA,102,"Action & Adventure, Sci-Fi & Fantasy","Orbiting above a planet on the brink of war, scientists test a device to solve an energy crisis and end up face-to-face with a dark alternate reality."
81002591,Billy Graham: An Extraordinary Journey,"Vonda Harrell, Daniel Camenisch","Billy Graham, Jeff Hoyt, Tom Brokaw, Greta Van Susteren, Diane Sawyer, Larry King, George Bush Sr., George W. Bush, Bill Clinton, Franklin Graham",United States,TV-PG,66,"Documentaries, Faith & Spirituality",This documentary recounts the life story of evangelist preacher Billy Graham featuring interviews with family members and former presidents.
80109296,Quién te cantará,Carlos Vermut,"Najwa Nimri, Eva Llorach, Carme Elias, Natalia de Molina, Julián Villagrán, Ignacio Mateos, Lorena Iglesias, Vicenta N'Dongo, Inma Cuevas, Per-Olav Sorensen","Spain, France",TV-MA,125,"Dramas, Independent Movies, International Movies","When a near-drowning leaves a famous singer from the '90s with amnesia, she hires a karaoke singer who can imitate her to prep her for a comeback tour."
81045072,Evening Shadows,Sridhar Rangayan,"Mona Ambegaonkar, Anant Mahadevan, Devansh Doshi, Arpit Chaudhary, Yamini Singh, Abhay Kulkarni, Veena Nair, Disha Thakur",India,TV-14,102,"Dramas, Independent Movies, International Movies","When her son comes out to her as gay, a religious mother struggles to reconcile his truth with her own beliefs and their orthodox family values."
81047510,Rise: Ini Kalilah,"Saw Teong Hin, Nik Amir Mustapha, M.S. Prem Nath","Remy Ishak, Mira Filzah, Jack Tan, Sangeeta Krishnasamy, Shashi Tharan, Mark O'Dea, Jenn Chia, Sharifah Sakinah",Malaysia,TV-PG,101,"Dramas, International Movies","Inspired by Malaysia's 14th General Election, this film trails six individuals and the obstacles they face in the days leading up to the historic event."
80134779,Marlon Wayans: Woke-ish,Marcus Raboy,Marlon Wayans,United States,TV-MA,67,Stand-Up Comedy,"Rollicking, outrageous and audacious, Marlon Wayans gets raw on racism, age-appropriate rap rhymes, gay rights, raising kids and even the Kardashians."
81051693,Life of An Outcast,Pawan K Shrivastava,"Ravi Bhushan Bhartiya, Shalini Mohan, Bhaskar Jha, Manohar Pandey, Siddharth Bharadwaj, Jay Shanker Pandey, Deepak Jha, Komal Singh",India,TV-14,80,"Dramas, Independent Movies, International Movies","When authorities jail his son for rejecting religious bias, a poor father’s struggle to bail him out highlights rural India’s enduring casteism."
80191608,The Photographer Of Mauthausen,Mar Targarona,"Mario Casas, Richard van Weyden, Alain Hernández, Adrià Salazar, Eduard Buch, Stefan Weinert, Rubén Yuste, Nikola Stojanovic, Frank Feys, Marc Rodríguez, Albert Mora, Luka Peros, Rainer Reiners, Toni Gomila, Emilio Gavira, Macarena Gómez",Spain,TV-MA,110,"Dramas, International Movies",A Catalán prisoner at a Nazi concentration camp uses his office job to steal photo negatives of the atrocities committed there. Based on true events.
80119233,Mute,Duncan Jones,"Alexander Skarsgård, Paul Rudd, Justin Theroux","United Kingdom, Germany",TV-MA,127,"Sci-Fi & Fantasy, Thrillers","When his girlfriend vanishes, a mute man ventures into a near-future Berlin's seamy underworld, where his actions speak louder than words."
81071868,Shonar Pahar,Parambrata Chatterjee,"Tanuja, Jishu Sengupta, Parambrata Chatterjee, Arunima Ghosh, Shrijato Banerjee, Soumitra Chatterjee, Gargi Roychowdhury",India,TV-14,131,"Dramas, Independent Movies, International Movies",An older woman's unique friendship with a young boy inspires her to examine the strained relationship she shares with her married son.
80236133,The Drug King,Woo Min-ho,"Song Kang-ho, Cho Jung-seok, Bae Doona, Kim So-jin, Kim Dae-myung, Jo Woo-jin, Lee Hee-jun, Song Young-chang, Yoon Je-moon",South Korea,TV-MA,139,"Dramas, International Movies, Thrillers",A petty smuggler from Busan dives headfirst into illicit drug trafficking in the 1970s and rises to become king of narcotics exports to Japan.
81069254,The Intent 2: The Come Up,"Femi Oyeniran, Nicky Slimting Walker","Justin Clarke Samuel, Ashley Chin, Nicky Slimting Walker, Femi Oyeniran, Dylan Duffus, Shone Romulus, Adam Deacon, Karen Bryson, Selva Rasalingam, Jay Brown",United Kingdom,TV-MA,103,"Dramas, International Movies","During a trip to Jamaica, a London gang targets a disloyal member who has been meeting with rivals. Meanwhile, an undercover cop stands among them."
81060040,All Light Will End,Chris Blake,"Ashley Pereira, Alexandra Harris, Ted Welch, Sam Jones III, Sarah Butler, Andy Buckley, Graham Outerbridge, Michael James Thomas, John Schuck, Aaron Munoz",United States,TV-MA,84,"Horror Movies, Thrillers","A horror novelist with a traumatic past returns to her childhood hometown, where she revisits her night terrors and loses sight of reality."
81005266,Await Further Instructions,Johnny Kevorkian,"Sam Gittins, Grant Masters, Neerja Naik, Abigail Cruttenden, Kris Saddler, Holly Weston, David Bradley",United Kingdom,TV-MA,91,"Horror Movies, Sci-Fi & Fantasy","A family’s tense reunion turns terrifying when they get trapped in their home by an unknown force, and sinister commands begin appearing on their TV."
80219974,Viking Destiny,David L.G. Hughes,"Anna Demetriou, Timo Nieminen, Will Mellor, Andrew Whipp, Paul Freeman, Terence Stamp, Ian Beattie, Victoria Broom, Taylor Frost, Martyn Ford",United Kingdom,R,91,"Action & Adventure, Sci-Fi & Fantasy","Framed for her father’s murder, an exiled Viking princess is guided by the god Odin as she prepares to return to her kingdom and reclaim the throne."
80217826,Kavin Jay: Everybody Calm Down!,Michael McKay,Kavin Jay,,TV-MA,53,Stand-Up Comedy,"On a mission to defy stereotypes, Malaysian stand-up comedian Kavin Jay shares stories about growing up in the VHS era with his Singapore audience."
81024494,Postcards from London,Steve McLean,"Harris Dickinson, Jonah Hauer-King, Alessandro Cimadamore, Leonardo Salerni, Raphael Desprez, Jerome Holder, Leemore Marrett Jr., Silas Carson, Stephen Boxer, Leo Hatton, Ben Cura",United Kingdom,TV-MA,90,"Dramas, Independent Movies, LGBTQ Movies","After being recruited to be a raconteur in London, a handsome teenager discovers he suffers from a rare condition where he faints upon seeing fine art."
81057246,Genius,Suseenthiran,"Roshan, Priyaa Lal, Aadukalam Naren, Singam Puli, Meera Krishnan, Jayaprakash",India,TV-14,96,"Dramas, International Movies",Extreme pressure from his father to excel at school during childhood has dangerous psychological effects on a brilliant but suicidal man’s adult life.
80191555,Agustín Aristarán: Soy Rada,Mariano Baez,Agustín Aristarán,Argentina,TV-MA,60,Stand-Up Comedy,"Argentine comedian Agustín ""Radagast"" Aristarán adds doses of magic, music and acting to his high-energy stand-up routine."
80184625,Irreplaceable You,Stephanie Laing,"Gugu Mbatha-Raw, Michiel Huisman, Christopher Walken, Steve Coogan, Kate McKinnon, Jacki Weaver, Timothy Simons, Brian Tyree Henry, Alanna Masterson, Gayle Rankin, Tamara Tunie",United States,TV-MA,96,"Dramas, Romantic Movies","A stunning cancer diagnosis spurs Abbie to seek a future girlfriend for fiancé and childhood sweetheart Sam, who's clueless when it comes to dating."
81052266,Awe,Prasanth Varma,"Kajal Aggarwal, Nithya Menon, Regina Cassandra, Eesha Rebba, Murli Sharma, Srinivas Avasarala, Priyadarshi Pullikonda",India,TV-MA,111,"Dramas, International Movies, Sci-Fi & Fantasy","Disparate characters, including an aspiring time traveler, a phony chef, a drug-addicted waitress and several others, share a surprising connection."
81050193,Deadly Scholars,Danny J. Boyle,"Kennedy Lea Slocum, Corey Fogelmanis, Alexa Mansour, Peyton Clark, Sheryl Lee, Sherri Saum, Eric Stanton Betts, Paris Berelc, Pedro Correa, Alissa Latow",United States,TV-14,86,"Dramas, Thrillers","After a series of strange deaths, a high school reporter tries to pin down the killer who's targeting students eligible for a prestigious scholarship."
81045069,Neevevaro,Hari Nath,"Aadhi, Tapsee Pannu, Ritika Singh, Vennela Kishore, Sapthagiri",India,TV-14,132,"Dramas, International Movies, Romantic Movies","When a blind chef’s girlfriend goes missing, his unnerving search for her leads him to find there's more to her disappearance than what meets the eye."
80216820,Never Heard,Josh Webber,"Romeo Miller, David Banner, Robin Givens, Karrueche Tran, Dijon Talton, Dorien Wilson, Karen Abercrombie, Kandi Burruss, Brian White, Jackie Long",United States,TV-14,89,"Dramas, Faith & Spirituality","As his father sits behind bars, a young man is lured into Los Angeles' merciless drug world and forced to choose between God and gang life."
81026667,Outlawed,"Adam Collins, Luke Radford","Adam Collins, Jessica Norris, Ian Hitchens, Steven Blades, Zara Phythian, Anthony Burrows, Andy Calderwood, Emmeline Kellie, Andre Squire, Ollie Christie",United Kingdom,TV-MA,102,Action & Adventure,"After a failed mission, an ex-Royal Marines Commando tries to overcome his demons while investigating the death of his ex-girlfriend's father."
80992672,The Breaker Upperers,"Jackie van Beek, Madeleine Sami","Madeleine Sami, Jackie van Beek, James Rolleston, Celia Pacquola, Ana Scotney, Rima Te Wiata, Carl Bland, Brett O'Gorman, Cohen Holloway, Jemaine Clement",New Zealand,TV-MA,82,"Comedies, Independent Movies, International Movies","For the right price, BFFs Jen and Mel will ruthlessly end any romance. But when one of them grows a conscience, their friendship begins to unravel."
80988834,Yucatán,Daniel Monzón,"Luis Tosar, Rodrigo de la Serna, Joan Pera, Stephanie Cayo, Gloria Muñoz, Adrián Núñez, Alicia Fernández, Jorge Asín, Agustín Jiménez, Lupe Cartié Roda, Txell Aixendri, Xavi Lite, Alejandro Vera, João Lagarto",Spain,TV-MA,130,"Comedies, International Movies",Competing con artists attempt to creatively and ruthlessly swindle a fatherly lottery winner while on a lively cruise from Spain to Mexico.
80167498,Chris Rock: Tamborine,Bo Burnham,Chris Rock,United States,TV-MA,65,Stand-Up Comedy,"Chris Rock takes the stage in Brooklyn for a comedy special filled with searing observations on fatherhood, infidelity and American politics."
80227304,Love Per Square Foot,Anand Tiwari,"Vicky Kaushal, Angira Dhar, Alankrita Sahai, Raghuvir Yadav, Ratna Pathak Shah, Supriya Pathak",India,TV-14,133,"Comedies, International Movies, Romantic Movies","Individually, bank employees Sanjay and Karina don't earn enough to be able to buy a home, so they decide to enter into a marriage of convenience."
80241304,We the Animals,Jeremiah Zagar,"Evan Rosado, Josiah Gabriel, Isaiah Kristian, Raúl Castillo, Sheila Vand, Giovanni Pacciarelli, Terry Holland, Moe Isaac, Mickey Anthony, Tom Malley",United States,R,93,"Dramas, Independent Movies","A trio of brothers cope with their parents' volatile relationship by running wild and unchecked, and one of them experiences a visceral awakening."
81045891,Dear Ex,"Hsu Chih-yen, Mag Hsu","Roy Chiu, Hsieh Ying-xuan, Joseph Huang, Spark Chen",Taiwan,TV-MA,100,"Comedies, Dramas, International Movies","A teen navigates a bitter feud between his willful mom and a free-spirited man, who's the lover and insurance beneficiary of his recently deceased dad."
81048914,LEGO Marvel Super Heroes: Black Panther,Michael D. Black,"James Mathis III, Keston John, Yvette Nicole Brown, Daisy Lightfoot, Isaac C. Singleton Jr., Trevor Devall, Liam O'Brien, Mick Wingert, Fred Tatasciore, Laura Bailey",United States,TV-Y7-FV,22,Children & Family Movies,"When Thanos joins forces with villains Killmonger and Klaue to destroy Earth, Black Panther rushes to stop them from stealing Wakanda's vibranium."
80220228,Malicious,Michael Winnick,"Bojana Novakovic, Josh Stewart, Delroy Lindo, Melissa Bolona, Yvette Yates, Luke Edwards, Jaqueline Fleming, Ben VanderMey, Presley Richardson, Joy Kate Lawson",United States,TV-MA,91,Horror Movies,"After receiving a strange present, a professor and his pregnant wife are plagued by tragedy and a paranormal presence that's determined to kill."
80208661,The Witch Files,Kyle Rankin,"Holly Taylor, Alice Ziolkoski, Britt Flatmo, Paget Brewster, Tara Robinson, Adrienne Rose White, Greg Finley, Valerie Mahaffey, Jared Boghosian, William Bornkessel",United States,TV-14,88,"Horror Movies, Thrillers","A disparate group of teenage girls discovers how to obtain supernatural abilities, but abusing their newfound power has disturbing consequences."
81063480,Truckbhar Swapna,Pramod Pawar,"Makrand Deshpande, Kranti Redkar, Mukesh Rishi, Manoj Joshi, Smita Tambe, Aaditi Pohankar, Sahil Gilbile, Jyoti Joshi",India,TV-14,128,"Comedies, Dramas, International Movies",A taxi driver living in a Mumbai slum seeks to better his family's life by building an extension of his home while dealing with a lecherous contractor.
80225595,Entanglement,Jason James,"Thomas Middleditch, Jess Weixler, Diana Bang, Randal Edwards, Marilyn Norry, Johannah Newmarch, Nicole LaPlaca",Canada,TV-MA,85,"Dramas, Independent Movies, Romantic Movies","After his ailing father makes a shocking confession, a desperately depressed man sets out to find the woman he believes will change his destiny."
81016408,5 Star Christmas,Marco Risi,"Massimo Ghini, Ricky Memphis, Martina Stella, Ralph Palka, Biagio Izzo, Riccardo Rossi, Paola Minaccioni",Italy,TV-14,96,"Comedies, International Movies","When the Italian prime minister meets his lover and political rival while on an official trip to Budapest during Christmas week, things go topsy-turvy."
80201490,Dumplin',Anne Fletcher,"Danielle Macdonald, Jennifer Aniston, Odeya Rush, Maddie Baillio, Bex Taylor-Klaus, Luke Benward, Georgie Flores, Dove Cameron, Harold Perrineau, Kathy Najimy, Ginger Minj, Hilliary Begley",United States,PG-13,110,"Comedies, Dramas, Independent Movies","To prove a point about measuring up and fitting in, Texas teen Willowdean Dickson enters a local pageant run by her ex-beauty queen mom."
81001412,Free Rein: The Twelve Neighs of Christmas,Marek Losey,"Jaylen Barron, Billy Angel, Manpreet Bambra, Celine Buckens, Freddy Carter, Bruce Herbelin-Earle, Kerry Ingram, Charlotte Jordan, Geoff McGivern, Martin Bobb-Semple",,TV-Y7,58,Movies,"As Bright Fields preps for its Mistletoe Ball, a broken ornament leads Zoe to a family secret, while Gaby finds herself at the mercy of new boss Mia."
80993105,Mowgli: Legend of the Jungle,Andy Serkis,"Christian Bale, Cate Blanchett, Benedict Cumberbatch, Naomie Harris, Andy Serkis, Rohan Chand, Peter Mullan, Jack Reynor, Eddie Marsan, Tom Hollander, Louis Ashbourne Serkis, Matthew Rhys, Freida Pinto","United Kingdom, United States",PG-13,105,"Action & Adventure, Children & Family Movies, Dramas",An orphaned boy raised by animals in the jungle seizes his destiny while confronting a dangerous enemy – and his own human origins.
80999067,Super Monsters and the Wish Star,Jacob Joice,"Elyse Maloway, Vincent Tong, Erin Mathews, Andrea Libman, Alessandro Juliani, Nicole Anthony, Diana Kaarina, Ian James Corlett, Britt McKillip, Kathleen Barr, Gigi Saul Guerrero",,TV-Y,28,Children & Family Movies,"Christmas wishes come true for Lobo, whose favorite cousin arrives for a surprise visit, and for Glorb, who wishes he could be everywhere at once!"
81003741,The American Meme,Bert Marcus,"Paris Hilton, Josh Ostrovsky, Brittany Furlan, Kirill Bichutsky, DJ Khaled, Emily Ratajkowski, Hailey Baldwin",United States,TV-MA,98,Documentaries,"Social media stars Paris Hilton, Josh Ostrovsky, Brittany Furlan and Kirill Bichutsky hustle to build online empires – and face the pitfalls of fame."
80244190,Breath,Simon Baker,"Samson Coulter, Ben Spence, Simon Baker, Elizabeth Debicki, Richard Roxburgh, Rachael Blake, Jacek Koman",Australia,TV-MA,116,"Dramas, Sports Movies","In mid-1970s Australia, two small-town teenage boys befriend an enigmatic middle-aged surfer, who urges them to see the thrill in facing their fears."
80211590,God's Not Dead: A Light in Darkness,Michael Mason,"David A.R. White, John Corbett, Shane Harper, Ted McGinley, Jennifer Taylor, Benjamin A. Onyango, Tatum O'Neal, Cissy Houston",United States,PG,106,"Dramas, Faith & Spirituality","After a fire breaks out at his church, a pastor faces a legal battle against university leaders who wish to push the congregation off the campus."
80187306,RUSSELL BRAND: RE:BIRTH,Chris Howe,Russell Brand,,TV-MA,63,Stand-Up Comedy,Russell Brand gets loquacious in London as he ruminates on the state of the world and marvels over how his life changed the moment he became a father.
81213877,Phamous,Karan Lalit Butani,"Jimmy Shergill, Kay Kay Menon, Jackie Shroff, Shriya Saran, Pankaj Tripathi, Mahie Gill, Jameel Khan, Deep Raj Rana",,TV-MA,108,"Dramas, International Movies, Thrillers",India's highlands descend into bullet-riddled mayhem as the longtime rivalries and ruthless revenge missions among four men come to a head.
81213879,The Dark Side of Life: Mumbai City,Tariq Khan,"Mahesh Bhatt, Kay Kay Menon, Avii, Nikhil Ratnaparkhi, Neha Khan, Alisha Khan, Irfan Hussein, Jyoti Malshe, Sayed Gul",India,TV-MA,121,"Dramas, International Movies","Struggling with Mumbai's pressures and private battles with depression, six lives intersect just as they reach a breaking point."
81213873,Veerey Ki Wedding,Ashu Trikha,"Pulkit Samrat, Yuvika Chaudhry, Jimmy Shergill, Supriya Karnik, Kriti Kharbanda, Satish Kaushik",India,TV-14,130,"Comedies, Dramas, International Movies","Quick to throw punches in the name of justice, a young man must find a calmer way to win over the pacifist father of the girl he wishes to marry."
81213874,Vodka Diaries,Kushal Srivastava,"Kay Kay Menon, Raima Sen, Mandira Bedi, Sharib Hashmi, Rishi Bhutani, Herry Tangri, Vaishnavi Dhanraj, Swati Rajput",India,TV-14,113,"Dramas, International Movies, Thrillers","While investigating a series of murders and the nightclub that links them, a detective’s case takes an alarming turn when his wife goes missing."
81026251,Taylor Swift reputation Stadium Tour,Paul Dugdale,Taylor Swift,,TV-PG,125,Music & Musicals,"Taylor Swift takes the stage in Dallas for the reputation Stadium Tour and celebrates a monumental night of music, memories and visual magic."
81031650,The Bill Murray Stories: Life Lessons Learned From a Mythical Man,Tommy Avallone,"Tommy Avallone, Bill Murray, Joel Murray, Peter Farrelly",United States,TV-MA,72,Documentaries,"This documentary highlights spontaneous encounters with the elusive, comedic veteran, who touches lives by simply showing up anywhere."
81006261,The Seven Deadly Sins the Movie: Prisoners of the Sky,Noriyuki Abe,"Yuki Kaji, Sora Amamiya, Misaki Kuno, Aoi Yuki, Tatsuhisa Suzuki, Jun Fukuyama, Yuhei Takagi, Maaya Sakamoto, Tomokazu Sugita, Tsubasa Yonaga, Haruka Tomatsu, Reiko Suzuki, Akio Otsuka, Toshiyuki Morikawa, Yoko Hikasa, Toru Sakurai, Masuo Amada, Takaya Kuroda, Silk Road",Japan,TV-14,100,"Action & Adventure, Anime Features, International Movies","The Seven Deadly Sins aid the Sky People against a powerful group of demons hellbent on resurrecting a demonic beast sealed over 3,000 years ago."
81012943,Silencer,Timothy Woodward Jr.,"Johnny Messner, Danny Trejo, Tito Ortiz, Chuck Liddell, Robert LaSardo, Nikki Leigh, Kai Scarlett Williams, Marlene Marquez",United States,TV-MA,88,"Action & Adventure, Independent Movies","When a drug lord kidnaps his girlfriend’s daughter, a retired assassin leaves his newly peaceful life to go on a ruthless rampage to rescue the child."
80185375,A Twelve Year Night,Álvaro Brechner,"Antonio de la Torre, Chino Darín, Alfonso Tort, Soledad Villamil, César Troncoso, Silvia Pérez Cruz, César Bordón, Mirella Pascual, Nidia Telles, Eduardo Recabarren","Uruguay, Argentina, Spain",TV-MA,122,"Dramas, International Movies",Future Uruguayan president José Mujica and his fellow Tupamaro political prisoners fight to survive 12 years of solitary confinement and torture.
80244708,When Angels Sleep,Gonzalo Bendala,"Julián Villagrán, Marian Álvarez, Ester Expósito, Sira Alonso de Alarcón, Asia Ortega, Daniel Jumillas, Christian Mulas",Spain,TV-MA,96,"Dramas, International Movies, Thrillers","After a businessman falls asleep at the wheel and hits a woman with his car, his interactions with her scared friend unleash a string of dark events."
81094074,"El Pepe, a Supreme Life",Emir Kusturica,"José Mujica, Emir Kusturica","Argentina, Uruguay, Serbia",TV-14,73,"Documentaries, International Movies","In this intimate documentary, former Uruguayan President José ""Pepe"" Mujica talks about lessons he learned while in prison, his ideals and the future."
81172726,The Vendor,Odunlade Adekola,"Odunlade Adekola, Jide Kosoko, Adunni Ade, Eniola Ajao, Ireti Osayemi, Kayode Olaseinde, Tunde Bernard, Bolaji Amusan",,TV-MA,103,"Comedies, International Movies",A newspaper seller bemoans his lack of success but is undermined by his own laziness when he gets a better job as a driver and finds his rich father.
81029400,At First Light,Jason Stone,"Stefanie Scott, Theodore Pellerin, Percy Hynes White, Kate Burton, Saïd Taghmaoui, Kristin Booth, James Wotherspoon",Canada,TV-14,91,"Dramas, Sci-Fi & Fantasy","After mysterious lights imbue her with extraordinary powers, a teenager goes on the run from authorities with the friend who harbors a crush on her."
80219127,Avengers: Infinity War,"Anthony Russo, Joe Russo","Robert Downey Jr., Josh Brolin, Mark Ruffalo, Tom Hiddleston, Chris Evans, Chris Hemsworth, Jeremy Renner, Chris Pratt, Elizabeth Olsen, Sebastian Stan, Benedict Cumberbatch, Paul Bettany, Cobie Smulders, Benedict Wong, Zoe Saldana, Karen Gillan, Vin Diesel, Dave Bautista, Bradley Cooper, Pom Klementieff, Scarlett Johansson, Benicio Del Toro, Anthony Mackie, Chadwick Boseman, Danai Gurira, Paul Rudd, Don Cheadle, Tom Holland",United States,PG-13,150,"Action & Adventure, Sci-Fi & Fantasy",Superheroes amass to stop intergalactic sociopath Thanos from acquiring a full set of Infinity Stones and wiping out half of all life in the universe.
80989338,I Am Vengeance,Ross Boyask,"Stu Bennett, Anna Shaffer, Mark Griffin, Bryan Larkin, Kevin Leslie, Gary Daniels",United Kingdom,R,93,Action & Adventure,"After learning that an ex-military friend and his parents were killed, the highly trained John Gold comes to town seeking answers and revenge."
80999643,Bad Seeds,Kheiron,"Kheiron, Catherine Deneuve, André Dussollier, Louison Blivet, Adil Dehbi, Hakou Benosmane, Youssouff Wague, Mahia Zrouki, Joseph Jovanovic","France, Belgium",TV-MA,105,"Comedies, Dramas, International Movies","Troubled by his past, a scam artist who runs a petty racket with his adoptive mom finds redemption while mentoring a group of difficult students."
80196789,Bird Box,Susanne Bier,"Sandra Bullock, Trevante Rhodes, John Malkovich, Sarah Paulson, BD Wong, Jacki Weaver, Rosa Salazar, Danielle Macdonald, Lil Rel Howery, Tom Hollander",United States,R,124,"Dramas, Sci-Fi & Fantasy, Thrillers","Five years after an ominous unseen presence drives most of society to suicide, a survivor and her two children make a desperate bid to reach safety."
81020973,The Last Hangover,Rodrigo Van Der Put,"Fábio Porchat, Gregório Duvivier, Antonio Tabet, Pedro Benevides, Paulo Vieira, Rafael Portugal, Fábio de Luca, Karina Ramil, Evelyn Castro, Pedro Monteiro, Camilo Borges, Gabriel Totoro, Victor Leal, Rafael Logan",Brazil,TV-MA,44,"Comedies, International Movies","In this biblical ""Hangover"" spoof, the apostles awaken to find Jesus is missing and must piece together events of the previous night's wild Last Supper."
81019341,What Still Remains,Josh Mendoza,"Lulu Antariksa, Colin O'Donoghue, Mimi Rogers, Peter O'Brien, Dohn Norwood, Jeff Kober, Roshon Fegan, Siena Goines, Chris Ellis, Tobias Jelinek",United States,TV-14,91,"Dramas, Thrillers","Struggling to survive alone post-apocalypse, a young woman is offered protection by an unknown man, but his village may not be the haven she imagines."
81172866,Falz Experience,Falz,"Falz, Adunni Ade, Bisola Aiyeola, Frank Donga",,TV-MA,82,"International Movies, Music & Musicals","Playing multiple characters, from lawyer to preacher, Nigerian artist Falz combines cinema with a concert after his successful 2017 end-of-year show."
81001097,2036 Origin Unknown,Hasraf Dulull,"Katee Sackhoff, Ray Fearon, Julie Cox, Steven Cree, David Tse, Joe David Walters",United Kingdom,TV-14,95,Sci-Fi & Fantasy,"Working with an artificial intelligence to investigate the failure of a deadly Mars landing, a mission controller makes an astonishing discovery."
81008536,Aggretsuko: We Wish You a Metal Christmas,Rarecho,"Kaolip, Shingo Kato, Komegumi Koiwasaki, Maki Tsuruta, Sohta Arai, Rina Inoue, Yuki Takahashi, Rarecho",Japan,TV-PG,22,Movies,"While Retsuko desperately makes plans for Christmas Eve, her new obsession with seeking validation through social media spirals out of control."
81036338,Teefa in Trouble,Ahsan Rahim,"Ali Zafar, Maya Ali, Javed Sheikh, Mehmood Aslam, Faisal Qureshi, Nayyar Ejaz, Asma Abbas, Marhoom Ahmad Bilal, Simi Raheal, Salman Bokhari",Pakistan,TV-14,155,"Action & Adventure, Comedies, International Movies","A gangster hires goon Teefa to abduct his friend’s daughter for an arranged marriage, but things get tricky when Teefa develops feelings for the girl."
81018239,Ascharyachakit!,Samit Kakkad,"Priyanka Bose, Vaibhav Raj Gupta, Santosh Juvekar, Anangsha Biswas, Ankit Raaj, Kashmira Irani, Kailash Waghmare, Vipin Sharma",India,TV-MA,90,"Dramas, Independent Movies, International Movies","Entangling the lives of a movie star, a chauffeur, a prostitute and a pimp, this bold drama reveals ugly truths beneath Mumbai’s glitzy veneer."
81045765,Lilli,Prasobh Vijayan,"Samyuktha Menon, Aaryan Menon, Dhanesh Anand, Kannan Nayar, Sajin Cherukayil, Kevin Jose, Athulya",India,TV-MA,85,"Dramas, International Movies, Thrillers","A woman who's about to give birth finds her maternal instincts kicking in when she's abducted, imprisoned and brutalized by a vicious gang."
81018634,Prince of Peoria: A Christmas Moose Miracle,Jon Rosenbaum,"Gavin Lewis, Theodore Barnes, Shelby Simmons, Cynthia Kaye McWilliams",United States,TV-Y7,29,"Children & Family Movies, Comedies","Teddy's never missed the Festival of Lights, but the bowling alley’s been snowed in! Not to worry – Emil insists the Christmas moose will save the day."
81048551,"Sincerely Yours, Dhaka","Nuhash Humayun, Syed Ahmed Shawki, Rahat Rahman, Robiul Alam Robi, Golam Kibria Farooki, Mir Mukarram Hossain, Tanvir Ahsan, Mahmudul Islam, Abdullah Al Noor, Krishnendu Chattopadhyay, Syed Saleh Ahmed Sobhan","Mostafizur Noor Imran, Orchita Sporshia, Allen Shubhro, Shamol Mawla, Sarder Saniat Hossain, Manoj Kumar Pramanik, Trapa Majumder, Intekhab Dinar, Iresh Zaker, Lutfur Rahman George",Bangladesh,TV-MA,136,"Comedies, Dramas, Independent Movies",Eleven emerging Bangladeshi filmmakers present a collection of gritty shorts centered on the capital city and the people living in its margins.
81039381,Andhadhun,Sriram Raghavan,"Tabu, Ayushmann Khurrana, Radhika Apte, Anil Dhawan, Manav Vij, Zakir Hussain, Ashwini Kalsekar, Chhaya Kadam, Pawan Singh, Kabir Sajid",India,TV-14,137,"Comedies, Dramas, International Movies",A visually impaired pianist’s world careens into a series of shocking twists after he unintentionally lands at the murder scene of a former film star.
80232329,Springsteen on Broadway,Thom Zimny,Bruce Springsteen,United States,TV-MA,153,Music & Musicals,Bruce Springsteen shares personal stories from his life and acoustic versions of some of his best-known songs in an intimate one-man show.
81025946,F.R.E.D.I.,Sean Olson,"Kelly Hu, Angus Macfadyen, Candace Cameron Bure, Lucius Hoyos, Reid Miller, Tyler Christopher, Casimere Jollette, Christina Cox, Texas Battle, Harvey Guillen",United States,TV-PG,90,"Children & Family Movies, Sci-Fi & Fantasy","Venturing into the woods, high schooler James discovers an intelligent robot that he must save from the hands of a businessman with an evil scheme."
81034633,Once in a Lifetime Sessions with Kasabian,Matt Askem,"Sergio Pizzorno, Tom Meighan, Chris Edwards, Ian Mattthews, Lauren Laverne",,TV-MA,79,"Documentaries, Music & Musicals","Between shots of live performances, Tom Meighan and Sergio Pizzorno of the English rock band talk about the 20-plus years of making music together."
81034635,Once in a Lifetime Sessions with Snow Patrol,Matt Askem,"Gary Lightbody, Nathan Connolly, Jonny Quinn, Paul Wilson, Johnny McDaid, Edith Bowman",,TV-MA,83,"Documentaries, Music & Musicals","In addition to concert scenes and studio recording sessions, this documentary presents exclusive interviews of the five men from the Irish rock band."
81045054,Vanjagar Ulagam,Manoj Beedha,"Guru Somasundaram, Cibi Bhuvana Chandran, Vishagan Vanangamudi, Anisha Ambrose, Chandini Tamilarasan, Azhagamperumal, John Vijay, Vasu Vikram, Hareesh Peradi, Jayaprakash Radhakrishnan",India,TV-MA,145,"Dramas, International Movies, Thrillers",Shyam wakes to discover he's suspected in a murder that one journalist believes may have ties to a mysterious gangster.
80240715,ROMA,Alfonso Cuarón,"Yalitza Aparicio, Marina de Tavira","Mexico, United States",R,135,"Dramas, Independent Movies, International Movies","Director Alfonso Cuarón delivers a vivid, emotional portrait of domestic life and social hierarchy set against Mexico's political turmoil of the 1970s."
80222301,Samson,"Bruce MacDonald, Gabriel Sabloff","Taylor James, Billy Zane, Lindsay Wagner, Caitlin Leahy, Rutger Hauer, Jackson Rathbone, Brandon Auret, Frances Sholto-Douglas, Greg Kriek","South Africa, United States",PG-13,109,"Action & Adventure, Dramas, Faith & Spirituality",The Biblical story of Samson becomes this sword-and-sandals epic about an Israelite warrior whose God-given brawn is undone by a beautiful temptress.
81172904,Seven and a half dates,Biodun Stephen,"Mercy Johnson, Jim Iyke, Toyin Abraham, Sola Sobowale, Akin Lewis, Bayray McNwizu, Roxy Antak, Frank Donga, Ken Erics, Fathia Balogun",,TV-14,107,"Dramas, International Movies, Romantic Movies","Engrossed in her career, a young woman reluctantly yields to her father's plan to set her up on 10 dates to find a suitable husband."
81172864,Zero Hour,Robert O. Peters,"Richard Mofe-Damijo, Alex Ekubo, Ali Nuhu, Rahama Sadau, Eucharia Anunobi, Ene Oloja, Halima Yusuf, Ayo Ayoola Ayolola",,TV-14,89,"International Movies, Thrillers","After his father passes, the heir to a retail empire returns to take over the family business but faces a controversy involving laundering and murder."
80995991,Vir Das: Losing It,Marcus Raboy,Vir Das,,TV-MA,68,Stand-Up Comedy,"The world's got a lot of problems, but Vir Das has a lot of answers as he discusses travel, religion, his childhood and more in this stand-up special."
81217747,Qismat,Jagdeep Sidhu,"Ammy Virk, Sargun Mehta, Guggu Gill, Tania, Harby Sangha, Hardeep Gill, Sukhdev Barnala, Satwant Kaur, Baljinder Kaur, Jashanjeet Gosha",India,TV-PG,137,"Dramas, International Movies, Romantic Movies","A young villager moves to Chandigarh and falls for his bubbly neighbor, but their love story is affected by several heartbreaking twists of fate."
81002685,Battle,Katarina Launing,"Lisa Teige, Fabian Svegaard Tapia, Vebjørn Enger, Charlott Madeleine Utzig, Stig R. Amdam, Karen-Lise Mynster","Norway, Denmark, Netherlands, Sweden",TV-MA,98,"Dramas, International Movies, Romantic Movies","After Amalie's dad goes bankrupt, the young dancer's affluent life collapses. But she finds a new beat to follow after meeting hip-hop dancer Mikael."
81018536,Bobby Robson: More Than a Manager,"Gabriel Clarke, Torquil Jones",Bobby Robson,United Kingdom,TV-14,99,"Documentaries, International Movies, Sports Movies","Explore the life and times of legendary soccer manager Bobby Robson, whose keen mind for the game was matched only by his devotion to his teams."
81015153,Crossroads: One Two Jaga,Nam Ron,"Zahiril Adzim, Ario Bayu, Asmara Abigail, Rosdeen Suboh, Amerul Affendi, Iedil Putra, Timothy Castillo, Chew Kin Wah, Along Eyzendy, Nam Ron",Malaysia,TV-14,81,"Dramas, International Movies","In Kuala Lumpur, an abused domestic worker tries to escape to Indonesia, while an idealistic cop insists on fighting corruption  – at a heavy price."
80166319,The Little Mermaid,"Blake Harris, Chris Bouchard","William Moseley, Poppy Drayton, Loreto Peralta, Armando Gutierrez, Shirley MacLaine, Gina Gershon, Shanna Collins, Chris Yong, Jo Marie Payton, Tom Nowicki",United States,PG,85,"Children & Family Movies, Dramas","In this take on the classic tale, a captive circus mermaid transforms the lives of a skeptical journalist and his wide-eyed young sister."
81074367,Jaoon Kahan Bata Ae Dil,Aadish Keluskar,"Khushboo Upadhyay, Rohit Kokate, Himanshu Kohli, Mohammed Shakir",India,TV-MA,107,"Dramas, Independent Movies, International Movies","A couple’s caustic, increasingly jarring interactions over a Mumbai evening strain their relationship until it threatens to break at its fraying seams."
80245357,Perdida,Alejandro Montiel,"Luisana Lopilato, Amaia Salamanca, Rafael Spregelburd, Nicolás Furtado, Oriana Sabatini, Pedro Casablanc, Arancha Martí, Carlos Alcántara, María Onetto, Sara Sálamo","Argentina, Spain",TV-MA,104,"Dramas, International Movies, Thrillers","A policewoman whose childhood friend disappeared in Patagonia years ago starts a new search to find answers, and soon finds her own life in danger."
81065902,St. Agatha,Darren Lynn Bousman,"Sabrina Kern, Carolyn Hennesy, Courtney Halverson, Shaun Fletcher, Lindsay Seim, Hannah Fierman, Trin Miller, Seth Michaels, Justin Miles",United States,TV-MA,103,"Horror Movies, Independent Movies","Unwed and pregnant, a young woman flees her abusive home in 1950s Georgia and takes refuge at a mysterious convent with a terrible secret."
81145273,Professor Mack,Christopher Nolen,"Lisa Wu, Timon Kyle Durrett, Robert Christopher Riley, Erica Hubbard, Amin Joseph, Christopher Nolen, Larry Biela, Jackie Christie, Katharin 'Ladie K' Mraz, Simeon Henderson",United States,TV-MA,84,"Comedies, Romantic Movies","When a confident college professor is courted by four eligible and well-established men, she struggles to decide who she likes the best."
80992995,Brij Mohan Amar Rahe,Nikhil Nagesh Bhat,"Arjun Mathur, Nidhi Singh, Manav Vij, Sheetal Thakur, Sunny Hinduja, Yogendra Tikku, Vijayant Kohli",India,TV-MA,100,"Comedies, Dramas, International Movies",Faking his death to escape the realities of his uneventful life worked out well for Brij Mohan – until he was sentenced to death for his own murder.
80234491,Flavors of Youth: International Version,"Xiaoxing Yi, Yoshitaka Takeuchi, Haoling Li","Taito Ban, Mariya Ise, Minako Kotobuki, Haruka Shiraishi, Hiroki Yasumoto, Takeo Otsuka, Ikumi Hasegawa, Takayuki Nakatsukasa","China, Japan",TV-PG,74,"Anime Features, International Movies, Romantic Movies","Memories in a bowl of steaming noodles, a fading beauty finding her way and a bittersweet first love – all in these stories of city life in China."
80114719,The Laws of Thermodynamics,Mateo Gil,"Vito Sanz, Berta Vázquez, Chino Darín, Vicky Luengo, Andrea Ros, Irene Escolar, Josep Maria Pou, Daniel Sánchez Arévalo",Spain,TV-MA,101,"Comedies, International Movies, Romantic Movies","A physicist uses the laws of thermodynamics to describe romance and relationships, but his theories prove faulty when it comes to his own love life."
81091381,Feo pero sabroso,Fernando Ayllón,"Iván Marín, Lina Cardona, Carlos Barbosa, Ana Cristina Botero, Karine Amaya, Fabiola Posada, Nelson Polanía, Andrea Carvajal, Rocío Tavera, Alberto Saavedra, Christian López, Jorge Herrera, Ricardo Quevedo",Colombia,TV-MA,91,"Comedies, International Movies","When an unattractive man gets engaged to a beautiful woman, their families oppose the union and the priest set to perform the ceremony is kidnapped."
80209658,Unbridled,Jota Linares,"Natalia de Molina, Daniel Grao, Natalia Mateo, Ignacio Mateos, Borja Luna, Mario Tardón, Mariana Cordero",Spain,TV-MA,100,"International Movies, Thrillers","Desperate to keep her husband’s secret, a devoted politician’s wife struggles to stave off threats that could ruin their promising new life."
80174897,Like Father,Lauren Miller Rogen,"Kristen Bell, Kelsey Grammer, Seth Rogen, Paul W. Downs, Zach Appelman, Leonard Ouzts, Blaire Brooks, Anthony Laciura, Mary Looram, Brett Gelman",United States,TV-MA,104,"Comedies, Dramas","After she's left at the altar, a workaholic advertising executive ends up on her Caribbean honeymoon cruise with her estranged father."
81003736,One Last Thing,Tim Rouhana,"Wendell Pierce, Jurnee Smollett-Bell, Joanne Froggatt, April Billingsley, Elizabeth Ludlow, David Kronawitter, Adora Dei, Eric Mendenhall, Ed Amatrudo, Kate Kovach",United States,TV-MA,92,Dramas,"After 25 years of searching, a lonely dentist finds his long-lost daughter but learns that she suffers from a rare medical condition."
80238360,Bert Kreischer: Secret Time,Todd Biermann,Bert Kreischer,,TV-MA,57,Stand-Up Comedy,Shirtless comic Bert Kreischer relays personal secrets and stories about being a cool – if not always responsible – dad in this stand-up special.
80144145,The After Party,Ian Edelman,"Kyle Harvey, Harrison Holzer, Teyana Taylor, Shelley Hennig, Wiz Khalifa, Blair Underwood, Jordan Rock, Amin Joseph, Andy Buckley, Jamie Choi",United States,TV-MA,90,"Comedies, Music & Musicals",An aspiring rapper and his best friend/manager have one night to bounce back from embarrassment and make their dreams of hip-hop stardom come true.
81155858,Marriage Palace,Sunil Thakur,"Sharry Mann, Payal Rajput, Jaswinder Bhalla, B.N. Sharma, Harby Sangha, Nirmal Rishi, Anita Devgan, Rupinder Roopi",India,TV-14,135,"Comedies, International Movies","After a young man charms the girl he loves into accepting his proposal, an accidental swap on their wedding day leads him to marry the wrong bride."
81144912,The Girl Allergic to Wi-Fi,Jun Lana,"Sue Ramirez, Jameson Blake, Markus Paterson, Angellie Saño",Philippines,TV-MA,104,"International Movies, Romantic Movies","When an internet-obsessed teen develops a rare illness that forces her to move to a remote town, she must navigate her relationships without technology."
81016191,Pad Man,R. Balki,"Akshay Kumar, Sonam Kapoor, Radhika Apte, Jyoti Subhash, Urmila Mahanta, Suneel Sinha, Sanjay Singh, Rakesh Chaturvedi Om",India,PG-13,130,"Dramas, International Movies, Romantic Movies","Despite public humiliation and resistance, an entrepreneur markets a hygienic, low-cost sanitary pad that even India's poorest women can afford."
80202810,Alejandro Sanz: What I Was Is What I Am,"Gervasio Iglesias, Alexis Morante",Alejandro Sanz,Spain,TV-14,102,"Documentaries, International Movies, Music & Musicals",A retrospective look at the life and career of Grammy-award winning Spanish musician Alejandro Sanz.
80201039,Peter Rabbit,Will Gluck,"James Corden, Domhnall Gleeson, Rose Byrne, Margot Robbie, Daisy Ridley, Elizabeth Debicki, Vauxhall Jermaine, Marianne Jean-Baptiste, Sia, Colin Moody","United States, Australia",PG,95,"Children & Family Movies, Comedies","In this mix of live action and CGI, rascally Peter Rabbit faces a tough new foe in his ongoing battle for the veggies in Mr. McGregor's garden."
80203147,To All the Boys I’ve Loved Before,Susan Johnson,"Lana Condor, Noah Centineo, Janel Parrish, Anna Cathcart, Andrew Bachelor, Trezzo Mahoro, Madaleine Arthur, Israel Broussard, Emilija Baranac, John Corbett",United States,TV-14,100,"Comedies, International Movies, Romantic Movies","When her secret love letters somehow get mailed to each of her five crushes, Lara Jean finds her quiet high school existence turned upside down."
80223582,Yoo Byung Jae: Discomfort Zone,Y. Joon Chung,Yoo Byung Jae,South Korea,TV-MA,54,Stand-Up Comedy,Daring comedian Yoo Byung-jae connects criticism he's received from the general public to some of the most touchy issues in current Korean society.
80243541,Bhavesh Joshi Superhero,Vikramaditya Motwane,"Harshvardhan Kapoor, Priyanshu Painyuli, Ashish Verma, Shreiya Sabharwal, Pratap Phad, Chinmayee Mandlekar, Nishikant Kamat, Hrishikesh Joshi",India,TV-14,150,"Dramas, International Movies, Sci-Fi & Fantasy","When his best friend is killed for uncovering political corruption, an idealistic young man decides to become a masked fighter for justice."
80209061,Adventures in Public School,Kyle Rideout,"Daniel Doheny, Judy Greer, Siobhan Williams, Russell Peters, Grace Park, Andrew McNee, Alex Barima, Andrew Herr, Eva Day, Josh Epstein","Canada, United States",NR,86,Comedies,"After years of home-schooling, an awkward teen decides he wants a public high school experience, but his overbearing mother struggles to let go."
80202176,Hurricane Bianca: From Russia With Hate,Matt Kugelman,"Roy Haylock, Rachel Dratch, Brian McCook, D.J. ""Shangela"" Pierce, Doug Plaut, Cheyenne Jackson, Kristen Johnston, Heather McDonald, Wanda Sykes, Janeane Garofalo",United States,TV-MA,85,"Comedies, Independent Movies, LGBTQ Movies","When Texas teacher Richard is lured to Russia under false pretenses by his enemy Deb, his drag alter ego Bianca soon turns the country upside down."
81005454,Beyond the Clouds,Majid Majidi,"Ishaan Khattar, Malavika Mohanan, Goutam Ghose, Sharada, Tannishtha Chatterjee, Shashank Shende, Hema Singh, Akash Gopal","India, Iran",TV-14,120,"Dramas, Independent Movies, International Movies",A youthful drug dealer in Mumbai must change his ways when the sister who raised him is assaulted by her boss and imprisoned for defending herself.
80223371,The Guernsey Literary and Potato Peel Pie Society,Mike Newell,"Lily James, Michiel Huisman, Penelope Wilton, Tom Courtenay, Jessica Brown Findlay, Katherine Parkinson, Matthew Goode","United Kingdom, France, United States",TV-14,124,"Dramas, Romantic Movies",A London writer bonds with the colorful residents of Guernsey as she learns about the book club they formed during the WWII German occupation.
80175147,The Package,Jake Szymanski,"Daniel Doheny, Geraldine Viswanathan, Luke Spencer Roberts, Eduardo Franco, Sadie Calvano",United States,TV-MA,95,Comedies,"After their buddy suffers an unfortunate accident during spring break, four pals risk everything – including their dignity – to make him whole again."
80239831,Zion,Floyd Russ,Zion Clark,United States,TV-PG,12,"Documentaries, Sports Movies","Born without legs and stuck in foster care for years, teen Zion Clark finds his calling when he pursues competitive wrestling. A documentary short."
81065784,Are We Done Yet?,Khaled El Halafawy,"Ahmed Eid, Ayten Amer, Ahmed Fouad Selim, Mohsen Mansour",Egypt,TV-14,87,"Comedies, Dramas, International Movies","When authorities arrest his young son, a taxi driver must convince the courts and rabid media that he's not the criminal they seek."
81050688,Manu,Phanindra Narsetti,"Raja Goutham, Chandini Chowdary, Bomma Sreedhar, John Kottoly, Srikanth Mullagiri, Ravi Teja",India,TV-MA,177,"Dramas, Independent Movies, International Movies","The relationship between a painter and his admirer unfolds as an abstract, twist-filled hide-and-seek game against the backdrop of murder and revenge."
81103092,Running Out Of Time,Chris Stokes,"Tasha Smith, RonReaco Lee, Telma Hopkins, Sydney Elise Johnson, Sean Dominic, Dustin Harnish, Paul Logan, Kearia Schroeder, Michael Toland, Anton Peeples",United States,TV-14,88,Thrillers,"Held hostage by men searching for a secret her late husband left behind, a recent widow and her family race against time to find a way out."
81085824,White Chamber,Paul Raschid,"Shauna MacDonald, Oded Fehr, Amrita Acharia, Sharon Maughan, Nicholas Farrell, Candis Nergaard, Marcus Griffiths, Adrianna Edwards, Sumit Chakravarti, Lisa Reynolds",United Kingdom,TV-MA,89,"Sci-Fi & Fantasy, Thrillers","When a civil war ravages the UK, a scientist awakens in a futuristic cell and is tortured by her captor for information she claims she doesn't possess."
80993489,Being Napoleon,"Jesse Handsher, Olivier Roland","Mark Schneider, Frank Samson",United States,TV-14,88,Documentaries,"On the 200th anniversary of the Battle of Waterloo, thousands of enthusiasts reenact the epic clash. But there can only be one Napoleon."
80238607,Flock of Four,Gregory Caruso,"Braeden Lemasters, Isaac Jay, Uriah Shelton, Dylan Riley Snyder, Coco Jones, Shane Harper, Nadji Jeter, Connor Paolo, Gatlin Green, Reg E. Cathey",United States,TV-MA,83,"Dramas, Independent Movies, Music & Musicals","One night in 1959, four young musicians venture from Pasadena to South-Central Los Angeles in the hopes of hearing a living jazz legend play."
81001379,Once In A Lifetime Sessions with Moby,Matt Askem,"Moby, Alex Cohen",,TV-PG,86,"Documentaries, Music & Musicals","Through performances and interviews, musician Moby opens up about his unusual childhood, his heroes and the stories behind his songs."
81001381,Once In A Lifetime Sessions with Nile Rodgers,Charlie Lightening,Nile Rodgers,,TV-PG,70,"Documentaries, Music & Musicals",The career of rhythm guitarist and Chic founder Nile Rodgers is chronicled in this musical blend of documentary and original concert performance.
81001382,Once In A Lifetime Sessions with Noel Gallagher,Charlie Lightening,Noel Gallagher,,TV-MA,66,"Documentaries, Music & Musicals","Between scenes from an intimate performance, the Oasis legend reflects on his road to stardom and offers insights on his creative process."
81013200,Sudani from Nigeria,Zakariya,"Soubin Shahir, Samuel Abiola Robinson, Savithri Sredharan, Aneesh Menon",India,TV-PG,115,"Comedies, Dramas, International Movies","When a soccer club manager brings one of his injured foreign players home to recuperate, they form an unlikely bond despite their cultural differences."
81026677,The Basement,"Brian M. Conley, Nathan Ives","Mischa Barton, Jackson Davis, Cayleb Long, Tracie Thoms, Bailey Anne Borders",United States,TV-MA,89,"Horror Movies, Thrillers","Known for tortuous role-play with victims in his basement, a twisted serial killer abducts a musician who has a deeper connection to his mind games."
81074135,Sarvam Thaala Mayam (Telugu Version),Rajiv Menon,"G.V. Prakash Kumar, Nedumudi Venu, Aparna Balamurali, Divyadarshini, Vineeth, Kumaravel, Ravi Prakash, Sumesh",India,TV-14,131,"Dramas, International Movies, Music & Musicals","An aspiring musician battles age-old caste divides to be able to learn the art of a classical instrument from a traditionalist, veteran percussionist."
80989339,Between Worlds,Maria Pulera,"Nicolas Cage, Franka Potente, Penelope Mitchell, Garrett Clayton, Lydia Hearst, Hopper Penn",Spain,R,91,Thrillers,"Grieving for his dead wife and daughter, a trucker plunges into a romance with a mother who needs his help. The dead, however, are far from gone."
80130625,6 Balloons,Marja Lewis Ryan,"Abbi Jacobson, Dave Franco, Jane Kaczmarek, Tim Matheson, Charlotte Carel, Madeline Carel, Maya Erskine, Dawan Owens, Jen Tullock",United States,TV-MA,75,"Dramas, Independent Movies",A loyal sister struggles to stay afloat while driving her heroin-addicted brother to a detox center and looking after his 2-year-old daughter.
80096984,Amateur,Ryan Koo,"Michael Rainey Jr., Josh Charles, Brian White, Sharon Leal, Ashlee Brian, Corey Parker Robinson",United States,TV-MA,96,"Dramas, Independent Movies, Sports Movies","After he's recruited to an elite prep school, a 14-year-old basketball phenom is confronted by corruption and greed in amateur sports."
80209895,"Ram Dass, Going Home",Derek Peck,Ram Dass,United States,TV-14,32,"Documentaries, Faith & Spirituality","From his home on Maui, pioneering researcher, author and spiritual teacher Ram Dass reflects on love, life and death as his own days draw to a close."
80189646,Seth Rogen's Hilarity for Charity,Ryan Polito,"Seth Rogen, Ike Barinholtz, Michael Che, Sacha Baron Cohen, Jeff Goldblum, Tiffany Haddish, Chris Hardwick, Nick Kroll, John Mulaney, Kumail Nanjiani, Chelsea Peretti, Craig Robinson & The Nasty Delicious, Lauren Miller Rogen, Justin Roiland, Sarah Silverman, Michelle Wolf",United States,TV-MA,70,Stand-Up Comedy,"Seth Rogen and friends combine stand-up, sketches and music for an outrageous comedy special that could only come from the mind of Seth."
80191990,Todo lo que sería Lucas Lauriente,"Raúl Campos, Jan Suter",Lucas Lauriente,Argentina,TV-MA,78,Stand-Up Comedy,"In his stand-up set, Argentine comic Lucas Lauriente animatedly rattles off reflections on different generations and begs kids to stop saying ""goals."""
81086435,Lupt,Prabhuraj,"Javed Jaffrey, Vijay Raaz, Karan Aanand, Niki Walia, Meenakshi Dixit, Rishabh Chaddha, Rishina Kandhari, Kiearra Soni",India,TV-14,110,"Horror Movies, International Movies, Thrillers","Haunted by disturbing visions, a workaholic takes a vacation with his family, but a detour leads them to an unsettling stranger and chilling events."
80119177,Day of the Dead: Bloodline,Hèctor Hernández Vicens,"Johnathon Schaech, Sophie Skelton, Marcus Vanco, Jeff Gum, Lillian Blankenship, Ulyana Chan, Shari Watson, Atanas Srebrev",Bulgaria,R,91,"Horror Movies, Independent Movies","A former medical student battles for survival against an evil human-zombie hybrid determined to destroy her, in this reimagining of the 1985 classic."
81062674,Suzzanna: Buried Alive,"Rocky Soraya, Anggy Umbara","Luna Maya, Herjunot Ali, Teuku Rifnu Wikana, Verdi Solaiman, Alex Abbad",Indonesia,TV-MA,126,"Horror Movies, International Movies","After a pregnant woman is murdered, her spirit seeks revenge against her increasingly terrified killers, who are determined to finish her off for good."
80217689,Fary Is the New Black,Kader Aoun,Fary,France,TV-MA,75,Stand-Up Comedy,"Armed with sly wit, a fresh outlook and plenty of style, French comedy star Fary veers from dating to stereotypes and beyond in this exclusive special."
80235025,Honey: Rise Up and Dance,Bille Woodruff,"Teyana Taylor, Sierra Aylina McClain, Bryshere Gray",United States,PG-13,100,Dramas,"Despite discouragement from her loved ones, a talented street dancer tries out for an exclusive dance crew in a bid to win a college scholarship."
81015498,Burning,Lee Chang-dong,"Yoo Ah-in, Steven Yeun, Jun Jong-seo, Kim Soo-kyung, Moon Sung-keun, ChoI Seung-ho",South Korea,TV-MA,148,"Dramas, Independent Movies, International Movies",An aspiring writer goes to the airport to pick up a high school friend returning from a trip to Africa but is disheartened to see her with another man.
81094082,Teen Aur Aadha,Dar Gai,"Zoya Hussain, Suhasini Mulay, Jim Sarbh, Aarya Dave, Anjum Rajabali, M.K. Raina",India,TV-MA,119,"Dramas, Independent Movies, International Movies","At a 50-year-old house that served as a school, a brothel, and now a home, tales unfold of the residents who have lived there, longing for an escape."
80164864,Candy Jar,Ben Shelton,"Christina Hendricks, Helen Hunt, Uzo Aduba, Sami Gayle, Jacob Latimore",United States,TV-14,93,"Children & Family Movies, Dramas, Romantic Movies",Dueling high school debate champs who are at odds on just about everything forge ahead with ambitious plans to get into the colleges of their dreams.
80183328,The Week Of,Robert Smigel,"Adam Sandler, Chris Rock, Steve Buscemi, Rachel Dratch, Allison Strong, Roland Buck III, Katie Hartman, Chloe Himmelman, Jake Lippmann, Jim Barone, June Gable",United States,TV-14,117,Comedies,Two fathers with clashing views about their children's upcoming wedding struggle to keep it together during the chaotic week before the big day.
81093925,Njan Prakashan,Sathyan Anthikad,"Fahadh Faasil, Sreenivasan, Nikhila Vimal, Devika Sanjay, Anju Kurian, K.P.A.C. Lalitha",India,TV-PG,125,"Comedies, Dramas, International Movies","Yearning for a lavish life abroad, an entitled, lazy sexist crafts a scam to ditch his thankless nursing job and find a wealthy spouse to secure a visa."
80217772,Enissa Amani: Ehrenwort,Max Amini,Enissa Amani,Germany,TV-MA,66,Stand-Up Comedy,"Live from Hamburg, Iranian-German comedian Enissa Amani shares her take on German engineering, tax deductions and online fan-mail etiquette."
81066244,Aurora,Yam Laranas,"Anne Curtis, Phoebe Villamor, Mercedes Cabral, Allan Paule, Andrea Del Rosario, Marco Gumabao, Arnold Reyes, Ricardo Cepeda, Ruby Ruiz, Sue Prado",Philippines,TV-14,98,"Horror Movies, International Movies",A fatal shipwreck spurs an islander innkeeper and her sister to recover the missing victims' bodies – until the dead come seeking shelter themselves.
80991404,Goosebumps 2: Haunted Halloween,Ari Sandel,"Jeremy Ray Taylor, Madison Iseman, Caleel Harris, Wendi McLendon-Covey, Chris Parnell, Ken Jeong, Jack Black","United States, United Kingdom",PG,90,"Children & Family Movies, Comedies","Three teens spend their Halloween trying to stop a magical book, which brings characters from the ""Goosebumps"" novels to life."
81094665,Shattered Memories,Chris Sivertson,"Elizabeth Bogush, Brad Schmidt, Sarah Lind, Eddie Kaye Thomas, Phillip Boyd, Victoria Barabas, Mark Famiglietti, Walker Borba, Meg DeLacy",United States,TV-14,86,"Dramas, Thrillers","When her former lover's mysteriously murdered, a woman must clear her name – and avoid the killer."
80205442,Fishtronaut: The Movie,"Célia Catunda, Kiko Mistrorigo, Rodrigo Eba","Fábio Lucindo, Celso Alves, Fernanda Bullara",Brazil,TV-Y,78,Children & Family Movies,"Fishtronaut, Marina and Zeek travel to the big city in search of Grandpa, only to find that everyone else has mysteriously vanished too."
80226424,Psychokinesis,Sang-ho Yeon,"Ryu Seung-ryong, Shim Eun-kyung, Jung-min Park, Min-jae Kim, Yu-mi Jung",South Korea,TV-MA,102,"Action & Adventure, Comedies, International Movies","Suddenly possessed with supernatural powers, a father sets out to help his estranged daughter, who's at risk of losing everything she's lived for."
80158976,Kevin James: Never Don't Give Up,Andy Fickman,Kevin James,United States,PG,62,Stand-Up Comedy,"Kevin James makes his long-awaited return to stand-up in this family-friendly special, dishing on fatherhood, fans, his disdain for allergies and more."
81073387,A Fortunate Man,Bille August,"Esben Smed, Katrine Rosenthal, Benjamin Kitter, Julie Christiansen, Tommy Kenter, Tammi Øst, Rasmus Bjerg, Ole Lemmeke, Sarah Viktoria Bjerregaard, Anders Hove, Jens Albinus",Denmark,TV-14,168,"Dramas, International Movies","A gifted engineer flees his austere roots to pursue wealth and success among Copenhagen's elite, but the pride propelling him threatens to be his ruin."
80207606,Paper Year,Rebecca Addelman,"Hamish Linklater, Eve Hewson, Avan Jogia, Andie MacDowell",Canada,TV-MA,89,"Dramas, Independent Movies, Romantic Movies","A young newlywed tries to keep her relationship afloat after developing feelings for her older, TV writer boss."
80192186,Dude,Olivia Milch,"Lucy Hale, Kathryn Prescott, Alexandra Shipp, Awkwafina, Alex Wolff, Brooke Smith, Jerry MacKinnon, Ronen Rubenstein, Satya Bhabha, Sydney Lucas",United States,TV-MA,97,"Comedies, Dramas, Independent Movies",Four best friends navigate loss and major life changes – and smoke a lot of weed – during their last two weeks of high school.
80216834,Kodachrome,Mark Raso,"Ed Harris, Jason Sudeikis, Elizabeth Olsen","Canada, United States",TV-MA,105,"Comedies, Dramas","A record company exec joins his estranged dad, a famous photographer who's dying, on a road trip to the last lab still developing Kodachrome film."
81037733,Brampton's Own,Michael Doneger,"Alex Russell, Rose McIver, Jean Smart, Scott Porter, Kevin Linehan, Spencer Grammer, Carter Hastings, Riley Voelkel, John Getz",United States,TV-MA,90,"Dramas, Romantic Movies, Sports Movies","After 12 years in the minors, a struggling baseball player retires, returns home and faces the last person he struck out with – his ex-girlfriend."
81088285,The Mayo Clinic,"Ken Burns, Christopher Loren Ewers, Erik Ewers",Peter Coyote,United States,TV-14,116,Documentaries,A look at how a world-renowned medical institution prioritizes patients' needs and has adapted to healthcare's evolving demands for over 150 years.
81026329,De Film van Dylan Haegens,"Dylan Haegens, Bas van Teylingen","Dylan Haegens, Nick Golterman, Marit Brugman, Ilse Warringa, Teun Peters, Patrick Stoof, Rick Vermeulen, Rico Verhoeven",Netherlands,TV-PG,81,"Comedies, International Movies",A YouTuber becomes obsessed with figuring out how his copycat archnemesis manages to steal all of his ideas.
81034599,Jonathan,Bill Oliver,"Ansel Elgort, Suki Waterhouse, Douglas Hodge, Patricia Clarkson, Matt Bomer, Souleymane Sy Savane, Shunori Ramanathan, Joe Egender",United States,TV-MA,101,"Dramas, Independent Movies, Sci-Fi & Fantasy","Two siblings share a body, each getting it for 12 hours a day. But when one of them breaks the rules, their whole way of life comes crashing down."
81086641,Rainbow Jelly,Soukarya Ghosal,"Mahabrata Basu, Anumegha Banerjee, Koushik Sen, Sreelekha Mitra, Shantilal Mukherjee, Iqbal Sultan, Daminee Basu, Subhajit Das",India,TV-14,119,"Dramas, International Movies, Sci-Fi & Fantasy","Mistreated by his cruel uncle, an imaginative orphan with autism sees hope when a fairy vows to change his life with a week of enchanted recipes."
81009808,The New Romantic,Carly Stone,"Timm Sharp, Hayley Law, Camila Mendes, Brett Dier, Jessica Barden, Avan Jogia",Canada,TV-MA,82,"Comedies, Independent Movies, Romantic Movies","Fed up with dating and debt, a naïve college senior documents her experience of being with a wealthy, older man for a gonzo journalism grant."
81060043,Antidote,Ken Barbet,"Randy Couture, Chuck Zito, Wil Traval, Celeste Thornton, Rafael De La Fuente, Alyona Chekhova, Natali Yura, Thom Rivera",United States,TV-14,90,"Action & Adventure, Horror Movies",A tough-as-nails treasure hunter protects a humanitarian doctor as she tries to cure a supernatural disease caused by a mysterious witch.
81024557,Thriller,Dallas Jackson,"Jessica Allain, Luke Tennie, Tequan Richmond, Paige Hurd, Chelsea Rendon, Mitchell Edwards, Pepi Sonuga, Jason Woods, Maestro Harrell, RZA, Mykelti Williamson",United States,TV-MA,87,Horror Movies,"When a prank goes wrong, a shy kid from Compton is sent away for murder. Four years later, he’s back and out for revenge on homecoming weekend."
80152625,Come Sunday,Joshua Marston,"Chiwetel Ejiofor, Martin Sheen, Danny Glover, Jason Segel, Condola Rashad, Lakeith Stanfield, Stacey Sargeant, Vondie Curtis-Hall",United States,TV-14,105,"Dramas, Faith & Spirituality, Independent Movies",A crisis of faith sets renowned fundamentalist preacher Carlton Pearson on a new spiritual path that jeopardizes everything he holds dear.
80175421,I Am not an Easy Man,Eleonore Pourriat,"Vincent Elbaz, Marie-Sophie Ferdane, Pierre Benezit, Blanche Gardin, Celine Menville",France,TV-MA,99,"Comedies, International Movies, Romantic Movies",A shameless chauvinist gets a taste of his own medicine when he wakes up in a world dominated by women and locks horns with a powerful female author.
81019144,Buffalo Boys,Mike Wiluan,"Yoshua Sudarso, Ario Bayu, Pevita Pearce, Tio Pakusadewo, Reinout Bussemaker, Mikha Tambayong, Happy Salma, Alex Abbad, Zack Lee","Indonesia, Singapore",TV-MA,103,"Action & Adventure, International Movies",Two Indonesian brothers learn the ways of the American cowboy before returning home to avenge the murder of their father.
81087095,#Roxy,Michael Kennedy,"Jake Short, Sarah Fisher, Booboo Stewart, Danny Trejo, Pippa Mackie, Jake Smith, Patricia Zentilli, Carter Thicke",Canada,TV-14,105,"Comedies, Romantic Movies",A teenage hacker with a huge nose helps a cool kid woo a girl that he’s secretly in love with.
80158875,Greg Davies: You Magnificent Beast,Peter Orton,Greg Davies,United Kingdom,TV-MA,66,Stand-Up Comedy,"British comedian Greg Davies revisits terrifying dates, manscaping disasters, his father's pranks and more in a savagely funny stand-up special."
81088282,American Masters: Ted Williams,Nick Davis,Ted Williams,United States,TV-MA,55,"Documentaries, Sports Movies","Baseball legend Ted Williams fights to become the greatest hitter of all time as he battles family, teammates, the press and even the fans."
80210602,I Am Maris,Laura VanZee Taylor,Maris Degener,United States,TV-14,54,Documentaries,"Through her own words and art, a young woman details the healing power of yoga in her struggle with anorexia and her journey to self-acceptance."
81088283,Jesus: Countdown to Calvary,Gerry Hoban,Hugh Bonneville,"Ireland, United States, France",TV-14,53,"Documentaries, Faith & Spirituality",Host Hugh Bonneville traces Jesus' last days to learn how the execution of an itinerant Jewish preacher had an immense impact on society.
81052280,Pinky Memsaab,Shazia Ali Khan,"Hajira Yamin, Kiran Malik, Adnan Jaffar, Sunny Hinduja, Khalid Ahmed, Shamim Hilaly, Hajrah Khan, Ahmed Ali Khan","Pakistan, United Arab Emirates",TV-14,124,"Dramas, Independent Movies, International Movies","When a guileless young woman becomes the domestic worker in a wealthy Dubai household, her bond with her posh employer changes both of their lives."
81088284,The World's Most Wanted Animal,Victoria Bromley,Maria Diekmann,United Kingdom,TV-PG,53,Documentaries,"A conservationist shares her emotional journey in helping save rare, scaly mammals that have been illegally trafficked and now face extinction."
80125979,#realityhigh,Fernando Lebrija,"Nesta Cooper, Kate Walsh, John Michael Higgins, Keith Powers, Alicia Sanz, Jake Borelli, Kid Ink, Yousef Erakat, Rebekah Graf, Anne Winters, Peter Gilroy, Patrick Davis",United States,TV-14,99,Comedies,"When nerdy high schooler Dani finally attracts the interest of her longtime crush, she lands in the cross hairs of his ex, a social media celebrity."
80164077,Fabrizio Copano: Solo pienso en mi,"Rodrigo Toro, Francisco Schultz",Fabrizio Copano,Chile,TV-MA,60,Stand-Up Comedy,"Fabrizio Copano takes audience participation to the next level in this stand-up set while reflecting on sperm banks, family WhatsApp groups and more."
80169755,Joaquín Reyes: Una y no más,José Miguel Contreras,Joaquín Reyes,,TV-MA,78,Stand-Up Comedy,"Comedian and celebrity impersonator Joaquín Reyes decides to be his zesty self for a night of stories about buses, bathroom habits, royalty and more."
80182597,Krish Trish and Baltiboy: Oversmartness Never Pays,Tilak Shetty,"Rishi Gambhir, Smita Malhotra, Deepak Chachra",,TV-Y7,65,Children & Family Movies,"A cat, monkey and donkey learn the consequences of cheating through stories from the Indian regions of Rajasthan, West Bengal and Maharashtra."
80177405,Marc Maron: Too Real,Lynn Shelton,Marc Maron,United States,TV-MA,70,Stand-Up Comedy,"Battle-scarred stand-up comedian Marc Maron unleashes a storm of ideas about meditation, mortality, documentary films and our weird modern world."
81173255,The Heretics,Chad Archibald,"Nina Kiri, Ry Barrett, Jorja Cadence, Will King, Nina Richmond",Canada,TV-MA,88,Horror Movies,A withdrawn young woman hunted by a malicious cult is abducted by a brooding stranger and undergoes a bizarre transformation.
80187061,The Mayor,Park In-je,"Min-sik Choi, Do-won Kwak, Eun-kyung Shim, So-ri Moon, Mi-ran Ra, Hye-young Ryu, Ki Hong Lee, Sun-gyu Jin, Joo-yeon Lee, Byeong-eun Park",South Korea,TV-MA,130,"Dramas, International Movies","With the presidency in mind, the incumbent mayor of Seoul runs for an unprecedented third term – and will stop at nothing to keep his secrets hidden."
80128722,Gerald's Game,Mike Flanagan,"Carla Gugino, Bruce Greenwood, Henry Thomas, Carel Struycken, Chiara Aurelia",United States,TV-MA,103,"Horror Movies, Thrillers","When her husband's sex game goes wrong, Jessie – handcuffed to a bed in a remote lake house – faces warped visions, dark secrets and a dire choice."
80104068,Our Souls at Night,Ritesh Batra,"Robert Redford, Jane Fonda, Bruce Dern, Matthias Schoenaerts, Iain Armitage, Judy Greer, Phyllis Somerville",United States,TV-14,103,"Dramas, Romantic Movies","After widowed neighbors Addie and Louis begin sleeping in bed together platonically to alleviate their loneliness, a real romance begins to blossom."
80151483,Def Comedy Jam 25,Louis J. Horvitz,"Dave Chappelle, Steve Harvey, Cedric the Entertainer, Martin Lawrence, Tiffany Haddish, Katt Williams, Craig Robinson, D.L. Hughley, Eddie Griffin, J.B. Smoove, Joe Torry, Kid Capri, Mike Epps, Sheryl Underwood, Tracy Morgan, Deon Cole",United States,TV-MA,82,Stand-Up Comedy,"In this special live event, giants of stand-up come together to commemorate the 25th anniversary of Russell Simmons's groundbreaking ""Def Comedy Jam."""
80992496,China Salesman,Tan Bing,"Li Dong Xue, Mike Tyson, Steven Seagal, Janicke Askevold, Li Ai, Eriq Ebouaney, Clovis Fouin, Wang Zijian",China,TV-MA,111,"Action & Adventure, International Movies",A Chinese engineer travels to a war-torn African country to rebuild its telecommunications but instead finds massive corruption and explosive danger.
80103311,The Bar,Álex de la Iglesia,"Blanca Suárez, Mario Casas, Carmen Machi, Secun de la Rosa, Jaime Ordoñez, Terele Pávez, Joaquín Climent, Alejandro Awada","Spain, Argentina",TV-MA,102,"Comedies, Horror Movies, International Movies",Strangers holed up in a Madrid bar after witnessing a murder begin to turn on each other as panic sets in and the body count rises.
80196586,Gaga: Five Foot Two,Chris Moukarbel,Lady Gaga,United States,TV-MA,101,"Documentaries, Music & Musicals","Follow pop provocateur Lady Gaga as she releases a new album, preps for her Super Bowl halftime show, and confronts physical and emotional struggles."
81172728,The Wedding Party 2: Destination Dubai,Niyi Akinmolayan,"Enyinna Nwigwe, Daniella Down, Banky Wellington, Adesua Etomi, Somkele Iyamah, Iretiola Doyle, Sola Sobowale, Michael De Pinna, Lynita Crofford, Patience Ozokwor",Nigeria,TV-14,98,"Comedies, International Movies, Romantic Movies","In this sequel to the 2016 hit ""The Wedding Party,"" a couple's date night ends in an accidental proposal, sparking a series of chaotic family events."
80190449,The Endless,"Justin Benson, Aaron Moorhead","Aaron Moorhead, Justin Benson, Callie Hernandez, Lew Temple, James Jordan, Tate Ellington",United States,TV-MA,112,"Independent Movies, Sci-Fi & Fantasy, Thrillers","As kids, they escaped a UFO death cult. Now, two adult brothers seek answers after an old videotape surfaces and brings them back to where they began."
80163156,Jerry Before Seinfeld,Michael Bonfiglio,Jerry Seinfeld,United States,TV-14,62,Stand-Up Comedy,"Jerry Seinfeld returns to the club that gave him his start in the 1970s, mixing iconic jokes with stories from his childhood and early days in comedy."
80192815,Barbie Dolphin Magic,Conrad Helten,"Erica Lindbeck, Shannon Chan-Kent, Kazumi Evans, Claire Corlett, Ciana Swales, Adrian Petriw, Maryke Hendrikse, Paul Dobson, Garry Chalk",United States,TV-G,64,Children & Family Movies,"While visiting Ken and exploring a coral reef, Barbie and her sisters make an amazing discovery and meet a mysterious new friend."
80190588,Clive Davis: The Soundtrack of Our Lives,Chris Perkel,Clive Davis,United States,TV-14,124,"Documentaries, Music & Musicals",This music-driven documentary charts Clive Davis' 50-year career as one of the world's most influential record moguls.
81016317,Galih dan Ratna,Lucky Kuswandi,"Refal Hady, Sheryl Sheinafia, Ayu Dyah Pasha, Joko Anwar, Hengky Tarnando, Marissa Anita, Sari Koeswoyo",Indonesia,TV-PG,111,"Dramas, International Movies, Romantic Movies",Sparks fly between the new girl at school and the misfit with a passion for music. Yet the world threatens to put a stop to their innocent love song.
81018235,​Maj Rati ​​Keteki,Santwana Bardoloi,"Adil Hussain, Shakil Imtiaz, Mahendra Rabha, Sulakshana Baruah, Rahul Gautam Sarma, Kulada Bhattacharjya, Indu Mohan Das, Moumita Talukdar",India,TV-14,117,"Dramas, International Movies","A successful writer returns to the town that launched his career, encountering people who spark nostalgic, often painfully illuminating flashbacks."
81018236,​Mayurakshi,Atanu Ghosh,"Soumitra Chatterjee, Prasenjit Chatterjee, Indrani Haldar, Sudipta Chakraborty, Suman Banerjee, Gargi Roychowdhury",India,TV-14,100,"Dramas, International Movies","When a middle-aged divorcee returns to Kolkata to visit his ailing father, long-buried memories resurface, bringing new discoveries with them."
81018237,Red Oleanders Raktokarobi,Amitava Bhattacharya,"Shantilal Mukherjee, Mumtaz Sorcar, Rahul, Koushik Sen, Rajesh Sharma, Debdut Ghosh, Anindya Banerjee, Amitabha Bhattacharjee, Usashi Chakraborty, Dipankar Dey",India,TV-14,112,"Dramas, International Movies","When a theater group stages a production of a Rabindranath Tagore play, they begin to notice parallels between the story and their own lives."
81018238,Samantaral,Partha Chakraborty,"Riddhi Sen, Parambrata Chatterjee, Soumitra Chatterjee, Aparajita Adhya, Tanusree Chakraborty, Kushal Chakraborty, Anindya Banerjee, Surangana Banerjee",India,TV-MA,110,"Dramas, International Movies","On a family visit, a young man and his girlfriend set out to discover why his eccentric uncle has been mysteriously confined to one room for years."
80067522,First They Killed My Father,Angelina Jolie,"Sreymoch Sareum, Kompheak Phoeung, Socheata Sveng, Dara Heng, Sothea Khoun, Sreyneang Oun, Kimhak Mun, Chenda Run, Nika Sarun, Nita Sarun","Cambodia, United States",TV-MA,137,Dramas,A 5-year-old girl embarks on a harrowing quest for survival amid the sudden rise and terrifying reign of the Khmer Rouge in Cambodia.
80192014,Larceny,R. Ellis Frazier,"Dolph Lundgren, Corbin Bernsen, Louis Mandylor, Isaac C. Singleton Jr., Jocelyn Osorio, Eddie J. Fernandez, David Fernandez Jr., Mauricio Mendoza, Steven Dell, Luis Gatica","United States, Mexico",TV-14,87,Action & Adventure,An ex-CIA contractor turned thief is forced to head a CIA gambit to infiltrate a black ops Mexican prison and steal $50 million in drug cartel money.
80198046,Ghost of the Mountains,Ben Wallis,Antoine Fuqua,United States,G,78,Documentaries,An international group of filmmakers sets out on a mission to get up close and personal with a family of elusive snow leopards.
80158670,Jeff Dunham: Relative Disaster,Michael Simon,Jeff Dunham,United States,TV-MA,71,Stand-Up Comedy,Ventriloquist Jeff Dunham brings his rude and slightly demented posse of puppets to Ireland for a gleeful skewering of family and politics.
80184129,68 Kill,Trent Haaga,"Matthew Gray Gubler, AnnaLynne McCord, Alisha Boe, Sheila Vand, Sam Eidson, James Moses Black, Ajay Mehta, Michael Beasley, David Maldonado, Hallie Grace Bradley, Peter Jaymes Jr., Eric Podnar, Lucy Faust",United States,R,96,"Comedies, Independent Movies, Thrillers",A hapless guy agrees to help his stunning – but psychotic – girlfriend rob her loathsome sugar daddy in a scheme as ill-conceived as it is violent.
80187228,First Kill,Steven C. Miller,"Hayden Christensen, Bruce Willis, Gethin Anthony, Megan Leonard, Tyler Jon Olson, Shea Buckner, William DeMeo, Magi Avila, Ty Shelton, Christine Dye","United Kingdom, Canada, United States",R,102,Action & Adventure,"A stock broker brings his young son back to the town where he grew up for a hunting trip, but things take a dangerous turn when they witness a crime."
81165786,The Bridge,Kunle Afolayan,"Chidinma Ekile, Ademola Adedoyin, Kunle Afolayan, Zack Orji, Tina Mba, Ayo Akinwale, Akim Mogaji, Ayo Mogaji, Ken Erics",Nigeria,TV-14,119,"Dramas, International Movies, Romantic Movies",A Yoruba prince and a young lady from a prominent Igbo family face tribal prejudice and parental pressure when they secretly wed.
81005312,Carbon,Olivier Marchal,"Benoît Magimel, Gringe, Idir Chender, Laura Smet, Michaël Youn, Dani, Patrick Catalifo, Gérard Depardieu","France, Belgium",TV-MA,104,"Dramas, International Movies, Thrillers","On the verge of losing his business, an entrepreneur launches a carbon tax scam that thrusts him into a web of criminals, intrigue and murder."
81013710,Love and Shukla,Jatla Siddartha,"Saharsh Kumar Shukla, Taneea Rajawat, Hima Singh, Aparna Upadhyay, Loknath Tiwari, Sambhaji Sasane",India,TV-MA,110,"Dramas, Independent Movies, International Movies","A sexually inexperienced rickshaw driver struggles to build intimacy with his shy new wife in their tiny, overcrowded quarters."
81005314,Sparring,Samuel Jouy,"Mathieu Kassovitz, Olivia Merilahti, Souleymane M'Baye, Billie Blain, Malik Bine, Zakariya Gouram, Jolente De Keersmaeker, Lyes Salem, Ali Labidi, David Saracino",France,TV-14,94,"Dramas, International Movies, Sports Movies",A middle-aged boxer with a mixed record becomes a champion's sparring partner while dreaming of one last chance to end his career with a victory.
80242828,Stephanie,Akiva Goldsman,"Shree Cooks, Frank Grillo, Anna Torv",United States,R,86,Horror Movies,"A menacing, unseen force stalks a young girl living by herself in a suburban house, where she's surrounded by reminders of her once-happy family."
81004223,Terrifier,Damien Leone,"Jenna Kanell, Samantha Scaffidi, David Howard Thornton, Catherine Corcoran, Pooya Mohseni, Matt McAllister, Katie Maguire, Gino Cafarelli, Cory DuVal, Michael Leavy",United States,TV-MA,84,"Horror Movies, Independent Movies, Thrillers","On Halloween night, inside a dilapidated apartment building, Art the Clown stalks his victims, slicing and slaughtering in terrifying silence."
80198730,The Keeping Hours,Karen Moncrieff,"Lee Pace, Carrie Coon, Sander Thomas, Amy Smart, Ray Baker, Ana Ortiz, Molly Hagan, Christina Vidal, Anna Diop, Jane Daly, Cliff Chamberlain",United States,PG-13,95,"Dramas, Thrillers","Years after the death of their only child and subsequent divorce, a couple discovers that their son's ghost continues to inhabit their former home."
81016043,The Promise,Sophon Sakdaphisit,"Bee Namthip, Apichaya Thongkham, Thunyaphat Pattarateerachaicharoen, Panisara Rikulsurakan, Deuntem Salitul, Benjamin Joseph Varney, Suchada Poonpattanasuk, Surachai Ningsanond, Teerapop Songwaja, Duangjai Hiransri, Sawanee Utoomma, Chaleeda Gilbert",Thailand,TV-MA,113,"Horror Movies, International Movies, Thrillers","In the wake of the 1997 financial crisis, two teens whose families face bankruptcy make a suicide pact – but one of them breaks the promise."
80139506,Little Evil,Eli Craig,"Adam Scott, Evangeline Lilly, Bridget Everett, Owen Atlas, Chris D'Elia, Donald Faison, Clancy Brown, Tyler Labine, Kyle Bornheimer, Carla Gallo, Brad Williams, Sally Field",United States,TV-MA,95,"Comedies, Horror Movies","In this horror-comedy, a recently married man who wants to bond with his stepson begins to fear that the boy is a demon."
80168028,The Lost Brother,Israel Adrián Caetano,"Leonardo Sbaraglia, Daniel Hendler, Ángela Molina, Alián Devetac, Pablo Cedrón, Alejandra Flechner","Argentina, Uruguay, Spain, France",TV-MA,113,"Dramas, International Movies","While settling the affairs of his murdered mother and brother, a man partners with a local thug in a life insurance scam, putting him on a dark path."
80173269,Who the F**k Is That Guy?,Drew Stone,Michael Alago,United States,TV-MA,78,"Documentaries, LGBTQ Movies, Music & Musicals","Take a ride through the life of record exec Michael Alago, a gay Puerto Rican New Yorker who signed a slew of musical acts, including Metallica."
80196216,Chris Brown: Welcome to My Life,Andrew Sandler,Chris Brown,United States,TV-MA,80,"Documentaries, Music & Musicals","Featuring interviews, concert footage and behind-the-scenes access, this documentary delivers fans an all-access look at the life of Chris Brown."
80170301,Kung Fu Yoga,Stanley Tong,"Jackie Chan, Disha Patani, Amyra Dastur, Sonu Sood, Aarif Rahman, Miya Muqi, Zhang Yixing, Eric Tsang","China, India, Nepal",TV-PG,107,"Action & Adventure, Comedies, International Movies",Two mismatched archaeologists battle a team of vicious mercenaries in a race to discover an ancient Tibetan treasure of unimaginable worth.
80208273,Judah Friedlander: America Is the Greatest Country in the United States,Judah Friedlander,Judah Friedlander,United States,TV-MA,84,Stand-Up Comedy,"Deadpan comic and self-proclaimed world champion Judah Friedlander performs over several nights in New York, explaining why America is No. 1."
80192097,SPF-18,Alex Israel,"Carson Meyer, Noah Centineo, Bianca Santos, Jackson White, Sean Russel Herman, Rosanna Arquette, Molly Ringwald, Pamela Anderson, Keanu Reeves, Goldie Hawn",United States,PG-13,75,"Dramas, Romantic Movies, Sports Movies",The arrival of an enigmatic struggling musician in Malibu shakes the ground beneath the feet of a teenage girl and her surfer boyfriend.
80191963,The Black Prince,Kavi Raz,"Satinder Sartaaj, Shabana Azmi, Jason Flemyng, Amanda Root, Rup Magon, Sophie Stevens, Keith Duffy, David Essex, Leanne Joyce, Ranjit Singh Shubh","United Kingdom, India, United States",PG-13,121,"Dramas, International Movies","After being exiled to England as a child, a Punjabi prince struggles to return to his homeland and his Sikh faith in this historical drama."
80218099,Truth or Dare,Nick Simon,"Cassandra Scerbo, Brytni Sarpy, Mason Dye, Harvey Guillen, Luke Baines, Ricardo Hoyos, Alexxis Lemire, Christina Masterson, Heather Langenkamp",United States,TV-MA,88,Horror Movies,"A game of ""Truth or Dare"" among college friends on spring break turns deadly when a demon seems determined to use it to kill them all."
80199767,Cult of Chucky,Don Mancini,"Fiona Dourif, Michael Therriault, Adam Hurtig, Alex Vincent, Jennifer Tilly, Brad Dourif, Summer H. Howell, Grace Lynn Kung, Elisabeth Rosen, Zak Santiago, Ali Tataryn",United States,R,90,Horror Movies,"Following a string of murders in the asylum where she's confined, Nica Pierce begins to wonder whether Chucky is real after all."
80191665,Rodney Carrington: Here Comes the Truth,Brandon Jones,Rodney Carrington,United States,TV-MA,66,Stand-Up Comedy,"Raunchy country comic and musician Rodney Carrington jokes and sings about life in his 40s, poking fun at sex, relationships and gaining weight."
80161921,Security,Alain Desrochers,"Antonio Banderas, Ben Kingsley, Liam McIntyre, Cung Le, Katherine de la Rocha, Chad Lindberg, Jiro Wang, Gabriella Wright, Shari Watson, John Strong",United States,R,92,Action & Adventure,"After taking a job as a mall security guard, a former Marine steps up to protect a young girl who's being hunted by heavily armed mercenaries."
80224362,Kings,Deniz Gamze Ergüven,"Halle Berry, Daniel Craig, Lamar Johnson, Kaalan Walker, Rachel Hilson, Issac Ryan Brown, Callan Farris, Serenity Reign Brown, Reece Cody, Aiden Akpan","France, Belgium, China, United States",R,87,Dramas,A foster mom and her houseful of kids befriend a bitter neighbor after the Rodney King verdict is handed down in 1992 Los Angeles.
80189954,Pup Star: Better 2Gether,Robert Vince,"Kaitlyn Maher, Obba Babatundé, Lombardo Boyar, Molly Burnett, Chris Coppola, Reggie De Leon, David DeLuise, Matty Finochio, Josh Flitter, Benjamin Flores Jr.",Canada,PG,93,"Children & Family Movies, Comedies",Returning Pup Star champ Tiny has her Yorkie paws full after an evil rival replaces her with street dog Scrappy during the national competition.
80117454,Joan Didion: The Center Will Not Hold,Griffin Dunne,Joan Didion,United States,TV-14,98,Documentaries,"Literary icon Joan Didion reflects on her remarkable career and personal struggles in this intimate documentary directed by her nephew, Griffin Dunne."
80158919,Jack Whitehall: At Large,Brian Klein,Jack Whitehall,United Kingdom,TV-MA,68,Stand-Up Comedy,"Comedian Jack Whitehall takes the stage to tell stories about drinking, drugs, a Google Maps van and his ongoing rivalry with Robert Pattinson."
80135164,1922,Zak Hilditch,"Thomas Jane, Molly Parker, Dylan Schmid, Kaitlyn Bernard, Bob Frazer, Brian d'Arcy James, Neal McDonough",United States,TV-MA,103,"Dramas, Thrillers","A farmer pens a confession admitting to his wife's murder, but her death is just the beginning of a macabre tale. Based on Stephen King's novella."
80113669,Wheelman,Jeremy Rush,"Frank Grillo, Caitlin Carmichael, Garret Dillahunt, Shea Whigham, Wendy Moniz, John Cenatiempo, Slaine",United States,TV-MA,82,Action & Adventure,The getaway driver in a botched robbery puts his skills and smarts to the test when he receives shocking orders from an unknown caller.
80218973,Death Race: Beyond Anarchy,Don Michael Paul,"Zach McGowan, Danny Glover, Frederick Koehler, Danny Trejo, Christine Marzano, Cassie Clare, Yennis Cheung, Lucy Aarden","United States, Bulgaria",R,111,Action & Adventure,"An ex-racecar driver is sent to a barbaric prison where, to get pardoned, he must defeat the inmate known as Frankenstein in a lethal ""Death Race."""
80171705,Wedding Unplanned,Reem Kherici,"Reem Kherici, Nicolas Duvauchelle, Julia Piaton, Sylvie Testud, François-Xavier Demaison, Chantal Lauby, Lionnel Astier, Ève Saint-Louis, Victoria Monfort, Amelie Fonlupt",France,TV-MA,94,"Comedies, International Movies, Romantic Movies","Mathias's girlfriend finds a business card for a wedding planner in his pocket. Suddenly, he's engaged and hiring his lover to plan the big day!"
81172729,10 Days in Sun City,Adze Ugah,"Ayo Makun, Adesua Etomi, Richard Mofe-Damijo, Mercy Johnson, Falz, Tuface Idibia, Thenjiwe Moseley, Motlatsi Mafatshe, Celeste Ntuli, Miguel A. Núñez Jr.",South Africa,TV-14,87,"Comedies, International Movies, Romantic Movies","After his girlfriend wins the Miss Nigeria pageant, a young man faces unexpected competition of his own when he joins her on a campaign in South Africa."
81132442,"Love, Surreal and Odd",Yılmaz Erdoğan,"Aylin Kontante, Bülent Emrah Parlak, Büşra Pekin, Çağlar Çorumlu, Fatih Artman, Gupse Özay, Serkan Keskin, Şebnem Bozoklu",Turkey,TV-14,95,"Comedies, International Movies, Romantic Movies","When a group of people meets at the same party, they form four different relationships, each experiencing similar phases of love."
81172909,Tatu,Don Omope,"Rahama Sadau, Sambasa Nzeribe, Segun Arinze, Gabriel Afolayan, Desmond Elliot, Funlola Aofiyebi, Toyin Aimakhu, Stephen Demian, Afeez Oyetoro, Oludara Egerton Shyngle",Nigeria,TV-MA,101,"Action & Adventure, Dramas, International Movies","Doubting her future as a nun, a woman attempts to have a child, triggering a mystic tribal prophecy that could force her to make a godly sacrifice."
81047903,Verses of Love 2,Guntur Soeharjanto,"Fedi Nuril, Tatjana Saphira, Dewi Sandra, Chelsea Islan, Nur Fazura, Pandji Pragiwaksono, Arie Untung, Bront Palarae, Dewi Irawan",Indonesia,TV-14,127,"Dramas, Faith & Spirituality, International Movies","Now a lecturer in Edinburgh, Fahri tries to begin a new chapter as the love of his life, Aisha, volunteers in the Gaza Strip. Have they moved on?"
80177406,Patton Oswalt: Annihilation,Bobcat Goldthwait,Patton Oswalt,United States,TV-MA,66,Stand-Up Comedy,"By turns scathing and candid, Patton Oswalt reflects on the glut of comic material in the Trump era and the dark days following a personal tragedy."
80211134,Baadshaho,Milan Luthria,"Ajay Devgn, Emraan Hashmi, Vidyut Jamwal, Ileana D'Cruz, Esha Gupta, Sanjay Mishra, Sunny Leone, Sharad Kelkar, Priyanshu Chatterjee, Denzil Smith",India,TV-14,135,"Action & Adventure, International Movies","In 1975, during the government-declared Emergency, thief Bhawani and his crew plan a daring robbery to reclaim his royal lover's seized treasures."
80204433,Lucknow Central,Ranjit Tiwari,"Farhan Akhtar, Diana Penty, Ronit Roy, Gippy Grewal, Deepak Dobriyal, Inaamulhaq, Rajesh Sharma",India,TV-14,144,"Dramas, International Movies, Music & Musicals","After being arrested for a crime he didn't commit, an aspiring musician teams up with some of his inmates at Lucknow Central to form a band."
81025935,Meghnadbodh Rohoshyo,Anik Datta,"Barun Chanda, Sabyasachi Chakraborty",India,TV-14,150,"Dramas, International Movies","A professor mysteriously vanishes, leaving behind a host of suspects, a shadowy history and a clue: the anonymous birthday gift of a Bengali classic."
80193423,El Che,Matías Gueilburt,Paco Ignacio Taibo II,Venezuela,TV-14,119,"Documentaries, International Movies","Spanish-Mexican writer Paco Ignacio Taibo II hits the road to trace the footsteps of Ernesto ""Che"" Guevara and sheds new light on the revolutionary."
80190841,OtherLife,Ben C. Lucas,"Jessica De Gouw, T.J. Power, Thomas Cocquerel, Liam Graham, Clarence John Ryan, Maggie Meyer, Tiriel Mora, Priscilla-Anne Forder, Adriane Daff, Ian Toyne","Australia, United Arab Emirates",TV-MA,96,"Dramas, Independent Movies, International Movies","After inventing a drug that induces time-compressed virtual realities, young Ren grapples with partner Sam over how to use their powerful creation."
80206827,Story of an Egg,Raj B. Shetty,"Raj B. Shetty, Usha Bhandary, Shailashree, Prakash Tuminadu, Amrutha Naik, Shreya Anchan, VJ Vineeth, Rahul Amin, Deepak Rai Panaje, Ramdas",India,TV-PG,132,"Comedies, International Movies, Romantic Movies","When an astrologer gives him one year to find a mate or face being alone forever, a professor sets out to find a bride despite serious obstacles."
80187205,This Is Not What I Expected,Derek Hui,"Takeshi Kaneshiro, Zhou Dongyu, Sun Yizhou, Ming Xi, Tony Yang, Lin Chi-ling",China,TV-PG,107,"Comedies, International Movies, Romantic Movies","Romance and cuisine mix when a perpetually dissatisfied hotel executive finally encounters the perfect meal, and the sous chef that made it."
80183198,"El Especial de Alex Fernández, el Especial",Jan Suter,Alex Fernández,Mexico,TV-MA,52,Stand-Up Comedy,"From a Mexico City theme park, energetic stand-up Alex Fernández riffs on music, cheap toys, insecurity and other fun things about growing up."
80164456,The Babysitter,McG,"Samara Weaving, Hana Mae Lee, Judah Lewis, Robbie Amell, Bella Thorne, Andrew Bachelor, Emily Alyn Lind, Leslie Bibb, Ken Marino",United States,TV-MA,85,"Comedies, Horror Movies","When Cole stays up past his bedtime, he discovers that his hot babysitter is part of a satanic cult that will stop at nothing to keep him quiet."
80174434,The Meyerowitz Stories (New and Selected),Noah Baumbach,"Adam Sandler, Ben Stiller, Dustin Hoffman, Elizabeth Marvel, Grace Van Patten, Emma Thompson, Candice Bergen, Rebecca Miller, Danny Flaherty, Sakina Jaffrey, Adam David Thompson",United States,TV-MA,113,"Comedies, Dramas, Independent Movies",Grudges and rivalries abound as three adult siblings converge in New York to contend with their prickly artist father – and his fading legacy.
80134526,Bomb Scared,Borja Cobeaga,"Javier Cámara, Julián López, Miren Ibarguren, Gorka Otxoa, Tina Sáinz, Ramón Barea",Spain,TV-MA,89,"Comedies, Independent Movies, International Movies","In this dark comedy, a dysfunctional group of wannabe Basque terrorists awaits word about a new mission while Spain makes a run at the World Cup title."
81132441,Bygones Be Bygones,Hakan Algül,"Ata Demirer, Tuvana Türkay, Ülkü Duru, Salih Kalyon, Renan Bilek, Seda Güven, Toprak Sergen, Ali Yoğurtçuoğlu, Bedir Bedir, Gümeç Alpay Aslan",Turkey,TV-MA,104,"Comedies, International Movies, Romantic Movies",A mother's plan to find her bachelor son a match derails when a new prospect turns up and sinister schemes unfold.
80205204,Christina P: Mother Inferior,Jay Karas,Christina Pazsitzky,United States,TV-MA,59,Stand-Up Comedy,"Christina Pazsitzky hits Seattle with a biting dose of reality, telling truths about her childhood, getting older and the horrors of giving birth."
81003460,House of the Witch,Alex Merkin,"Emily Bader, Darren Mann, Michelle Randolph, Coy Stewart, Jesse Pepe, Arden Belle, Joel Nagle, Nolan Bateman",United States,TV-14,86,Horror Movies,A group of daring teens finds themselves in a fight for their lives inside a haunted house when a sinister spirit crashes their Halloween party.
81043753,Sinister Circle,Dorian Fernández-Moris,"Milene Vázquez, Matías Raygada, Claudia Dammert, Marcello Rivera, Atilia Boschetti, Hernán Romero, Ismael Contreras, Pietro Sibille, Leslie Shaw",Peru,TV-MA,87,"Horror Movies, International Movies",A psychologist and her mute son confront evil forces at the site of a terrible tragedy involving an ancestral Ouija board and a demonic secret society.
80173150,Walking Out,"Alex Smith, Andrew J. Smith","Matt Bomer, Josh Wiggins, Bill Pullman, Alex Neustaedter, Lily Gladstone",United States,PG-13,96,"Dramas, Independent Movies, Thrillers","A suburban teen goes hunting with his estranged father. When a mishap with a bear occurs, he must his use his survival skills to save them both."
81012857,A Witches' Ball,Justin G. Dyck,"Morgan Neundorf, Karen Slater, Loukia Ioannou, Will Ennis, Renee Stein, Keith Cooper, Paul Mason, Lisa Scenna, Ashley Rogan",Canada,PG,91,Children & Family Movies,"Beatrix can't wait to be inducted as a witch, but an unfortunate incident threatens to take her pending title away if she doesn't act fast."
80215922,Chappaquiddick,John Curran,"Jason Clarke, Kate Mara, Ed Helms, Bruce Dern, Jim Gaffigan, Olivia Thirlby, Clancy Brown, Taylor Nichols, John Fiore","United States, Sweden",PG-13,106,Dramas,Senator Ted Kennedy watches his future unravel in the wake of an infamous car crash as family and allies vie to protect his reputation.
81024703,Dushman,Shagufta Rafique,"Kartar Cheema, Jashan Singh, Sakshi Gulati, Gulshan Grover, Savita Bhatti, Yashpal Sharma, Mohit Sharma, Sukhwinder Sohi",,TV-14,141,"Dramas, International Movies",An Indian hotel waiter forms an unlikely bond with a Pakistani colleague when the establishment’s criminal owner threatens to ruin both their lives.
80104130,Jagga Jasoos,Anurag Basu,"Ranbir Kapoor, Katrina Kaif, Saurabh Shukla, Saswata Chatterjee, Rajatabha Dutta, Saravajeet Tiwari",India,TV-14,155,"Action & Adventure, Comedies, International Movies","An eccentric, self-proclaimed detective goes on an action-packed hunt for his missing father, with an awkward but adventurous journalist by his side."
80187618,Manje Bistre,Baljit Singh Deo,"Gippy Grewal, Sonam Bajwa, Karamjit Anmol, Jaggi Singh, B.N. Sharma, Hobby Dhaliwal, Rana Ranbir, Sardar Sohi, Anita Devgan, Harby Sangha",India,TV-PG,136,"Comedies, Dramas, International Movies","While prepping for a family wedding, a young man falls for his sister’s friend, who has already been promised to someone else."
81024701,Sat Shri Akaal England,Vikram Pradhan,"Ammy Virk, Monica Gill, Karamjit Anmol, Sardar Sohi, Jarnail Singh, Satwant Kaur, Harby Sangha, Baljinder Darapuri",India,TV-14,127,"Comedies, Dramas, International Movies","After several failed attempts to obtain a visa, a man desperate to escape Punjab pays a British woman to marry him so he can move to England."
80158155,Barbie: Video Game Hero,"Conrad Helten, Ezekiel Norton, Michael Goguen","Erica Lindbeck, Sienna Bohn, Shannon Chan-Kent, Michael Dobson, Alyssya Swales, Rebekah Asselstine, Brad Swaile, Sam Vincent, Ingrid Nilson, Nesta Cooper",United States,TV-Y,72,Children & Family Movies,"Pulled into her favorite video game, Barbie becomes a fun, roller-skating heroine who's battling a sinister emoji that's trying to take over."
80202503,For Your Own Good,Carlos Therón,"Jose Coronado, Javier Cámara, Roberto Álamo, Pilar Castro, María Pujalte, Carmen Ruiz, Silvia Alonso, Georgina Amorós, Andrea Ros, Miki Esparbé",Spain,TV-MA,93,"Comedies, International Movies","Three brothers-in-law join forces to secretly drive away their daughters' undesirable boyfriends: anarchist Álex, bad-boy Dani and playboy Ernesto."
80162246,Verónica,"Carlos Algara, Alejandro Martinez-Beltran","Arcelia Ramírez, Olga Segura, Sofía Garza",Mexico,TV-MA,81,"Dramas, Independent Movies, International Movies","A reclusive psychologist agrees to treat a patient – whose therapist is missing – at her remote cabin, where the women test each other's boundaries."
80194289,Gabriel and the Mountain,Fellipe Barbosa,"João Pedro Zappa, Caroline Abras, Alex Alembe, Leonard Siampala, Tony B. Lesika, John Goodluck, Rashidi Athuman, Toney Montana, George Ngandu, Rhosinah Sekeleti, Luke Mpata, Lewis Gadson, Manuela Pacq","Brazil, France",TV-MA,132,"Dramas, Independent Movies, International Movies","In a drama based on a true story, Brazilian backpacker Gabriel Buchmann spends his gap year exploring Africa. Why does he die in the Malawi mountains?"
80191219,Lommbock,Christian Zübert,"Lucas Gregorowicz, Moritz Bleibtreu, Louis Hofmann, Wotan Wilke Möhring, Alexandra Neldel, Melanie Winigir, Mavie Hörbiger, Dar Salim, Elmar Wepper, Antoine Monot Jr.",Germany,TV-MA,106,"Comedies, International Movies","After finding love in drug-free Dubai, Stefan returns to Germany to grab documents for his wedding. But old buddy Kai's bad habits complicate things."
80236993,The Desert Bride,"Cecilia Atán, Valeria Pivato","Paulina García, Claudio Rissi","Argentina, Chile",TV-14,78,"Dramas, International Movies","While traveling across Argentina to a new job, a longtime maid encounters a salesman who opens her eyes to life's beauty and possibilities."
80167628,The Lovers,Azazel Jacobs,"Aidan Gillen, Melora Walters, Tyler Ross, Jessica Sula, Lesley Fera, Tracy Letts, Debra Winger",United States,R,98,"Comedies, Dramas, Independent Movies","On the verge of divorce, a middle-aged couple, each involved in a serious affair, rethink their marriage and the meaning of love and fidelity."
80204460,Mubarakan,Anees Bazmee,"Anil Kapoor, Arjun Kapoor, Ileana D'Cruz, Athiya Shetty, Neha Sharma, Vineet Kumar Singh, Pavan Malhotra, Ratna Pathak Shah, Karan Kundra, Anil Mange, Rahul Dev, Sanjay Kapoor",India,PG-13,153,"Comedies, Dramas, International Movies","Chaos ensues after two orphaned twin brothers raised apart team up with their eccentric, unmarried uncle to find a solution to their romantic woes."
81172908,The Accidental Spy,Roger Russell,"Ramsey Nouah, Christine Allado, Ayo Makun, Emmanuel Edunjobi, Thenjiwe Moseley, Miguel A. Núñez Jr., Bucci Franklin",Nigeria,TV-14,104,"Action & Adventure, Comedies, International Movies","Nursing a broken heart, an IT specialist moves to London to audition for a reality TV show that unexpectedly turns into a real-life cartel drama."
80226242,Brotherhood of Blades II: The Infernal Battlefield,Lu Yang,"Chang Chen, Yang Mi, Zhang Yi, Lei Jiayin, Xin Zhilei, Shih Chieh King",China,TV-MA,120,"Action & Adventure, International Movies","While tracking down a seditious painter, an imperial guard is accused of a royal assassination attempt and framed in a complicated conspiracy."
80219019,Poster Boys,Shreyas Talpade,"Sunny Deol, Bobby Deol, Shreyas Talpade, Sonali Kulkarni, Tripti Dimri, Samiksha Bhatnagar, Lovely Singh, Purnima Varma",India,PG-13,128,"Comedies, International Movies","Three men are stunned to find their faces on a poster promoting vasectomies, and must prove to their upset loved ones that they're innocent victims."
80125671,Shot Caller,Ric Roman Waugh,"Nikolaj Coster-Waldau, Omari Hardwick, Lake Bell, Jon Bernthal, Emory Cohen, Jeffrey Donovan, Evan Jones, Benjamin Bratt, Holt McCallany",United States,R,121,"Dramas, Thrillers","Trying to go straight, a once-successful businessman fresh out of prison is forced to orchestrate a brazen crime or risk his family."
80174220,Bushwick,"Cary Murnion, Jonathan Milott","Dave Bautista, Brittany Snow, Angelic Zambrana, Jeremie Harris, Myra Lucretia Taylor, Arturo Castro, Christian Navarro",United States,TV-MA,94,"Action & Adventure, Independent Movies","When their diverse neighborhood is besieged by a mysterious militia, a grad student and an ex-Marine become an unlikely team in a battle for survival."
80196379,Deep,Julio Soto Gurpide,"Justin Felbinger, Stephen Erza  Hughes, Lindsey Alena, Elisabeth Catherine Gray, Dwight Schultz, Anna Vocino","Spain, Belgium, Switzerland, United States, China, United Kingdom",PG,93,"Children & Family Movies, Comedies","After accidentally trapping his family in their underwater home, a young octopus and his ocean-dwelling buddies search for help far across the sea."
80203522,Barbra: The Music ... The Mem'ries ... The Magic!,"Barbra Streisand, Jim Gable",Barbra Streisand,United States,TV-14,109,Music & Musicals,"Iconic songstress Barbra Streisand culminates her 13-city tour in Miami with dazzling ballads, Broadway standards and stories from behind the scenes."
80208104,Beat Bugs: All Together Now,Josh Wakely,"Ashleigh Ball, Lili Beaudoin, Charles Demers, Rebecca Husain, Erin Mathews","Australia, Canada",TV-Y,51,"Children & Family Movies, Music & Musicals","After winning a local talent show, the Beat Bugs journey to compete on ""The Bug Factor,"" a televised singing contest held in faraway Rocket Ship Park."
80134827,Brian Regan: Nunchucks and Flamethrowers,Troy Miller,Brian Regan,United States,TV-PG,61,Stand-Up Comedy,"Brian Regan takes relatable family humor to new heights as he talks board games, underwear elastic and looking for hot dogs in all the wrong places."
80127558,Saving Capitalism,Jacob Kornbluth,Robert Reich,United States,TV-PG,73,Documentaries,Former Secretary of Labor Robert Reich meets with Americans from all walks of life as he chronicles a seismic shift in the nation's economy.
80158084,The Case for Christ,Jon Gunn,"Mike Vogel, Erika Christensen, Faye Dunaway, Robert Forster, Frankie Faison, Mike Pniewski",United States,TV-PG,113,"Dramas, Faith & Spirituality","Bothered by his wife's unyielding belief in Christianity, an investigative reporter sets out to use verifiable facts to poke holes in her faith."
81215437,Escape from Mr. Lemoncello’s Library,Scott McAboy,"Casey Simpson, Breanna Yde, Klarke Pipkin, Angel Luis Rivera Jr., Russell Roberts, Ty Consiglio, Hayley Scherpenisse, Patti Allan, Katey Hoffman",United States,TV-G,69,Children & Family Movies,An eccentric game designer builds a library full of traps and tricks for a group of kids who score the chance to navigate his elaborate scavenger hunt.
81215438,Hey Arnold! The Jungle Movie,"Raymie Muzquiz, Stu Livingston","Mason Vale Cotton, Benjamin Flores Jr., Francesca Smith, Alfred Molina, Dan Castellaneta, Tress MacNeille, Craig Bartlett, Carlos Alazraqui","United States, South Korea, Japan",TV-PG,81,"Children & Family Movies, Comedies","When Arnold and his crew win a trip to San Lorenzo, their adventure in the wild forces them to take the same risky path as Arnold's missing parents."
80177865,The Prison,Na Hyeon,"Suk-kyu Han, Rae-won Kim, Kyeong-yeong Lee, Woong-in Jeong, Jae-yun Jo, Sung-rok Shin, Kim Sung-kyun, Kwak Min-ho",South Korea,TV-MA,125,"Action & Adventure, Dramas, International Movies",A cop-turned-convict discovers a crime syndicate inside a prison lorded over by an inmate crime boss – and joins in on their nightly heists.
80160759,A Christmas Prince,Alex Zamm,"Rose McIver, Ben Lamb, Alice Krige, Honor Kneafsey",United States,TV-PG,92,"Children & Family Movies, Dramas, Romantic Movies",Christmas comes early for an aspiring young journalist when she's sent abroad to get the scoop on a dashing prince who's poised to be king.
80209608,"Jim & Andy: The Great Beyond - Featuring a Very Special, Contractually Obligated Mention of Tony Clifton",Chris Smith,Jim Carrey,"Canada, United States",TV-MA,94,Documentaries,"Through the lens of his stunningly immersive performance as Andy Kaufman, Jim Carrey ponders the meaning of life, reality, identity and career."
80182622,Krish Trish and Baltiboy: Face Your Fears,Tilak Shetty,"Tarun Ratnani, Smita Malhotra, Deepak Chachra",India,TV-Y7,65,Children & Family Movies,"In three tales about fear, a baby elephant gets captured by a circus, two boys enter a haunted house and a parrot faces his fear of flying."
80175694,Mudbound,Dee Rees,"Carey Mulligan, Jason Clarke, Mary J. Blige, Garrett Hedlund, Jason Mitchell, Rob Morgan, Jonathan Banks",United States,R,135,"Dramas, Independent Movies","Two Mississippi families – one black, one white – confront the brutal realities of prejudice, farming and friendship in a divided World War II era."
81037898,Follow Me,Asri Bendacha,Asri Bendacha,"United Arab Emirates, United States, United Kingdom",TV-MA,86,"Documentaries, International Movies","Aspiring to be an internet celebrity and make big bucks, a filmmaker travels the world to learn the tricks of the trade from social media influencers."
80224054,Christmas Wedding Planner,Justin G. Dyck,"Stephen Huszar, Kelly Rutherford",Canada,PG,86,"Comedies, International Movies, Romantic Movies",A wedding planner’s world is turned upside down when a handsome private investigator is hired to disrupt one of her biggest jobs.
81035109,Mala Kahich Problem Nahi,Sameer Vidwans,"Gashmeer Mahajani, Spruha Joshi, Nirmiti Sawant, Vijay Nikam, Satish Alekar, Mangal Kenkre, Kamlesh Sawant, Seema Deshmukh",India,TV-PG,132,"Dramas, International Movies","With their relationship running on autopilot, a discontent husband and wife must confront their issues while on a trip with the extended family."
81035108,Pimpal,Gajendra Ahire,"Dilip Prabhavalkar, Priya Bapat, Kishore Kadam, Vrinda Gajendra, Alok Rajwade, Sakhi Gokhale",India,TV-PG,92,"Dramas, Independent Movies, International Movies","As a lonely widower prepares to leave India to live with his children in America, he looks back on past memories and unfinished business."
81028560,Shopkins: World Vacation,Richard Bailey,"Kate Murphy, Cassandra Morris, Erika Harlacher, Abby Trott, Brianna Plantano, Reba Buhr, Doug Erholtz, Cherami Leigh, Brianna Knickerbocker",Australia,TV-Y,71,Movies,"The Shopkins and Shoppies jet around the world in search of missing friend Kooky Cookie, a stolen diamond and more vloggable adventure."
80122177,The Giant,"Aitor Arregi, Jon Garaño","Joseba Usabiaga, Eneko Sagardoy, Iñigo Aranburu, Ramón Aguirre, Aia Kruse, Iñigo Azpitarte",Spain,TV-MA,115,"Dramas, International Movies","In 1843, crippled Martin returns from war to his Basque hometown and finds his brother has grown into a giant, which they turn into a circus act."
80191804,DeRay Davis: How to Act Black,Marcus Raboy,DeRay Davis,United States,TV-MA,66,Stand-Up Comedy,"Dynamic comic DeRay Davis hits the stage like a ball of fire, nailing the finer points of living, dating and handling show business as a black man."
80191109,Hickok,Timothy Woodward Jr.,"Luke Hemsworth, Trace Adkins, Kris Kristofferson, Bruce Dern, Cameron Richardson, Kaiwi Lyman-Mersereau, Hunter Fischer, Robert Catrini, Britain Simons",United States,TV-MA,88,Action & Adventure,"While serving as the marshal of rowdy Abilene, Kansas, ""Wild Bill"" Hickok uses guns and gall to tidy up the lawless frontier town."
80205085,Long Time Running,"Jennifer Baichwal, Nicholas de Pencier","Gord Downie, Paul Langlois, Gord Sinclair, Rob Baker, Johnny Fay, Justin Trudeau",Canada,TV-14,96,"Documentaries, International Movies, Music & Musicals",This documentary follows the 2016 tour of beloved rock band The Tragically Hip as they make their way across Canada one last time.
80131563,Bon Cop Bad Cop 2,Alain Desrochers,"Patrick Huard, Colm Feore, Marc Beaupré, Noam Jenkins, Andreas Apergis, Mariana Mazza, Erik Knudsen, Sarah-Jeanne Labrosse, Lucie Laurier, Neil Crone, Catherine St-Laurent",Canada,TV-MA,126,"Action & Adventure, Comedies, International Movies","Two veteran buddy cops are back for a second chapter, this time to tackle a car theft ring that turns out to be much more than they bargained for."
80237420,The Workshop,Laurent Cantet,"Marina Foïs, Matthieu Lucci, Warda Rammach, Issam Talbi, Florian Beaujean, Mamadou Doumbia, Julien Souve, Mélissa Guilbert, Olivier Thouret, Lény Sellam",France,TV-MA,114,"Dramas, International Movies","In an old shipyard town in France, sociopolitical tensions beset a writing workshop where the instructor notices a student with a dark side."
80183088,Mea Culpa,"Raúl Campos, Jan Suter",Alexis de Anda,Mexico,TV-MA,54,Stand-Up Comedy,"Raw and outspoken, comedian Alexis de Anda bares her soul about weddings, exercise, sex, gynecologists, drugs and much more in this stand-up special."
80198018,Natalia Valdebenito: Gritona,Natalia Valdebenito,Natalia Valdebenito,United States,TV-MA,76,Stand-Up Comedy,"Chile's Natalia Valdebenito hits Santiago's Teatro Caupolicán with a one-woman show steeped in irony, a dash of improv and her own personal style."
80127990,The Killer,Marcelo Galvão,"Diogo Morgado, Etienne Chicot, Maria de Medeiros, Deto Montenegro, Jonas Leite, Paulo Gorgulho, Will Roberts, Allan Lima, Eduardo Galvão, Igor Galvão",Brazil,TV-MA,100,"Action & Adventure, International Movies","In lawless badlands, reclusive Cabeleira sets out to discover the fate of his gunman father and grows to be a feared assassin himself."
81063129,Christmas in the Heartland,Harvey Lowry,"Sierra McCormick, Brighton Sharbino, Bo Derek, Shelley Long, Christopher Rich, JoeDon Rooney, Tiffany Fallon, Paula Trickey, Christian Kane",United States,TV-PG,112,Dramas,Two girls realize they're both visiting grandparents they’ve never met and decide to switch places to see how the other half lives.
80153894,How to Be a Latin Lover,Ken Marino,"Eugenio Derbez, Salma Hayek, Rob Lowe, Raphael Alejandro, Kristen Bell, Raquel Welch, Linda Lavin, Renée Taylor, Rob Riggle, Rob Corddry, Rob Huebel, Michael Cera, Michaela Watkins","Mexico, United States",PG-13,116,Comedies,"When an aging Lothario gets the boot from his sugar mama, he must pull out all the stops to find a new female sponsor."
80210147,"Edmilson Filho: Notas, Comedy about Relationships",Halder Gomes,Edmilson Filho,Brazil,TV-MA,80,Stand-Up Comedy,"Brazilian comedian Edmilson Filho walks his audience through the stages of a modern relationship, playing up the differences between men and women."
80224606,Filmworker,Tony Zierra,Leon Vitali,United States,TV-MA,94,Documentaries,Leon Vitali had a thriving acting career most others would envy. Then he gave it all up to devote himself completely to the vision of Stanley Kubrick.
81025404,The Tigers of Scotland,Leanne Gater,Iain Glen,United Kingdom,TV-G,58,Documentaries,"This documentary highlights the endangered existence of the Scottish wildcats, and the conservation efforts required to prevent their extinction."
80182949,The Untold Tales of Armistead Maupin,Jennifer M. Kroot,"Armistead Maupin, Neil Gaiman, Laura Linney, Ian McKellen, Amy Tan, Margaret Cho, Jonathan Groff, Amanda Palmer",United States,TV-MA,91,"Documentaries, LGBTQ Movies","This documentary traces the life of ""Tales of the City"" author Armistead Maupin, from his conservative roots to his rise as an LGBTQ champion."
80201820,Coffee with D,Vishal Mishra,"Sunil Grover, Zakir Hussain, Anjana Sukhani, Dipannita Sharma, Pankaj Tripathi, Rajesh Sharma, Vinod Ramani, Guru Singh",India,TV-PG,120,"Comedies, Independent Movies, International Movies",Low TV ratings drive a well-known journalist to concoct a plan to interview a notorious underworld figure who is also a suspected terrorist.
80156684,Savage Dog,Jesse V. Johnson,"Scott Adkins, Juju Chan, Marko Zaror, Vladimir Kulich, Charles Fathy, Matthew Marsden, Keith David, Luke Massy",United States,TV-MA,95,"Action & Adventure, Independent Movies",A former professional boxer serving time in a brutal labor camp must fight incredible odds to gain his freedom and avenge an act of violence.
80174727,The Bittersweet,D Ho,"Min-ho Lee, Zhu Xuan",China,TV-14,98,"Action & Adventure, Dramas, International Movies","As a killer stalks the streets, a troubled young courier suspects that a doctor may be the long-lost sister he hasn't seen since childhood."
81035836,Antar: Son of Shadad,Sherif Ismail,"Mohamed Henedi, Bassem Samra, Dorra Zarrouk, Lotfy Labib",Egypt,TV-MA,110,"Comedies, International Movies","Learning he is the grandson of a famous knight, a young man hilariously fights a rival gang to win over the most beautiful woman in the tribe."
80134780,"Norm Macdonald: Hitler's Dog, Gossip & Trickery",Liz Plonka,Norm MacDonald,United States,TV-MA,61,Stand-Up Comedy,"In this new stand-up special, Norm Macdonald delivers sly, deadpan observations from an older – and perhaps even wiser – point of view."
80221308,Desolation,Sam Patton,"Jaimi Paige, Alyshia Ochse, Toby Nichols, Claude Duhamel",United States,TV-MA,76,"Horror Movies, Thrillers","Along with her son and best friend, a grieving widow hikes into the woods to scatter her late husband's ashes, only to discover they're being stalked."
80235472,Death House,Harrison Smith,"Cody Longo, Cortney Palm, Adrienne Barbeau, Michael Berryman, Barbara Crampton, Sid Haig, Gunnar Hansen, Lindsay Hartley, Kane Hodder, Lloyd Kaufman, Camille Keaton, Bill Moseley, Tony Todd, Dee Wallace, Vincent Ward, Vernon Wells",United States,R,88,Horror Movies,Two federal agents battle through an army of rioting prisoners – and their sense of reality – inside a high-tech prison modeled after Dante’s Inferno.
80106793,Handsome: A Netflix Mystery Movie,Jeff Garlin,"Jeff Garlin, Natasha Lyonne, Amy Sedaris, Steven Weber, Christine Woods, Eddie Pepitone, Timm Sharp, Brad Morris, Leah Remini, Ava Acres",United States,TV-MA,81,Comedies,Homicide detective Gene Handsome sets out to solve a woman's murder while searching for clues about what's missing from his personal life.
80124727,Simplemente Manu NNa,"Jan Suter, Raúl Campos",Manu NNa,Mexico,TV-MA,72,Stand-Up Comedy,Eclectic stand-up comic Manu NNa relays everyday tales about the struggles of being gay in Mexico and shares his love of telenovelas and mezcal.
80117263,The Mars Generation,Michael Barnett,"Neil deGrasse Tyson, Bill Nye, Michio Kaku",United States,TV-PG,98,"Children & Family Movies, Documentaries","Self-professed teenage ""space nerds"" at Space Camp chase their dreams of traveling to Mars, while experts reflect on NASA's history and future."
80209866,Manhunt,John Woo,"Zhang Hanyu, Masaharu Fukuyama, Qi Wei, Ji-won Ha, Jun Kunimura, Angeles Woo, Nanami Sakuraba","China, Hong Kong",TV-MA,109,"Action & Adventure, International Movies",A Chinese pharmaceutical lawyer framed for a vile crime teams up with a sharp-witted Japanese detective to stop a dangerous corporate plot.
80167648,Thi Mai,Patricia Ferreira,"Carmen Machi, Adriana Ozores, Aitana Sánchez-Gijón, Dani Rovira, Eric Nguyen, Pedro Casablanc, José Troncoso, José Burgos, Ana López, Pedro Miguel Martínez, Nguyen Ngan Ha",Spain,TV-14,99,"Comedies, Dramas, International Movies","Along with her two friends, a determined woman travels to Vietnam to bring home the baby her recently deceased daughter had planned to adopt."
80189827,Bombshell: The Hedy Lamarr Story,Alexandra Dean,Hedy Lamarr,United States,TV-14,89,Documentaries,"An unearthed audio interview of Hollywood icon Hedy Lamarr reveals a woman with brains as well as beauty, who was the first to patent frequency hopping."
80133554,Sarah Silverman A Speck of Dust,Liam Lynch,Sarah Silverman,United States,TV-MA,71,Stand-Up Comedy,"In her first comedy special post-health scare, Sarah Silverman shares a mix of fun facts, sad truths and yeah-she-just-went-there moments."
80176342,Rangoon,Vishal Bhardwaj,"Saif Ali Khan, Shahid Kapoor, Kangana Ranaut, Shriswara, Richard McCabe, Satoru Kawaguchi, Surendra Pal, Lin Laishram",India,TV-14,153,"Action & Adventure, Dramas, International Movies","During World War II, daredevil star Miss Julia entertains soldiers at the Indo-Burma border, where she's caught up in a web of love and deceit."
80167459,I Am Jane Doe,Mary Mazzio,Jessica Chastain,United States,TV-14,98,Documentaries,This intense documentary follows real cases of American girls enslaved in the child sex trade through ads in a newspaper's online classified section.
80164778,Raees,Rahul Dholakia,"Shah Rukh Khan, Mahira Khan, Nawazuddin Siddiqui, Mohammed Zeeshan Ayyub, Sheeba Chaddha, Shubham Chintamani, Shubham Tukaram, Atul Kulkarni, Narendra Jha, Jaideep Ahlawat, Sunny Leone",India,NR,143,"Action & Adventure, Dramas, International Movies","After street smart kid Raees rises to become Gujarat's bootlegging king in the 1980s, he tries to balance his life of crime with helping his people."
80068327,War Machine,David Michôd,"Brad Pitt, Topher Grace, Emory Cohen, John Magaro, Scoot McNairy, Anthony Michael Hall, Will Poulter",United States,TV-MA,123,"Comedies, Dramas","When a proud general is tasked with winning an unpopular war, he takes the challenge head-on, not knowing that hubris may be his own worst enemy."
80220758,Survivors Guide to Prison,Matthew Cooke,Susan Sarandon,United States,TV-MA,103,Documentaries,"Former inmates, officers and celebrities critique the U.S. prison system in this documentary packaged as a how-to handbook for the incarcerated."
80134781,Hasan Minhaj: Homecoming King,Christopher Storer,Hasan Minhaj,,TV-MA,73,Stand-Up Comedy,"Comic Hasan Minhaj of ""The Daily Show"" shares personal stories about racism, immigrant parents, prom night horrors and more in this stand-up special."
81035880,Hamza's Suitcase,Akram Farouk,"Hamada Helal, Yousra El Lozy, Ahmed Fathy, Mohammed Tharwat, Samia Trabelsi, Diaa El-Merghani, Abdalah Mishrif, Mohamed Metwalli, Samy Maghawry, Bayoumi Fouad, Inas al-Najjar, Taher Abu Lela",Egypt,TV-14,79,"Comedies, International Movies","When a con man tries to retrieve a bag of money, he swoons for a woman with ties to a notorious crew of criminals."
80990658,Jailbreak,Jimmy Henderson,"Jean-Paul Ly, Dara Our, Tharoth Sam, Dara Phang, Celine Tran, Savin Phillip, Sok Visal",Cambodia,TV-MA,92,"Action & Adventure, International Movies",Four cops escorting a mobster to a high-security prison fight for survival when a gang boss orchestrates a riot from outside to silence their charge.
80133663,Maria Bamford: Old Baby,Jessica Yu,Maria Bamford,United States,TV-MA,64,Stand-Up Comedy,"Maria Bamford performs a rapid-fire, playful stand-up set for crowds at park benches, bowling alleys and LA theaters in this roving comedy special."
80182919,Small Town Crime,"Ian Nelms, Eshom Nelms","John Hawkes, Anthony Anderson, Octavia Spencer, Robert Forster, Clifton Collins Jr., Jeremy Ratchford, James Lafferty, Michael Vartan, Daniel Sunjata, Don Harvey, Stefanie Scott, Caity Lotz, Dale Dickey",United States,R,92,Thrillers,"When a disgraced ex-cop discovers a dying woman, he's compelled to track down her killer – an act of self-redemption that takes him down a dark path."
80115466,BLAME!,Hiroyuki Seshita,"Takahiro Sakurai, Kana Hanazawa, Sora Amamiya, Kazuhiro Yamaji, Mamoru Miyano, Aya Suzaki, Nobunaga Shimazaki, Yuki Kaji, Aki Toyosaki, Saori Hayami",Japan,TV-14,106,"Action & Adventure, Anime Features, International Movies","Inside a vast, self-replicating city bent on eliminating all life, mysterious loner Killy emerges to guide a remnant of humanity desperate to survive."
80142223,Laerte-se,"Lygia Barbosa da Silva, Eliane Brum",Laerte Coutinho,Brazil,TV-MA,101,"Documentaries, International Movies, LGBTQ Movies","After living as a man for nearly 60 years, Laerte Coutinho, one of Brazil's most brilliant cartoonists, introduces herself to the world as a woman."
80133551,Tracy Morgan: Staying Alive,Ryan Polito,Tracy Morgan,United States,TV-MA,59,Stand-Up Comedy,"In his first special since his serious car accident, Tracy Morgan cracks jokes about life in a coma, his second marriage and his family's dark side."
80994416,Aadu 2,Midhun Manuel Thomas,"Jayasurya, Vinayakan, Sunny Wayne, Vijay Babu, Saiju Kurup, Vineeth Mohan, Unni Rajan P. Dev, Dharmajan Bolgatty, Indrans",India,TV-14,150,"Comedies, International Movies","When Shaji Pappan and his gang of goofy outlaws find themselves low on funds, they plan to once again win a hefty prize in a tug-of-war competition."
80994418,Chalay Thay Saath,Umer Adil,"Syra Shehroz, Kent S. Leung, Osama Tahir, Mansha Pasha, Zhalay Sharhadi, Faris Khalid, Behroze Sabzwari, Shamim Hilaly",Pakistan,TV-14,118,"Comedies, Dramas, International Movies",Beautiful and adventurous doctor Resham meets a handsome Chinese backpacker named Adam while traveling with friends on a journey of self-discovery.
80117736,Spivak,"Anthony Abrams, Adam Larson Broder","Michael Bacall, Maggie Lawson, Elden Henson, Robert Kazinsky, Mark Webber, Chloe Wepper",United States,TV-MA,92,"Comedies, Independent Movies",Struggling writer Wally Spivak is stuck in a rut – until he meets an engaged couple and starts to see life in a whole new way.
80114666,Get Me Roger Stone,"Dylan Bank, Daniel DiMauro, Morgan Pehme",Roger Stone,United States,TV-MA,101,Documentaries,"Examine the rise, fall and rebirth of political operative Roger Stone, who's been an influential member of Team Trump for decades."
80157866,Mindhorn,Sean Foley,"Julian Barratt, Andrea Riseborough, Essie Davis, Russell Tovey, Simon Farnaby, Steve Coogan, Richard McCabe, David Schofield, Nicholas Farrell, Jessica Barden",United Kingdom,TV-MA,88,"Comedies, Cult Movies, Independent Movies","When a twisted killer tells the police he'll only speak to a fictional 1980s TV detective, the washed-up actor who played him takes the gig."
80161029,Sahara,Pierre Coré,"Robert Naylor, Angela Galuppo, Daniel Brochu, Mark Hauser, Andrew Shaver, Mathew Mackay, Richard Dumont, Brady Moffatt, Rick Jones, Nadia Verrucci, Sonja Ball","France, Canada",TV-Y7,86,Children & Family Movies,"When his new love is captured by an evil snake charmer, a young cobra and his scorpion best friend set out across the desert on a wild rescue mission."
81059956,Familiye,"Sedat Kirtan, Kubilay Sarikaya","Kubilay Sarikaya, Arnel Taci, Muhammed Kirtan, Violetta Schurawlow, Burak Yiğit, Giwar Xatar Hajabi, Ridvan Kirtan, Ilhan Erdinc, Michael Hanemann, Sedat Kirtan",Germany,TV-MA,99,"Dramas, Independent Movies, International Movies","An ex-con struggles to take care of his two brothers, a gambling addict and a young man with Down syndrome, after being released from prison."
80213148,27: Gone Too Soon,Simon Napier-Bell,"Janis Joplin, Jimi Hendrix, Amy Winehouse, Jim Morrison, Kurt Cobain",United Kingdom,TV-MA,70,Documentaries,"Explore the circumstances surrounding the tragic deaths at 27 of Jimi Hendrix, Jim Morrison, Brian Jones, Janis Joplin, Kurt Cobain and Amy Winehouse."
80993495,Ajji,Devashish Makhija,"Sushama Deshpande, Abhishek Banerjee, Smita Tambe, Sharvani Suryavanshi, Vikas Kumar, Sadiya Siddiqui, Sudhir Pandey, Manuj Sharma",India,TV-MA,105,"Dramas, International Movies","When her small granddaughter is sexually assaulted by a powerful man and no justice is served, a poor, frail old woman plots her violent revenge."
80192548,CIA: Comrade in America,Amal Neerad,"Dulquer Salmaan, Karthika Muraleedharan, Siddique, Soubin Shahir, Dileesh Pothan, John Vijay, Chandini Sreedharan, Jinu Joseph, Sujith Shankar, Alencier Ley Lopez",India,TV-14,130,"Action & Adventure, Dramas, International Movies","A young man in Kerala has two weeks to stop the woman he loves from a fixed marriage in the U.S., but he doesn't have the papers to get there."
80103425,Despido Procedente,Lucas Figueroa,"Imanol Arias, Darío Grandinetti, Hugo Silva, Luis Luque, Miguel Ángel Solá, Tomás Pozzi, Valeria Alonso","Argentina, Spain",TV-MA,90,"Comedies, International Movies","A Spaniard working in Argentina sees his life upended after accidentally giving bad directions to a passerby, who demands compensation for the error."
80170875,God's Own Country,Francis Lee,"Josh O'Connor, Alec Secareanu, Ian Hart, Gemma Jones",United Kingdom,TV-MA,105,"Dramas, Independent Movies, International Movies","In Yorkshire, a withdrawn gay farmer begins a torrid affair with a Romanian migrant worker who shows him the depths of his capacity for affection."
80990815,Gurgaon,Shanker Raman,"Akshay Oberoi, Pankaj Tripathi, Aamir Bashir, Ragini Khanna, Shalini Vatsa",India,TV-14,106,"Dramas, International Movies, Thrillers","When the daughter of a wealthy family returns from college, she gets a frosty welcome from her brother, who has problems – and plans – of his own."
80990816,Hombanna,Rakshith Thirthahalli,"Subbu Talabi, Dhanu Gowda, H.G. Dattatreya, Suchendra Prasad, Ambujakshi, Neenasam Ashwath",India,TV-14,126,"Dramas, International Movies","In the forests of Karnataka, a farmer and his community face eviction from the land when they get caught in the currents of socio-political change."
80241876,Le K Benzema,"Damien Piscarel, Florent Bodin",Karim Benzema,France,TV-14,121,"Documentaries, International Movies, Sports Movies","After a blackmailing scandal and being sidelined from the French national team, Real Madrid forward Karim Benzema tells his side of the story."
80990811,Love Ni Bhavai,Saandeep Patel,"Malhar Thakar, Pratik Gandhi, Aarohi Patel, Maulik Jagdish Nayak, Diana Raval, Roopa Divatia, Aarti Patel",India,TV-PG,163,"Comedies, International Movies, Romantic Movies","Not romantically inclined, a popular radio personality finds herself caught between two diametrically opposed suitors."
80206732,Nibunan,Arun Vaidyanathan,"Arjun, Prasanna, Varalakshmi Sarathkumar, Sruthi Hariharan, Vaibhav Reddy, Suman, Suhasini, Krishna Sekhar",India,TV-14,124,"Action & Adventure, Dramas, International Movies","With numbers written on a doll as their only clue, three officers of the law track down a psychotic killer, unearthing dark secrets along the way."
80223149,The Carter Effect,Sean Menard,Vince Carter,United States,TV-14,60,"Documentaries, Sports Movies","Featuring eight-time NBA All-Star Vince Carter, this documentary takes an in-depth look at his impact on pop culture and the Canadian basketball scene."
80179373,The Clapper,Dito Montiel,"Ed Helms, Amanda Seyfried, Tracy Morgan, Brenda Vaccaro, P.J. Byrne, Leah Remini, Mickey Gooch Jr., Adam Levine, Russell Peters, Alan Thicke",United States,R,90,"Comedies, Dramas, Independent Movies","A newcomer ekes out a living in LA as a professional audience member on infomercials, but life gets complicated when he's thrust into the spotlight."
80233962,Toc Toc,Vicente Villanueva,"Paco León, Alexandra Jiménez, Rossy de Palma, Nuria Herrero, Adrián Lastra, Oscar Martínez, Inma Cuevas, Ana Rujas, Carolina Lapausa",Spain,TV-MA,96,"Comedies, International Movies","A group of patients with OCD wait for their flight-delayed doctor to arrive for their appointments, forcing them to endure each other's oddball quirks."
80220531,Withdrawn,Adrian Murray,"Aaron Keogh, Molly Reisman, Dean Tardioli, Greg Wasylyszn, Adrian Murray, Kelly Paoli, Earl Oliveros, Hallie Burt",Canada,TV-MA,74,"Dramas, Independent Movies","Unable to pay bills and unwilling to change his slacker lifestyle, twentysomething Aaron hatches a defrauding scheme when he finds a lost credit card."
80178720,Kiss & Cry,Sean Cisterna,"Sarah Fisher, Luke Bilyk, Chantal Kreviazuk, Sergio Di Zio, Denis Akiyama, Julia Tomasone, Brittany Bristow, Zoë Belkin, Lauren Esdale, Naomi Snieckus",Canada,TV-14,93,"Dramas, International Movies, Romantic Movies","Faced with a rare form of throat cancer, teen figure skater Carley Allison finds strength in singing for an online audience in this biopic."
80209796,Meditation Park,Mina Shum,"Cheng Pei-pei, Tzi Ma, Sandra Oh, Don McKellar, Zak Santiago, Liane Balaban, Alannah Ong, Lillian Lim, Jemmy Chen",Canada,TV-PG,94,Dramas,An elderly immigrant matriarch from Hong Kong finally begins to break out of her shell of isolation when she suspects her husband of infidelity.
80190180,Bullet Head,"Paul Solet, Rick Benattar","Adrien Brody, John Malkovich, Rory Culkin, Antonio Banderas, Ori Pfeffer, Alexandra Dinu, Owen Davis, Deyan Petrov","Bulgaria, United States",R,94,"International Movies, Thrillers","After a daring heist, three fugitives lock themselves in a warehouse hoping to evade the police, but find a worse threat as they fight to stay alive."
80150002,Amy Schumer: The Leather Special,Amy Schumer,Amy Schumer,United States,TV-MA,57,Stand-Up Comedy,"Comic sensation Amy Schumer riffs on sex, dating and the absurdities of fame in a bold and uncensored stand-up set at Denver's Bellco Theater."
80174137,Gook,Justin Chon,"Simone Baker, Justin Chon, David So, Curtiss Cook Jr., Sang Chon, Ben Munoz, Omono Okojie, Isaiah Jarel",United States,TV-MA,95,"Dramas, Independent Movies","Amidst the looting and chaos of the LA riots, two Korean-American brothers fight to save their struggling shoe store while contemplating their future."
80214580,F the Prom,Benny Fine,"Cameron Palatas, Richard Karn, Cheri Oteri, Danielle Campbell, Nicholle Tom, Joel Courtney, Luke Bilyk",United States,TV-MA,92,"Comedies, Romantic Movies","Maddy and Cole were inseparable before high school. Then she got popular; he didn't. But after Maddy is betrayed, she and Cole reunite – to ruin prom."
81004270,The Dawn Wall,"Peter Mortimer, Josh Lowell","Tommy Caldwell, Kevin Jorgeson","Austria, United States",TV-MA,100,"Documentaries, Sports Movies",Cameras follow Tommy Caldwell and Kevin Jorgeson as they take on the staggering challenge of free-climbing Yosemite’s most formidable rock formation.
80224924,Expedition China,Ben Wallis,Maggie Q,,G,78,Documentaries,"Cinematographers visit the remote forests and mountains of China in hopes of capturing footage of pandas, monkeys, red-crowned cranes and more."
80176592,Revolt,Joe Miale,"Lee Pace, Bérénice Marlohe, Jason Flemyng, Sibulele Gcilitshana, Wandile Molebatsi, Sekoati Sk Tsubane, Leroy Gopal, Welile Nzunza, Patrick Bakoba, Tom Fairfoot",United Kingdom,R,87,"Action & Adventure, Sci-Fi & Fantasy","Following a devastating alien invasion, an American soldier and a French foreign aid worker attempt to find refuge in the Kenyan countryside."
80142103,Bottom of the World,Richard Sears,"Jena Malone, Douglas Smith, Ted Levine, Tamara Duarte, Kelly Pendygraft, Mark Sivertsen, Jon McLaren","Canada, United States",TV-MA,84,"Dramas, Independent Movies, Thrillers","En route to a fresh start in Los Angeles, young couple Alex and Scarlett stop over in a sleepy Southwestern town that loosens their grip on reality."
80115857,The Discovery,Charlie McDowell,"Jason Segel, Rooney Mara, Robert Redford, Riley Keough, Jesse Plemons, Ron Canada",United States,TV-MA,102,"Dramas, Independent Movies, Romantic Movies","A scientist whose proof of an afterlife caused a rash of suicides forges ahead with his research, while his disapproving son falls for a troubled woman."
80201200,Legend of the Naga Pearls,Yang Lei,"Darren Wang, Zhang Tianai, Sheng Guansen, Simon Yam, Wang Xun, Zhao Jian, Xing Yu, Hu Bing, He Sui, Luxia Jiang",China,TV-MA,108,"Action & Adventure, International Movies, Sci-Fi & Fantasy","A petty thief teams up with two bickering accomplices to safeguard a powerful relic and save humankind from a tribe of vengeful, winged humanoids."
80134826,Jo Koy: Live from Seattle,Shannon Hartman,Jo Koy,United States,TV-MA,63,Stand-Up Comedy,"Between raising a teenage boy and growing up with a Filipino mother, stand-up comic Jo Koy has been through a lot. He's here to tell you all about it."
81047902,Danur: I Can See Ghosts,Awi Suryadi,"Prilly Latuconsina, Sandrinna Michelle, Shareefa Daanish, Indra Brotolaras, Kinaryosih, Inggrid Widjanarko, Asha Kenyeri Bermudez, Wesley Andrew, Kevin Bzezovski Taroreh, Gamaharitz",Indonesia,TV-14,75,"Horror Movies, International Movies","Adapted from a best-selling novel, this horror film shows Risa befriending ghosts until an evil spirit tries to take her sister to the other side."
80216988,Ég man þig,Óskar Thór Axelsson,"Jóhannes Haukur Jóhannesson, Ágústa Eva Erlendsdóttir, Elma Stefania Agustsdottir, Thor Kristjansson, Anna Gunndís Guðmundsdóttir, Sara Dögg Ásgeirsdóttir, Þröstur Leó Gunnarsson, Jóhann Sigurðarson, Sveinn Geirsson, Arnar Páll Harðarson",Iceland,TV-MA,106,"Horror Movies, International Movies","Young urbanites renovating a rundown house, and a psychiatrist grieving his son's disappearance, are connected to a supernatural, decades-old secret."
80206758,Red Trees,Marina Willer,Tim Piggott-Smith,United Kingdom,TV-PG,80,"Documentaries, International Movies","A documentarian details her Jewish family's escape from Nazi-occupied Prague to refuge in Brazil, where her father built a life as an architect."
80162210,Felipe Neto: My Life Makes No Sense,Diego Pignataro,Felipe Neto,Brazil,TV-MA,91,Stand-Up Comedy,"YouTube sensation Felipe Neto brings the stories from his autobiographical book ""Não Faz Sentido!"" to the stage in this comedy special."
80082242,The Most Hated Woman in America,Tommy O'Haver,"Melissa Leo, Josh Lucas, Vincent Kartheiser, Juno Temple, Adam Scott, Peter Fonda, Sally Kirkland, Rory Cochrane",United States,TV-MA,93,Dramas,"This drama follows the controversial life of outspoken atheist Madalyn Murray O'Hair, from her landmark court battles to her infamous abduction."
80999996,Oversize Cops,"Chanon Yingyong, Phuwanit Pholdee","Sarun Cinsuvapala, Pramote Pathan, Suphachai Subprasert, Somyos Matures, Supavitch Nepremwattana, Nachjaree Horvejkul, Jatupone Chompoonich, Chertsak Pratumseesakhon",Thailand,TV-MA,100,"Action & Adventure, Comedies, International Movies","While investigating a bank robbery, a squad of overweight police officers undergoes rigorous training to shed pounds."
80245408,Secret Superstar,Advait Chandan,"Zaira Wasim, Meher Vij, Raj Arjun, Aamir Khan, Tirth Sharma",India,TV-14,150,"Dramas, International Movies, Music & Musicals",A talented teenage singer-songwriter living amid domestic abuse becomes a YouTube sensation after a video in which she hides her identity goes viral.
80164752,Conor McGregor: Notorious,Gavin Fitzgerald,Conor McGregor,Ireland,R,90,"Documentaries, Sports Movies","From making ends meet to lavish rides and fur coats, the Irish MMA champion grants an all-access pass to the highs – and lows – of his ascent."
80218656,Ravenous,Robin Aubert,"Marc-André Grondin, Monia Chokri, Charlotte St-Martin, Brigitte Poupart, Marie-Ginette Guay, Micheline Lanctôt, Édouard Tremblay-Grenier, Luc Proulx, Didier Lucien, Robert Brouillette, Patrick Hivon",Canada,TV-MA,104,"Horror Movies, International Movies","As a zombie plague ravages their rural Quebec town, a scrappy band of survivors join forces to flee the infected hordes in this quiet thriller."
80189216,In Search of Fellini,Taron Lexton,"Ksenia Solo, Mary Lynn Rajskub, Maria Bello, Enrico Oetiker, Paolo Bernardini, Beth Riesgraf, David O'Donnell, Nancy Cartwright, Bruno Zanin, Michael Wiseman, Andrea Osvárt",United States,R,103,"Action & Adventure, Dramas",A naive and sheltered young woman embarks on a whimsical adventure across Italy in the hopes of meeting director Federico Fellini.
80108984,Deidra & Laney Rob a Train,Sydney Freeland,"Rachel Crow, Ashleigh Murray, Sasheer Zamata, Danielle Nicolet, David Sullivan, Tim Blake Nelson, Missi Pyle, Arturo Castro, Sharon Lawrence, Brooke Markham, Kinna McInroe, Myko Olivier, Lance Gray",United States,TV-14,92,"Comedies, Dramas, Independent Movies","With their mother in jail and bills piling up, ambitious small-town teens Deidra and Laney plot a series of train robberies to keep themselves afloat."
80171678,Burn Out,Yann Gozlan,"Olivier Rabourdin, François Civil, Manon Azem, Samuel Jouy, Narcisse Mame, Naël Rabia, Sam Louwyck, Luc Schwarz, Mario Magalhaes, Marc-Antoine Duquenne","France, Belgium",TV-MA,104,"Action & Adventure, International Movies","When his son's mom runs afoul of Paris's criminal underworld, a thrill-seeking superbike racer begins moonlighting as a drug courier to clear her debt."
81050198,The Student,Steven R. Monroe,"Alicia Leigh Willis, Blake Michael, Trevor St. John, Lindsay Hartley, Eric Nelsen, Wolfgang Bodison",United States,TV-14,90,Thrillers,"When a law professor fails an ambitious student for academic dishonesty, he goes to terrifying lengths to seek revenge for more than just his grade."
80239442,Bilu Rakkhosh,Indrasis Acharya,"Joy Sengupta, Koneenica Banerjee, Kanchana Moitra, Pradip Mukherjee",India,TV-14,127,"Dramas, International Movies","Torn between his demanding corporate career, his passion for music and his turbulent family life, a man struggles to keep his inner demons in check."
80237300,The Art of Loving,Maria Sadowska,"Magdalena Boczarska, Eryk Lubos, Justyna Wasilewska, Piotr Adamczyk, Arkadiusz Jakubik, Wojciech Mecwaldowski, Borys Szyc, Katarzyna Kwiatkowska, Artur Barciś",Poland,TV-MA,115,"Dramas, International Movies","During Communist rule, a Polish gynecologist and sexologist defies taboo and fights to publish her groundbreaking book on love and sex."
81060041,12 ROUND GUN,Sam Upton,"Sam Upton, Jared Abrahamson, Mark Boone Junior, Laila Ali, Kate Vernon, Cassi Thomson, Colby French, Miguel Perez, Jay Acovone",United States,TV-MA,90,"Dramas, Independent Movies, Sports Movies","Dealing with personal demons and the death of his son, a prizefighter attempts a return to the ring by challenging his rival to a 12-round rematch."
80206696,Finally Found Someone,Theodore Boborol,"John Lloyd Cruz, Sarah Geronimo, Enchong Dee, Christian Bables, Joey Marquez, Yayo Aguila, Tetchie Agbayani, Dennis Padilla, Leo Rialp, Alwyn Uytingco",Philippines,TV-14,125,"International Movies, Romantic Movies","After a woman is very publicly left at the altar, the PR expert hired to fix the situation winds up falling in love with her."
81010870,Seven Sundays,Cathy Garcia-Molina,"Ronaldo Valdez, Aga Muhlach, Dingdong Dantes, Enrique Gil, Cristine Reyes, Donita Rose, Ketchup Eusebio, Kean Cipriano",Philippines,TV-MA,128,"Comedies, Dramas, International Movies","A dying father asks his busy and grown children to spend their Sundays with him, forcing his family to confront their issues before it's too late."
80134967,Jim Norton: Mouthful of Shame,Shannon Hartman,Jim Norton,United States,TV-MA,62,Stand-Up Comedy,"In this unrestricted jaunt through a gleefully filthy mind, comic Jim Norton offers a personal perspective on romance, desire and sexual proclivities."
80216664,Kygo: Live at the Hollywood Bowl,Devin Chanda,Kygo,United States,TV-MA,52,Music & Musicals,Join Norwegian electronic music superstar Kygo onstage and behind the scenes as he performs at the famed L.A. venue with a bevy of special guests.
80017535,Troy: The Odyssey,Tekin Girgin,"Dylan Vox, Lara Heller, Hachem Hicham, David Gray, Kelly B. Jones, Daniel Whyte, Eoin O'Brien, Ego Mikitas",United States,TV-MA,90,Action & Adventure,"Starting with the Trojan Horse attack, this modest re-telling of Homer's epic covers well-known highlights of Odysseus's long journey home."
80219917,Bad Match,David Chirchirillo,"Jack Cutmore-Scott, Lili Simmons, Brandon Scott, Chase Williamson, Noureen DeWulf, Seth Morris, Christine Donlon, Trent Haaga, Kahyun Kim, Cynthia Rose Hall, Zedrick Restauro, Eric Podnar","Singapore, United States",TV-MA,83,Thrillers,A player who uses the internet to facilitate his womanizing ways is tormented when he spurns a persistent woman who won't take no for an answer.
80174144,Bitch,Marianna Palka,"Jason Ritter, Jaime King, Marianna Palka, Brighton Sharbino, Rio Mangini, Jason Maybaum, Kingston Foster, Arielle Kebbel, Martin Starr, Roger Guenveur Smith, Caroline Aaron, Bill Smitrovich",United States,R,97,"Comedies, Dramas, Independent Movies","Cracking under the demands of children and a philandering, thankless husband, an overworked suburban mother assumes the persona of a ferocious dog."
80220677,Nails,Dennis Bartok,"Leah McNamara, Shauna Macdonald, Steve Wall, Ross Noble, Charlotte Bradley, Richard Foster-King, Dennis Bartok, Robert O'Mahoney, Muireann D'Arcy",Ireland,TV-MA,85,Horror Movies,"Recently paralyzed in a devastating car accident, Dana begins to suspect a dark and sinister force may be lurking within her hospital room."
80229829,"Septiembre, un llanto en silencio",Kenneth Müller,"Saúl Lisazo, Mario Zaragoza, Juan Pablo Olyslager, Costanza Andrade",Guatemala,TV-MA,69,"Dramas, Independent Movies, International Movies","After a terrorist attack in Guatemala, a baby is rendered deaf and motherless and her father is left to raise her alone."
80097003,Burning Sands,Gerard McMurray,"Trevor Jackson, Alfre Woodard, Trevante Rhodes, Steve Harris, DeRon Horton, Rotimi, Serayah, Tosin Cole, Malik Bazille, Octavius J. Johnson, Davyon St. Usaire, Mitchell Edwards, Nafessa Williams, Christian Robinson, Imani Hakim, Raquel Bianca John",United States,TV-MA,102,"Dramas, Independent Movies",Promising student Zurich opens his eyes to some hard truths when his fraternity's violent hazing escalates into a disastrous hell night.
81069249,Room for Rent,Matthew Atkinson,"Brett Gelman, Mark Little, Carla Gallo, Stephnie Weir, Patrick J. Adams, Mark McKinney",Canada,TV-MA,89,"Comedies, Independent Movies","To save his parents’ home, a lottery-squandering 32-year-old man sublets a room to a disarmingly creepy tenant."
80175151,Balu Mahi,Haissam Hussain,"Osman Khalid Butt, Ainy Jaffri, Sadaf Kanwal, Khurram Patras, Ali Sheikh, Zeeshan Ali, Durdana Butt, Shafqat Cheema, Adeel Hashmi, Javed Sheikh",Pakistan,TV-14,149,"International Movies, Romantic Movies","Determined to stop his ex-girlfriend from marrying, a young man crashes the wrong wedding and meets a bride looking to run away."
80214584,Deathgrip,Clay Porter,"Brendan Fairclough, Olly Wilkins, Kyle Jameson, Andrew Neethling, Nico Vink, Ryan Howard, Sam Hill, Josh Bryceland, Brandon Semenuk",United Kingdom,TV-MA,53,"International Movies, Sports Movies",Mountain bikers – including legend Brendan Fairclough – put their skills to the test and engage in daring feats set against vivid backdrops.
80224605,Hans Zimmer: Live in Prague,Tim Van Someren,Hans Zimmer,United Kingdom,TV-G,138,"International Movies, Music & Musicals","In this concert film, Oscar-winning composer Hans Zimmer performs his most iconic movie scores to a sell-out crowd at the O2 Arena in Prague."
80188099,Inconceivable,Jonathan Baker,"Gina Gershon, Faye Dunaway, Nicolas Cage, Nicky Whelan, Natalie Eva Marie, Jonathan Baker, James Van Patten","United Kingdom, United States",R,106,Thrillers,A couple trying to conceive invite a woman with a mysterious past to move in with them. But it's an invitation they might come to regret.
80236906,Judwaa 2,David Dhawan,"Varun Dhawan, Jacqueline Fernandez, Tapsee Pannu, Rajpal Yadav, Sachin Khedekar, Anupam Kher, Zakir Hussain, Pavan Malhotra",India,TV-14,145,"Action & Adventure, Comedies, International Movies","Separated at birth, twins Raja and Prem couldn't be more different. But when fate puts them both in London, they start being mistaken for each other."
80235958,Kalki,Dhilip Kumar,"Kishore Kumar G., Yasmin Ponnappa, Mithraboomi Saravanan",India,TV-14,41,"Dramas, Independent Movies, International Movies",A scientist trying to solve one of the universe's greatest puzzles begins a romance with a much younger colleague that's haunted by a dark secret.
80238291,Samarppanam,K. Gopinathan,"Virginia Rodriguez, Anil Nedumangad, Santhosh Keezhattoor, Indrans, P. Balachandran, Renji Panicker, Gopalan",India,TV-14,116,"Dramas, International Movies","When a young girl is killed in a suspicious train accident, three very different lives become intertwined in their quest for answers."
80238637,Shubh Aarambh,Amit Barot,"Harsh Chhaya, Prachi Shah, Bharat Chawda, Deeksha Joshi, Aarjav Trivedi, Prashant Barot, Harsha Bhavsar",India,TV-PG,127,"Dramas, International Movies, Romantic Movies","As her own wedding looms on the horizon, a marriage counselor strives to save her future in-laws' crumbling relationship."
80188777,Shuddhi,Adarsh Eshwarappa,"Lauren Spartano, Niveditha, Amrutha Karagada, Shashank Purushotham, Sidhartha Maadhyamika, Ajay Raj, Sanchari Vijay, Veena Sundar","India, United States",TV-14,115,"Dramas, International Movies, Thrillers",An American woman on a revenge mission travels to India and befriends two journalists seeking justice for violent crimes against women.
80238293,Solo,Bejoy Nambiar,"Dulquer Salmaan, Nassar, Sruthi Hariharan, Dhansika, Anson Paul, Neha Sharma",India,TV-14,150,"Dramas, International Movies","Four disparate lives – a gangster, a student, a veterinarian and a soldier – are evocatively connected to elements of earth, fire, wind and water."
80132381,Something Huge,Carlo Padial,"Berto Romero, Carolina Bang, Javier Botet, Carlos Areces, Miguel Noguera, Toni Sevilla",Spain,TV-MA,87,"Comedies, Independent Movies, International Movies","A director and a comedian want to shoot the ""comedy of the future"" and make cinema history, but soon run out of resources and run into mission creep."
80202728,The Pirates of Somalia,Bryan Buckley,"Evan Peters, Barkhad Abdi, Melanie Griffith, Al Pacino, Philip Ettinger, Sabrina Hassan Abdulle, Kiana Madani, Abdi Sidow Farah, Mohamed Barre, Armaan Haggio","Somalia, Kenya, Sudan, South Africa, United States",R,118,Dramas,An aspiring journalist travels to Somalia in hopes of making a name for himself by covering dangerous pirates and hijackers.
80244078,The Silence,Gajendra Ahire,"Raghuvir Yadav, Nagraj Manjule, Anjali Patil, Kadambari Kadam, Mugdha Chaphekar, Vedashree Mahajan, Mihiresh Joshi",India,TV-MA,90,"Dramas, International Movies","On a train in Mumbai, 20-something Chini witnesses a horrific attack that triggers memories of a dark chapter from her youth. Based on a true story."
80201833,True to the Game,Preston A. Whitmore II,"Columbus Short, Erica Peeples, Vivica A. Fox, Andra Fuller, Jamaar Simon, Starletta DuPois, Nelsan Ellis, Draya Michele, Nafessa Williams, Jennifer Freeman, Lisa Renee Pitts",United States,R,108,Dramas,"When a drug kingpin looking to go legit falls for a Philadelphia college student, it doesn't take long for his dangerous world to bleed into her life."
80103734,Shimmer Lake,Oren Uziel,"Benjamin Walker, Rainn Wilson, Rob Corddry, Adam Pally, Ron Livingston, John Michael Higgins, Wyatt Russell, Stephanie Sigman, Mark Rendall, Isabel Dove, Angela Vint","Canada, United States",TV-MA,87,"Dramas, Independent Movies, Thrillers","Unfolding in reverse time, this darkly comic crime thriller follows a local sheriff hunting three bank robbery suspects, one of whom is his brother."
81035881,Farce,Shadi Ali,"Ahmed Fathy, Bayoumi Fouad, Sami Maghouri, Mohammed Tharwat, Mohamed Salam, Haya Ibrahim, Mohsen Mansour",Egypt,TV-MA,94,"Comedies, International Movies","A beauty expert, a drug dealer and a bungling revolutionary end up in the grips of an extremist group after meeting on a plane to Lebanon."
81035837,From Japan to Egypt,Mahmoud Karim,"Ahmed Eid, Saki Tsukamoto, Nada Moussa, Mohammed Tharwat",Egypt,TV-14,93,"Children & Family Movies, Comedies, Dramas","After his wife relocates to her home country of Japan, an Egyptian man – and father of two rambunctious kids – tries to win her back."
81035884,"It's Okay, Buddy",Hani Hamdi,"Mahmood El-Laithi, Saad El Soghayar, Nermin Maher, Safinaz",Egypt,TV-14,84,"Comedies, International Movies, Music & Musicals",Two down-on-their-luck singers set out to marry wealthy women – but not everyone is happy to have them climb the social ladder.
80186608,Thor: Ragnarok,Taika Waititi,"Chris Hemsworth, Tom Hiddleston, Cate Blanchett, Idris Elba, Jeff Goldblum, Tessa Thompson, Karl Urban, Mark Ruffalo, Anthony Hopkins, Benedict Cumberbatch, Taika Waititi, Rachel House, Clancy Brown, Tadanobu Asano, Ray Stevenson, Zachary Levi, Luke Hemsworth, Sam Neill",United States,PG-13,131,"Action & Adventure, Comedies, Sci-Fi & Fantasy","To save Asgard from a bloodthirsty goddess of death, the mighty Thor will have to battle his way to freedom and find a way back home."
80169554,The Wishing Tree,Manika Sharma,"Shabana Azmi, Makrand Deshpande, Harshpreet Kaur, Aabhas Yadav, Shivani Joshi, Saurabh Shukla",India,TV-14,117,"Children & Family Movies, Dramas, Music & Musicals",Five children living on the edge of a forest band together to save a magical wishing tree from destruction and find their own paths to happiness.
80121841,The Lamb,Timothy Reckart,"Steven Yeun, Keegan-Michael Key, Aidy Bryant, Gina Rodriguez, Zachary Levi, Christopher Plummer, Ving Rhames, Gabriel Iglesias, Kelly Clarkson, Anthony Anderson, Patricia Heaton, Kris Kristofferson, Kristin Chenoweth, Mariah Carey, Oprah Winfrey, Tyler Perry, Tracy Morgan",United States,PG,86,"Children & Family Movies, Faith & Spirituality",A big-dreaming donkey escapes his menial existence and befriends some free-spirited animal pals in this imaginative retelling of the Nativity Story.
80220676,Mohawk,Ted Geoghegan,"Kaniehtiio Horn, Eamon Farren, Justin Rain, Ezra Buzzington, Noah Segan, Ian Colletti, Robert Longstreet, Jon Huber, Jack Gwaltney, Sheri Foster, David La Haye",United States,TV-MA,92,"Action & Adventure, Horror Movies, Independent Movies","During the War of 1812, two Native Americans and their British ally are pursued into enemy territory by American soldiers thirsting for revenge."
80109341,The Maus,Yayo Herrero,"Alma Terzic, August Wittgenstein, Aleksandar Seksan, Sanin Milavic, Diana Fernández Pérez, Ella Jazz",Spain,TV-MA,90,"Horror Movies, Independent Movies, International Movies","While traveling with her German boyfriend, Selma is confronted by the violent remnants of the Bosnian War and the ethnic cleansing her family faced."
81091378,La Leyenda del Diamante,Roberto Girault Facha,"Ana Layevska, Alex Sirvent, Paulina Goto, Fernando Estrada, Alejandro Oliva, David Villegas, Xavier Cervantes, Cuauhtémoc Duque, Karyme Lozano, Rodrigo Treviño",Mexico,TV-MA,87,"Action & Adventure, International Movies, Sci-Fi & Fantasy","When a gun-toting rebel tries to rescue her kidnapped sister, she finds herself up against a widely feared desperado and a cursed guardian of treasure."
80091936,Okja,Bong Joon Ho,"Tilda Swinton, Jake Gyllenhaal, An Seo Hyun, Paul Dano, Steven Yeun, Byun Heebong, Lily Collins, Yoon Je Moon, Shirley Henderson, Daniel Henshall, Devon Bostick, Woo Shik Choi, Giancarlo Esposito","South Korea, United States",TV-MA,121,"Action & Adventure, Comedies, Dramas","A gentle giant and the girl who raised her are caught in the crossfire between animal activism, corporate greed and scientific ethics."
80133553,Chris D'Elia: Man on Fire,Bill D'Elia,Chris D'Elia,United States,TV-MA,66,Stand-Up Comedy,"Unbridled comic Chris D'Elia reconsiders his approach to major life events like marriage, not having kids and buying pants for your friends."
80192018,Star Wars: Episode VIII: The Last Jedi,Rian Johnson,"Mark Hamill, Carrie Fisher, Adam Driver, Daisy Ridley, John Boyega, Oscar Isaac, Andy Serkis, Lupita Nyong'o, Domhnall Gleeson, Anthony Daniels, Gwendoline Christie, Kelly Marie Tran, Laura Dern, Frank Oz, Benicio Del Toro, Warwick Davis, Noah Segan, Jimmy Vee, Joonas Suotamo, Joseph Gordon-Levitt, Tim Rose, Paul Kasey, Matthew Sharp, Adrian Edmondson, Amanda Lawrence, Justin Theroux",United States,PG-13,152,"Action & Adventure, Children & Family Movies, Sci-Fi & Fantasy","As the remnants of the Resistance flee Kylo Ren and the First Order, Rey seeks out Luke Skywalker – but he wants nothing more to do with the Force."
80171598,Kaabil,Sanjay Gupta,"Hrithik Roshan, Yami Gautam, Ronit Roy, Rohit Roy, Narendra Jha, Girish Kulkarni, Sahidur Rahaman, Suresh Menon",India,TV-PG,139,"Dramas, International Movies","The happy life of a young blind couple is shattered when the wife is raped and corrupt police won't help, sending the husband on a quest for revenge."
80191357,Bruno and Boots: This Can't Be Happening at Macdonald Hall,Vivieno Caldinelli,"Jonny Gray, Callan Potter, Peter Keleghan, Caroline Rhea",Canada,TV-PG,90,"Children & Family Movies, Comedies","The biggest troublemakers at Macdonald Hall are Bruno and Boots, who are caught and face an unthinkable punishment: separation into different dorms."
80155477,You Get Me,Brent Bonacorso,"Bella Thorne, Halston Sage, Taylor John Smith, Nash Grier, Anna Akana, Kathryn Morris, Brigid Brannagh, Kimberly Williams-Paisley, Tyler Hanson",United States,TV-MA,89,"Dramas, Thrillers","After a one-night stand, Holly develops a dangerous obsession with Tyler and transfers to his high school, desperate to keep their ""romance"" alive."
80167644,Bokeh,"Geoffrey Orthwein, Andrew Sullivan","Maika Monroe, Matt O'Leary, Arnar Jónsson, Gunnar Helgason, Berglind Rós Sigurðardóttir","United States, Iceland",TV-14,92,"Dramas, Independent Movies, Sci-Fi & Fantasy","After learning they are the sole survivors of an eerie apocalypse, a young American couple on vacation in Iceland ponder their love and the future."
80027041,XX,"Jovanka Vuckovic, Annie Clark, Roxanne Benjamin, Karyn Kusama","Natalie Brown, Jonathan Watton, Melanie Lynskey, Lindsay Burdge, Sheila Vand, Casey Adams, Breeda Wool, Angela Trimbur, Morgan Krantz, Christina Kirk, Kyle Allen, Mike Doyle","Canada, United States",R,81,Horror Movies,This four-part anthology of short horror films features stories that include some traditional themes but all are shown from a female point of view.
80151644,Puss in Book: Trapped in an Epic Tale,"Roy Burdine, Johnny Castuciano","Eric Bauza, Jayma Mays, Maria Bamford, Jeff Bennett, Grey Griffin, Carla Jimenez, Paul Rugg, Joshua Rush",United States,TV-Y7,24,"Children & Family Movies, Comedies","After tumbling into a magic storybook, Puss in Boots must fight, dance and romance his way through wild adventures as he searches for an escape."
80185223,Rory Scovel Tries Stand-Up for the First Time,Scott Moran,Rory Scovel,United States,TV-MA,66,Stand-Up Comedy,"Comedian Rory Scovel storms the stage in Atlanta, where he shares unfocused thoughts about things that mystify him, relationships and the ""Thong Song."""
80158750,Lucid Dream,Jun-seong Kim,"Ko Soo, Kyung-gu Seol, Yu-chun Park, Hye-jung Kang, In-hwan Park, Ho-jin Chun",South Korea,TV-MA,102,"International Movies, Sci-Fi & Fantasy, Thrillers","After searching for his abducted son for three years, a devastated father attempts to track down his missing child through lucid dreams."
81136963,The Wrong Babysitter,George Mendeluk,"Daphne Zuniga, Seann Gallagher, Lisa Marie Caruk, Matt Bellefleur, Ava Hughes, Britt Irvin, Lochlyn Munro",Canada,TV-14,89,Thrillers,"A widow searches for her missing teenage daughter, not knowing that her seemingly helpful neighbor is hiding a terrible secret."
81035887,Monopoly (The Bank Of Luck),Ahmed El Gendy,"Mohamed Mamdouh, Mohammed Tharwat, Akram Hosny",Egypt,TV-MA,117,"Comedies, International Movies","Seeking revenge on his employer, a lazy bank agent and his two dim-witted friends concoct an elaborate but flawed heist."
80131280,Sunday's Illness,Ramón Salazar,"Bárbara Lennie, Susi Sánchez, Miguel Ángel Solá, Richard Bohringer",Spain,TV-14,113,"Dramas, Independent Movies, International Movies","Decades after being abandoned as a young child, Chiara finds her mother and asks her to spend 10 days together in a remote location."
80991026,The last hour,Eduardo Mendoza de Echave,"Pietro Sibille, Nidia Bermejo, Toño Vega, Tommy Párraga, Fausto Molina, Katerina D'Onofrio, Haysen Percovich, Emilram Cossío, Sandro Calderón, Tony Dulzaidez","Chile, Peru",TV-MA,119,"Dramas, International Movies","In this compelling true story, two Peruvian detectives go undercover to locate and capture the elusive leader of the Shining Path guerrilla army."
80187684,Kanavu Variyam,Arun Chidambaram,"Jiya Anil Manne, Arun Chidambaram, T.P. Gajendran, Gnanasambandam, M. Ilavarasu, Yog Japee, Mayilsamy, Black Pandi",India,TV-PG,104,"Comedies, Dramas, International Movies","Despite doubts from fellow villagers who think he’s crazy, an ambitious dropout commits himself to solving a persistent local electricity crisis."
80160726,Marco Luque: Tamo Junto,Caio Cobra,Marco Luque,Brazil,TV-MA,73,Stand-Up Comedy,"Eclectic character comedian Marco Luque plays himself in this stand-up special about relationships, regional differences and his own love of movies."
80158770,The Russian Revolution,Cal Seville,Jonathan Kydd,United Kingdom,TV-14,47,Documentaries,"Starting in 1881, this film describes how the personal battle between the royal Romanovs and Lenin's Ulyanov family led to the Russian Revolution."
81035883,The Cell,Tarek Al Eryan,"Ahmed Ezz, Mohamed Mamdouh, Samer al Masri, Amina Khalil, Ahmed Safwat, Ahmed Salah Hosny, Aïcha Ben Ahmed, Rania Elkhatib, Riham Abdel Ghafour",Egypt,TV-MA,126,"Action & Adventure, Dramas, International Movies",A special operations officer vows to get revenge against the terrorist who killed his friend in a brutal attack.
80176756,Dragonheart: Battle for the Heartfire,Patrik Syversen,"Tom Rhys Harries, Jessamine-Bliss Bell, Patrick Stewart, André Eriksen, Richard Cordery, Martin Hutson, Turlough Convery, Delroy Brown, Tamzin Merchant",United States,PG-13,98,"Action & Adventure, Sci-Fi & Fantasy","When the king of Brittania dies, the dragon who shares his heart must find a new ruler, but the monarch's grandchildren go to war over the throne."
80168221,"Oh, Hello On Broadway",Michael John Warren,"Nick Kroll, John Mulaney",United States,TV-MA,102,Stand-Up Comedy,"Two delusional geriatrics reveal curious pasts, share a love of tuna and welcome a surprise guest in this filming of the popular Broadway comedy show."
80222188,My Daddy is in Heaven,Waymon Boone,"Jenn Gotzon Chandler, Corbin Bernsen, Lorenzo Lamas, T.C. Stallings, Jill Morrison, Lane Garrison, Jake Jacobson, Lee Benton, Riley St. John, Cricket St. John",United States,TV-14,95,"Dramas, Faith & Spirituality","After the sudden loss of her husband, a mother has a crisis of faith and struggles to keep her life together for the sake of her daughter and herself."
81062606,III Smoking Barrels,Sanjib Dey,"Subrat Dutta, Indraneil Sengupta, Mandakini Goswami, Amrita Chattopadhyay, Nalneesh Neel, Niloy Sankar Gupta, Shiny Gogoi, Siddharth Boro",India,TV-MA,128,"Dramas, Independent Movies, International Movies","In three stories set in Northeast India, a child goes on the run, a young adult falls in with the wrong crowd and a desperate man turns to crime."
80994443,B.A. Pass 2,Shadab Khan,"Kritika Sachdeva, Sasho, Sanghmitra Hitaishi, Indraneil Sengupta, Saurabh Dubey, Shubhangi Latkar, Sukhbir Kaur Lamba, Arav Chowdharry",India,TV-14,126,"Dramas, International Movies","A young woman eager to avoid an arranged marriage moves to Mumbai, where she learns hard truths about show business, life and love."
80245442,Bad Genius,Nattawut Poonpiriya,"Chutimon Chuengcharoensukying, Chanon Santinatornkul, Teeradon Supapunpinyo, Eisaya Hosuwan, Thaneth Warakulnukroh, Sarinrat Thomas, Ego Mikitas, Pasin Kuansataporn, Sahajak Boonthanakit, Kanjana Vinaipanid",Thailand,TV-MA,130,"International Movies, Thrillers",A top student gets pulled into a cheating racket with increasingly higher risks and even higher rewards. But she may lose much more than she gains.
80190515,Bobbi Jene,Elvira Lind,Bobbi Jene Smith,"Denmark, Sweden, Israel, United States",TV-MA,99,Documentaries,This candid profile follows dancer Bobbi Jene Smith as she leaves the company of Israeli choreographer Ohad Naharin to forge her own artistic path.
80196584,Singularity,Robert Kouba,"Julian Schaffner, John Cusack, Jeannine Wacker, Carmen Argenziano, Eileen Grubba, Pavlo Bubryak","Switzerland, United States",PG-13,92,"Action & Adventure, Dramas, Sci-Fi & Fantasy","Nearly a century after artificial intelligence tried to eradicate people from Earth, two survivors search for a human enclave rumored to still exist."
80158580,Amelia: A Tale of Two Sisters,Edward Cotterill,Rachael Stirling,United Kingdom,TV-PG,44,Documentaries,"Eight decades after her disappearance, Amelia Earhart's incredible accomplishments are still celebrated, thanks in large part to her sister Muriel."
80108609,Betting on Zero,Ted Braun,William Ackman,United States,TV-PG,104,Documentaries,"This documentary dives into the complex world of Herbalife, the international nutritional products company accused of being a pyramid scheme."
80139214,Chingo Bling: They Can't Deport Us All,Luis Lopez,Chingo Bling,,TV-MA,63,Stand-Up Comedy,"On point and larger than life, rapper and stand-up comic Chingo Bling gathers his funniest friends for a rambunctious take on Tex-Mex culture."
80158769,How to Stage a Coup,Cal Seville,Cal Seville,United Kingdom,TV-14,47,Documentaries,"Explore how Caesar, Napoleon, Mussolini, Hitler and modern-day dictators consolidated their considerable power through bold and brazen coups."
80158579,Jackie: A Tale of Two Sisters,Edward Cotterill,Rachael Stirling,United Kingdom,TV-PG,44,Documentaries,"Rachael Stirling narrates this multifaceted portrait of former First Lady Jacqueline Kennedy Onassis and her younger sister, Lee Radziwill."
80148967,Love.com,Anita Barbosa,"Isis Valverde, Gil Coelho, Joaquim Lopes, Carol Portes, Alexandra Richter, Marcos Mion, João Côrtes, César Cardadeiro",Brazil,TV-MA,92,"Comedies, International Movies, Romantic Movies","When a fashion blogger falls for a video game vlogger, their romance goes viral. But separating their virtual life from reality gets complicated."
80158581,The Mitfords: A Tale of Two Sisters,Edward Cotterill,Rachael Stirling,United Kingdom,TV-PG,44,Documentaries,Jessica and Diana were sisters who were separated by just a few years in age. But their political ideologies couldn't have been any farther apart.
80119249,1 Mile to You,Leif Tilden,"Billy Crudup, Graham Rogers, Liana Liberato, Stefanie Scott, Tim Roth, Melanie Lynskey, Thomas Cocquerel, Peter Coyote",United States,TV-14,105,"Dramas, Romantic Movies, Sports Movies","After escaping the bus accident that killed his girlfriend, a high school student channels his grief into running, with the help of a new coach."
80117747,Take Me,Pat Healy,"Taylor Schilling, Pat Healy, Alycia Delmore, Jim O'Heir, Brooke Dillman, Mark Kelly, Toby Huss, Alejandro Patiño",United States,TV-MA,84,"Comedies, Independent Movies","With his simulated kidnapping business flagging, an entrepreneur jumps at a weekend abduction opportunity – only to find the job isn't what it seems."
81039323,Sicilian Ghost Story,"Fabio Grassadonia, Antonio Piazza","Julia Jedlikowska, Gaetano Fernandez, Corinne Musallari, Lorenzo Curcio, Andrea Falzone, Federico Finocchiaro, Vincenzo Amato, Sabine Timoteo","Italy, France, Switzerland",TV-MA,119,"Dramas, International Movies, Thrillers","When officials are slow to investigate a mysterious disappearance, a teen girl searches the dark woods on the outskirts of town for the boy she loves."
80170277,Speech & Debate,Dan Harris,"Liam James, Sarah Steele, Austin McKenzie, Roger Bart, Janeane Garofalo, Wendi McLendon-Covey, Kal Penn, Kimberly Williams-Paisley, Skylar Astin, Edgar Arreola, Sarah Baker",United States,PG-13,96,"Comedies, Dramas, Independent Movies","Fed up with the hypocrisy of the adults around them, three creative high school misfits revive an old debate club as a way to fight back."
80162192,Loco Love,"Fernando Sariñana, José Luis Gutiérrez","Evan Deverian, Melany Bennet, Jordan T. Wilson, Adan Martín Rocha",Mexico,TV-MA,103,"Dramas, Independent Movies, International Movies",A young man and woman fall in love but are threatened to be torn apart by the tensions between their Latino and Caucasian communities in Arizona.
80992365,The Mansion,Tony Datis,"Nathalie Odzierejko, Marc Jarousseau, Ludovik Day, Yvick Letexier, Jérôme Niel, Vincent Tirel, Vanessa Guide, Delphine Baril, Baptiste Lorber, Lila Lacombe","France, Belgium",TV-MA,100,"Comedies, Horror Movies, International Movies","A group of students celebrates New Year's at a remote Belgian estate, where their substance-fueled revelry soon descends into a bloodstained nightmare."
80195835,Diana: 7 Days That Shook the World,Ben Ryder,James D'Arcy,United Kingdom,TV-PG,93,Documentaries,"This illuminating documentary examines the aftermath of Princess Diana’s tragic death and the tense, dramatic week leading up to her funeral."
80171022,The Incredible Jessica James,Jim Strouse,"Jessica Williams, Chris O'Dowd, Lakeith Stanfield, Noël Wells, Taliyah Whitaker, Zabryna Guevara, Sarah Jones, Will Stephen, Susan Heyward, Megan Ketch",United States,TV-MA,84,"Comedies, Independent Movies, Romantic Movies","Burned by a bad breakup, a struggling New York City playwright makes an unlikely connection with a divorced app designer she meets on a blind date."
80185321,Joe Mande’s Award-Winning Comedy Special,Daniel Gray Longino,Joe Mande,United States,TV-MA,67,Stand-Up Comedy,"Stand-up comic Joe Mande aims for critical adulation with this special that covers dating shows, ""Shark Tank,"" Jewish summer camp and much more."
81035840,May You Prosper,"Hassan Hegazy, Shady Ali","Ahmed Rizk, Bosy, Bayoumi Fouad, Mahmoud Ellithy, Hayatem, Hesham Ismail, Tamer Shaltout, Alaa Morsy",Egypt,TV-14,93,"Comedies, International Movies, Music & Musicals","A man's inability to conquer his personal insecurities and distrust of other people leads to problems with his on-again, off-again wife and their son."
80244472,Dance Academy: The Comeback,Jeffrey Walker,"Xenia Goodwin, Alicia Banit, Dena Kaplan, Jordan Rodrigues, Keiynan Lonsdale, Thomas Lacey, Tara Morice, Miranda Otto","Germany, Australia",TV-PG,100,"Dramas, International Movies","In this adaptation of the TV series, Tara recovers from injury and pursues a career in the U.S., where she grapples with love and professional rejection."
80183329,Aditi Mittal: Things They Wouldn't Let Me Say,Fazila Allana,Aditi Mittal,India,TV-MA,63,Stand-Up Comedy,"Trailblazing comic Aditi Mittal mixes topical stand-up with frank talk about being single, wearing thongs and the awkwardness of Indian movie ratings."
80167460,Uncertain Glory,Agustí Villaronga,"Marcel Borràs, Bruna Cusí, Nuria Prims, Oriol Pla, Luisa Gavasa, Terele Pávez, Fernando Esteso, Juan Diego, Roger Casamajor, Jorge Usón",Spain,TV-MA,116,"Dramas, International Movies","When Lluís, a disinterested Spanish soldier, meets Carlana, he falls quickly in love, but soon discovers that Carlana's true passion is power."
80993650,Temporada de Caza,Natalia Garagiola,"Germán Palacios, Lautaro Bettoni, Boy Olmi, Rita Pauls, Pilar Benitez Vibart, Diana Szeinblum","Argentina, France, Germany",TV-MA,108,"Dramas, International Movies",Animosity gives way to love and forgiveness when an angry teenager reunites with his estranged biological father in the wilds of Patagonia.
80113589,Amar,Esteban Crespo,"María Pedraza, Pol Monen, Natalia Tena, Nacho Fresneda, Greta Fernández, Gustavo Salmerón, Celso Bugallo, Sonia Almarcha, Marta Belenguer",Spain,TV-MA,104,"Dramas, International Movies, Romantic Movies","Young Laura and Carlos experience the intensity and fragility of first love, as life realities gradually tarnish their idealized notions of romance."
80149064,Buddy Thunderstruck: The Maybe Pile,Harry Chaskin,"Brian Atkinson, Ted Raimi, Harry Chaskin, Debi Derryberry, Philip Maurice Hayes, Leigh Kelly, J.D. Ryznar, Nick Shakoour, Ryan Wiesbrock, Clark Wiesbrock",United States,TV-PG,14,Movies,"Champion truck-racing dog Buddy and his best friend, ferret mechanic Darnell, paw through the ""maybe pile"" and test out a bunch of crazy stunts."
80171659,To the Bone,Marti Noxon,"Lily Collins, Keanu Reeves, Carrie Preston, Lili Taylor, Alex Sharp, Liana Liberato, Brooke Smith, Leslie Bibb, Kathryn Prescott",United States,TV-MA,108,"Dramas, Independent Movies","Ellen, a 20-year-old with anorexia nervosa, goes on a harrowing, sometimes funny journey of self-discovery at a group home run by an unusual doctor."
80180224,Us and Them,Joseph Martin,"Jack Roth, Tim Bentinck, Daniel Kendrick, Sophie Colquhoun, Paul Westwood, Carolyn Backhouse, Louis Dempsey, Andrew Tiernan",United Kingdom,TV-MA,83,"Dramas, International Movies, Thrillers","Tired of his lot in life, an angry young man persuades two of his pub buddies to record a home invasion as a protest against the ""one percent""."
81121173,NOVA: Building Chernobyl's MegaTomb,Martin Gorst,Eric Meyers,United States,TV-PG,53,Documentaries,"Thirty years after Chernobyl’s nuclear disaster, engineers race against time to complete a new dome to contain the reactor’s lethal radiation."
81121174,NOVA: Chinese Chariot Revealed,Giulia Clark,Eric Meyers,United States,TV-PG,54,Documentaries,"The chariot dominated Chinese warfare for millennia. Now, a team of experts is building their own and unlocking its many secrets."
81121175,NOVA: Day the Dinosaurs Died,Sarah Holt,Craig Sechler,United States,TV-PG,53,Documentaries,"Drilling into the impact crater of the asteroid that wiped out the dinosaurs, a group of scientists unearths new evidence about the catastrophic event."
81121176,NOVA: Death Dive to Saturn,Terri Randall,Craig Sechler,United States,TV-G,54,Documentaries,"After decades of amazing discoveries, spacecraft Cassini embarks on its final – and most daring – mission: a dive below Saturn’s rings."
81121179,NOVA: Extreme Animal Weapons,Peter Fison,Doug Averill,United States,TV-PG,53,Documentaries,"From huge tusks to giant horns, some animals sport weaponry that’s larger than life. Researchers explain the science behind this biological arms race."
81121183,NOVA: Killer Hurricanes,Oliver Twinch,Craig Sechler,United States,TV-PG,52,Documentaries,"Scientists research the world’s deadliest hurricane, trying to understand what this 18th-century storm could tell us about our own future."
81121184,NOVA: Killer Volcanoes,Oliver Twinch,Craig Sechler,United States,TV-PG,54,Documentaries,Evidence of a mysterious medieval famine leads researchers on a quest for one of the deadliest volcanoes in human history.
81121185,NOVA: Poisoned Water,Llewellyn M. Smith,Joe Morton,United States,TV-PG,54,Documentaries,"This documentary details how the water disaster in Flint, Michigan happened, its lasting effects, and the lengthy efforts it took to correct it."
81121187,NOVA: Secrets of the Shining Knight,Peter Yost,Jay O. Sanders,United States,TV-PG,53,Documentaries,A master armorer and his team recreate parts of a knight's medieval armor and test its strength while rediscovering centuries-old metalworking secrets.
80182447,Angamaly Diaries,Lijo Jose Pellissery,"Antony Varghese, Sarath Kumar, Tito Wilson, Reshma Rajan, Vineeth Vishwam, Kichu Tellus, Bitto Davis, Ullas Jose Chemban, Merin Jose Pottackal, Binny Rinky Benjamin, Amrutha Anna Reji",India,TV-14,128,"Action & Adventure, Comedies, Dramas","After growing up amidst the gang wars of his hometown, Vincent forms an entrepreneurial squad of his own and ends up on the wrong side of the law."
80994575,Cappuccino,Noushad,"Dharmajan Bolgatty, Aneesh Menon, Sunil Sukhada, Anita Lukmance, Kottayam Pradeep, Natasha Doshi, Hareesh Perumanna, Sharanya, Vineeth Mohan, Sudhi Koppa",India,TV-14,126,"Comedies, Dramas, International Movies","Richi is a director of commercials whose computer memory drive is accidentally switched with that of Sneha, a woman he soon falls in love with."
80994424,Chicken Kokkachi,Anuranjan Premji,"Anuranjan Premji, Indrans, Dharmajan Bolgatty, Sudhi Koppa, Bijukuttan, Neha Rathanakaran, Prasanth",India,TV-14,113,"Comedies, International Movies","In the wake of his sister's marriage, a young middle-class man leaves his village and learns that supporting one's self is easier said than done."
80994423,Daffedar,Johnson Esthappan,"Tini Tom, Malavikka, Sudheer Karamana, Indrans",India,TV-PG,151,"Dramas, International Movies","A retired government worker continues to dedicate himself to public service, but his principled ways soon clash with those of his extravagant sons."
80217136,Dream Big: Engineering Our World,Greg MacGillivray,Jeff Bridges,United States,TV-G,42,Documentaries,"Narrated by Jeff Bridges, this compelling documentary examines some incredible achievements of engineering from across the globe."
80994573,Kaviyude Osyath,Vineeth Anil,"Prakash Bare, Arun Kumar, Kulappulli Leela, Sangeetha Mohan, Kochu Preman",India,TV-PG,116,"Dramas, International Movies","When a late poet leaves behind his property to a young man, the man's brother suspects the poet may have been more than just a family friend."
80994425,Ma Chu Ka,Jayan Vannery,"Pasupathy, Janani Iyer, Pratap Pothen",India,TV-14,117,"International Movies, Thrillers",The relationship between a journalist and a lawyer she meets while investigating a story grows complicated as she uncovers layers of deception.
80994419,Paathi,Chandran Narikode,"Indrans, Joy Mathew, Kalabhavan Shajohn, Sasi Kalinga, Santhosh Keezhattoor, Valsala Menon, Seema G. Nair, Parvathi T",India,TV-MA,89,"Dramas, International Movies",A face painter for Theyyam rituals who is himself disfigured conceals his guilt over the fact that he performs abortions as a medical practitioner.
80994426,Pareeth Pandaari,Gafoor Y. Elliyaas,"Kalabhavan Shajohn, Sajitha Madathil, Jaffer Idukki, Sunil Sukhada, Joy Mathew, Ansiba",India,TV-PG,109,"Dramas, Independent Movies, International Movies","As the parents of three unmarried daughters, a humble cook and his wife contend with the challenges of matchmaking and social expectations."
80994420,Sarvopari Palakkaran,Venugopan,"Anoop Menon, Alencier Ley Lopez, Balu Varghese, Aparna Balamurali, Anu Sithara, Gayathri Arun, Nandu, Chali Pala",India,TV-14,133,"Dramas, International Movies","In the course of a human trafficking investigation, a conservative cop crosses paths with an artist-activist in a clash of worldviews."
80206917,The Music of Silence,Michael Radford,"Toby Sebastian, Luisa Ranieri, Jordi Mollà, Antonio Banderas, Ennio Fantastichini, Nadir Caselli, Alessandro Sperduti, Francesco Salvi",Italy,TV-PG,115,"Dramas, International Movies, Music & Musicals","Based on the autobiography by tenor Andrea Bocelli, this musical biopic chronicles his life from his bumpy childhood to his meteoric rise to fame."
80994421,Theeram,Saheed Arafath,"Pranav Ratheesh, Maria Yohannan, Askar Ameer, Tini Tom, Anjali Nair, Krishna Prabha, Sudhi Koppa, Nandhan Unni",India,TV-14,104,"Dramas, International Movies, Romantic Movies","An auto rickshaw driver harbors a deep affection for a young woman, but his troubled past threatens to stand between them."
80994572,Viswasapoorvam Mansoor,P.T. Kunju Muhammad,"Roshan Mathew, Asha Sarath, Prayaga Martin, Zarina Wahab, Renji Panicker, Leona Lishoy, Santhosh Keezhattoor, Sunil Sukhada",India,TV-14,125,"Dramas, International Movies","When a mother and her daughter arrive to stay in his home in Kerala, a young Muslim man becomes torn between love, faith and clashing political views."
80996349,What a Wonderful Family!,Huang Lei,"Huang Lei, Sun Li, Lee Li-Chun, Zhang Weixin, Hai Qing, Wang Xun, Wei Daxun, Lorene Ren, Lei Huang",China,TV-PG,102,"Comedies, Dramas, International Movies","In a large family living under one roof, a storm brews when the matriarch requests a divorce from her husband on their 50th anniversary."
80184770,Black Snow,Martin Hodara,"Ricardo Darín, Leonardo Sbaraglia, Laia Costa, Federico Luppi, Dolores Fonzi, Andrés Herrera","Argentina, Spain",TV-MA,91,"Dramas, International Movies, Thrillers",An old tragedy and lingering animosity erupt when a man returns to Patagonia to convince his estranged brother to sell the family's isolated property.
80191358,Bruno and Boots: The Wizzle War,Vivieno Caldinelli,"Jonny Gray, Callan Potter, Matt Baram, Caroline Rhea, Kiana Madeira",Canada,TV-PG,90,"Children & Family Movies, Comedies","Fed up with weird dress codes and wacky punishments, the students of neighboring schools face off against two recently hired oddball authoritarians."
80213403,Alien Contact: Outer Space,J. Michael Long,J. Michael Long,United States,TV-PG,63,Documentaries,This fact-based account delves into humankind's efforts to gather signals from possible intelligent beings beyond the solar system.
80233024,The House Next Door,Milind Rau,"Siddharth, Andrea Jeremiah, Anisha Victor, Atul Kulkarni, Suresh, Prakash Belawadi",India,TV-14,135,"Horror Movies, International Movies, Thrillers","In this Hindi version of ""Aval,"" a young couple's relationship is shaken to its core when a mysterious and troubled family moves into the neighborhood."
80173542,A Ghost Story,David Lowery,"Casey Affleck, Rooney Mara, Liz Franke, Rob Zabrecky, Will Oldham, Sonia Acevedo",United States,R,92,"Dramas, Independent Movies","Following a fatal car crash, a man's spirit remains stuck in the home he shared with his wife as doors into the past and future begin to open."
80097725,Coin Heist,Emily Hagins,"Sasha Pieterse, Alexis G. Zall, Alex Saxon, Jay Walker, Mark Blum, Neal Huff, Michael Cyril Creighton, Blanche Baker, Connor Ratliff, Will Denton",United States,TV-14,98,"Children & Family Movies, Dramas","When a crisis threatens to destroy their high school, four teens hatch a daring plan to raise $10 million. Step one? Breaking into the U.S. Mint."
81037984,5 Cowok Jagoan,Anggy Umbara,"Ario Bayu, Arifin Putra, Dwi Sasono, Muhadkly Acho, Cornelio Sunny, Tika Bravani, Nirina Zubir, Ganindra Bimo, Verdi Solaiman",,TV-MA,106,"Action & Adventure, Comedies, International Movies",Yanto asks his friends to help save a girlfriend who was kidnapped by a mobster. Silly slapstick and campy crimefighting ensues.
80153895,Mara,Clive Tonge,"Olga Kurylenko, Javier Botet, Mitch Eakins, Lance E. Nichols, Rosie Fellner, Mackenzie Imsand, Dandy Barrett, Craig Conway, Melissa Bolona",United Kingdom,TV-MA,99,"Horror Movies, Thrillers","When criminal psychologist Kate Fuller investigates a man who was seemingly murdered in his sleep by his wife, she uncovers a case like no other."
80188596,Love Off the Cuff,Pang Ho-cheung,"Miriam Chin Wah Yeung, Shawn Yue, Paul Chun, Jiang Mengjie, Wang Xiao Chen, Siu Yam Yam, Kwok Cheung Tsang, Toby Lee, Dada Chan, Hugo Ng","China, Hong Kong",TV-MA,120,"Comedies, Dramas, International Movies",Cherie and Jimmy's relationship is in a rut – until Cherie's estranged father shows up and a woman from Jimmy's past shows up with a hidden agenda.
80224476,Expedition Happiness,Selima Taibi,"Selima Taibi, Felix Starck",Germany,TV-PG,96,"Documentaries, International Movies","A filmmaker and his musician girlfriend attempt an epic road trip with their dog, traveling across North America in a refurbished school bus."
80133549,Bill Burr: Walk Your Way Out,Jay Karas,Bill Burr,United States,TV-MA,78,Stand-Up Comedy,"No-nonsense comic Bill Burr takes the stage in Nashville and riffs on fast food, overpopulation, dictators and gorilla sign language."
80134966,Jen Kirkman: Just Keep Livin’?,Lance Bangs,Jen Kirkman,United States,TV-MA,69,Stand-Up Comedy,"Incisive comic Jen Kirkman gets real about women's bodies, the value of alone time and an Italian private tour guide who may have been a ghost."
81048561,Bhasmasur,Nishil Sheth,"Imran Rasheed, Mittal Chouhan, Trimala Adhikari, Bhushan Vikas, Ravi Goswami, Raghav Dutt, Kumkum Chouhan, Rohan Mobarsa",India,TV-14,74,"Dramas, Independent Movies, International Movies","In this heart-wrenching coming-of-age story, a young boy embarks on an arduous trek with his debt-ridden father to sell their beloved family donkey."
80109193,Holy Camp!,"Javier Ambrossi, Javier Calvo","Macarena García, Anna Castillo, Belén Cuesta, Gracia Olayo, Richard Collins-Moore, Llum Barrera, Secun de la Rosa, María Isabel Díaz, Víctor Elías, Henry Méndez, Esti Quesada",Spain,TV-14,108,"Comedies, Dramas, Faith & Spirituality","In this musical comedy, two rebellious teen girls who love electronic music have a life-changing brush with the divine at a camp run by nuns."
81047901,Surga Yang Tak Dirindukan 2,"Hanung Bramantyo, Meisa Felaroze","Fedi Nuril, Raline Shah, Laudya Cynthia Bella, Reza Rahadian, Nora Danish",Indonesia,TV-14,119,"Dramas, Faith & Spirituality, International Movies","In this sequel to the award-winning 2015 film, Pras, Arini and Meirose face new challenges that could change the dynamic of their unique love triangle."
80099016,IBOY,Adam Randall,"Bill Milner, Maisie Williams, Rory Kinnear, Miranda Richardson, Jordan Bolger, Charley Palmer Rothwell, Aymen Hamdouchi",United Kingdom,TV-MA,91,"International Movies, Sci-Fi & Fantasy, Thrillers","When shards of a cell phone get lodged in a teenager's brain, he discovers he can control electronic devices and uses his newfound power for revenge."
80190283,Acts of Vengeance,Isaac Florentine,"Antonio Banderas, Karl Urban, Paz Vega, Robert Forster, Clint Dyer, Cristina Serafini, Lillian Blankenship, Atanas Srebrev, Mark Rhino Smith","Bulgaria, United States",R,87,"Action & Adventure, International Movies","Devastated by the murder of his wife and child, a formerly fast-talking lawyer takes a vow of silence and trains himself for a mission of revenge."
80194737,Blockbuster,July Hygreck,"Syrus Shahidi, Lionel Abelanski, Charlotte Gabris, Tom Hygreck, Sylvain Quimene, Laura Boujenah, Foed Amara",France,TV-MA,85,"Comedies, Independent Movies, International Movies","Dumped over a video he made to amuse his ailing dad, a heartsick Jérémy hatches an elaborate scheme to win back his superhero-loving girlfriend, Lola."
80193614,The Good Catholic,Paul Shoulberg,"Zachary Spicer, Wrenn Schmidt, Danny Glover, John C. McGinley",United States,PG-13,97,"Comedies, Dramas, Romantic Movies",A young priest’s faith is tested when he finds himself attracted to a woman he meets at confession and his ideals are shaken to the core.
80117453,Cristela Alonzo: Lower Classy,Marcus Raboy,Cristela Alonzo,United States,TV-MA,67,Stand-Up Comedy,"The irrepressible Alonzo skewers Latino stereotypes, pricey luxuries and her mother's tough-love parenting in a night of sly and infectious comedy."
80124680,Gad Gone Wild,Mario Rouleau,Gad Elmaleh,France,TV-MA,57,Stand-Up Comedy,French comic Gad Elmaleh regales a Montreal crowd with tales of awkward mix-ups and baffling customs he's encountered since moving to the U.S.
80214777,Where's the Money,Scott Zabielski,"Andrew Bachelor, Kat Graham, Mike Epps, Terry Crews, Method Man, Logan Paul, Allen Maldonado, Josh Brener, Devon Werkheiser, Retta",United States,R,86,Comedies,"Hunting for a stash of stolen money, a sharp-witted slacker from South Central Los Angeles infiltrates an all-white college fraternity."
80100936,Take the 10,Chester Tam,"Josh Peck, Tony Revolori, Kevin Corrigan, Chester Tam, Andy Samberg, Stella Maeve, Jordan Rock, Carlos Alazraqui, Fred Armisen",United States,TV-MA,80,Comedies,Two buddies working dead-end cashier jobs endure a mind-blowing series of events on their quest to get to the hip-hop show of their lives.
80192420,Half Girlfriend,Mohit Suri,"Arjun Kapoor, Shraddha Kapoor, Vikrant Massey, Seema Biswas, Rhea Chakraborty, Sujata Sehgal, Anisa Butt",India,TV-PG,129,"Dramas, International Movies, Romantic Movies","Small-town Madhav falls for big-city Riya and wants her to be his girlfriend. But she views their relationship differently, and suggests a compromise."
80198056,Mustang Island,Craig Elrod,"Macon Blair, Lee Eddy, John Merriman, Byron Brown, Jason Newman",United States,TV-14,86,"Comedies, Dramas, Independent Movies","After being dumped on New Year's Eve, Bill pursues his ex-girlfriend to an off-season Gulf Coast beach town, but things get complicated along the way."
80174219,Bad Day for the Cut,Chris Baugh,"Nigel O'Neill, Susan Lynch, Józef Pawlowski, Stuart Graham, David Pearse, Brian Milligan, Anna Prochniak, Stella McCusker, Ian McElhinney, Lalor Roddy",United Kingdom,TV-MA,99,"Independent Movies, International Movies, Thrillers","A mild-mannered, middle-aged Irish farmer devoted to his mother embarks on a violent quest for revenge when she's murdered in a home invasion."
80117452,Neal Brennan: 3 Mics,Neal Brennan,Neal Brennan,United States,TV-MA,66,Stand-Up Comedy,"Wicked one-liners and soul-baring confessions converge in this uniquely intimate stand-up special from ""Chappelle's Show"" co-creator Neal Brennan."
80152003,Roger Corman's Death Race 2050,G.J. Echternkamp,"Manu Bennett, Malcolm McDowell, Marci Miller, Burt Grinstead, Folake Olowofoyeku, Ramsey Moore, Yancy Butler, Charlie Farrell, Shanna Olson",United States,R,93,"Action & Adventure, Sci-Fi & Fantasy","In this dystopian sequel, kills equal points in a violently gory annual cross-country road race sponsored by the United Corporations of America."
80169611,MindGamers,Andrew Goth,"Tom Payne, Melia Kreiling, Antonia Campbell-Hughes, Sam Neill, Turlough Convery, Oliver Stark, Dominique Tipper, Ryan Doyle, Simon Paisley-day, Pedja Bjelac",Austria,R,99,"International Movies, Sci-Fi & Fantasy, Thrillers","Brilliant young students discover a breakthrough that could change humankind, but soon find themselves the subjects of a much bigger experiment."
81045085,Chupan Chupai,Mohsin Ali,"Ahsan Khan, Neelam Muneer, Faizan Khawaja, Ali Rizvi, Vajdaan Shah, Zayed Sheikh, Talat Hussain, Javed Sheikh",Pakistan,TV-14,118,"Comedies, International Movies","The lives of five hapless, petty criminals careen into madcap disarray when their plan to abduct a wealthy minister’s son goes horribly wrong."
80202078,Pandigai,Feroz,"Kreshna, Anandhi, Saravanan, Madhusudhanan, Black Pandi, Nitin Sathyaa, Aruldass, Karunas, Shanmugha Rajan, Prinz Nithik",India,TV-14,125,"Action & Adventure, Dramas, International Movies","Looking for a way out of his impoverished life, a lowly hotel waiter joins an underground fight club. Then he needs a way out of that."
81044857,The Doll 2,Rocky Soraya,"Luna Maya, Herjunot Ali, Sara Wijayanto, Maria Sabta, Rydhen Afexi, Ira Ilva Sari, Shofia Shireen, Mega Carefansa, Wati Sudiyono, Princess Martinez",Indonesia,TV-MA,117,"Horror Movies, International Movies","A mother uses her deceased daughter’s doll as a medium to communicate with her, but the consequences are chilling. The second of the “Doll” films."
80223136,Face 2 Face,Matt Toronto,"Daniela Bobadilla, Daniel Amerman, Kevin McCorkle, Mary Gordon Murray, Emily Jordan, Karrie Cox, Nicholas James Reilly, Enspirit, Sheldon A. Smith, Michael Soulema",United States,TV-MA,89,"Dramas, Independent Movies","Two former friends, who now live far apart, learn about each other's insecurities and secrets over a series of video chats."
80189955,Manolo: The Boy Who Made Shoes for Lizards,Michael Roberts,"Manolo Blahnik, Anna Wintour, André Leon Talley, Paloma Picasso, Candace Bushnell, Iman, Rihanna, Naomi Campbell, Isaac Mizrahi, Rupert Everett, Sofia Coppola, John Galliano",United Kingdom,TV-MA,89,"Documentaries, International Movies","As legendary shoe designer Manolo Blahnik speaks about his creative process, his celebrity admirers chime in with their own takes on his work."
80222177,Rip Tide,Rhiannon Bannenberg,"Debby Ryan, Genevieve Hegney, Andrew Creer, Naomi Sequeira, Aaron Jeffery, Valerie Bader, Jeremy Lindsay Taylor, Danielle Carter, Marcus Graham, Kimie Tsukakoshi","Australia, United Arab Emirates",TV-Y7,87,"Children & Family Movies, Dramas, Sports Movies","Following an embarrassing viral video, a New York model decides to escape from her suffocating existence by visiting her faraway aunt in Australia."
80224233,Thong Dee Fun Khao,Bin Bunluerit,"Buakaw Banchamek, Sornsin Maneewan, Phutharit Prombandal, Nantawut Boonrubsub, Vannapoom Songsuparp, Chutirada Junthit, Jaran Ngamdee, Kochakorn Nimakorn, Rapeepat Ekpankul, Manop Aswathep",Thailand,TV-MA,122,"Action & Adventure, International Movies, Sports Movies","After losing a boxing match, a talented Muay Thai fighter leaves home to train with the best. On his quest, he finds friends, foes and lots of action."
80168300,Unrest,Jennifer Brea,"Jennifer Brea, Omar Wasow, Jessica Taylor-Bearman","United Kingdom, United States",TV-14,97,Documentaries,"In this heart-wrenching documentary, a 28-year-old Ph.D. student turns the camera on herself to capture her struggles with chronic fatigue syndrome."
80228282,Urvi,Pradeep Verma,"Sruthi Hariharan, Shraddha Srinath, Shweta Pandit, Achyuth Kumar, Madhukar Niyogi, Prabhu Mundkur, Bhavani Prakash, Ananya Bhat",India,TV-MA,121,"Dramas, Independent Movies, International Movies","After getting tricked into working at a brothel, a medical student joins forces with two of her co-workers to fight their unscrupulous exploiters."
80096955,Clinical,Alistair Legrand,"Vinessa Shaw, Kevin Rahm, William Atherton, Aaron Stanford, Wilmer Calderon, Sydney Tamiia Poitier, India Eisley, Nestor Serrano",United States,TV-MA,104,"Horror Movies, Thrillers",A psychiatrist is plagued by flashbacks to a terrifying attack as she treats a new patient who was horribly disfigured in an accident.
80108149,Milada,David Mrnka,"Ayelet Zurer, Robert Gant, Vica Kerekes, Aňa Geislerová, Ivana Chýlková, Vladimír Javorský, Dagmar Bláhová, Jaromír Dulava, Martin Pechlát, Brian Caspe","Czech Republic, United States",TV-MA,124,"Dramas, International Movies",Politician and human rights campaigner Milada Horáková battles against all odds to defend her beliefs in a Czechoslovakia under Communist rule.
81036539,All of You,Dan Villegas,"Jennylyn Mercado, Derek Ramsay, Yayo Aguila, Kean Cipriano, Nico Antonio, Enzo Marcos, Via Antonio, Hannah Ladesma",Philippines,TV-14,104,"Comedies, Dramas, International Movies","Two strangers meet on a dating app and experience instant chemistry, but their relationship unravels as jarring differences catch up to them."
80170870,Dayveon,Amman Abbasi,"Devin Blackmon, Dontrell Bright, Kordell ""KD"" Johnson, Lachion Buckingham, Chasity Moore, Marquell Manning, Shavidee Trotter, Maurice Everett",United States,TV-MA,76,"Dramas, Independent Movies","Following the shooting death of his older brother, a depressed and aimless 13-year-old boy falls in with a gang in rural Arkansas."
80109128,In The Deep,Johannes Roberts,"Mandy Moore, Claire Holt, Matthew Modine, Chris Johnson, Yani Gellman, Santiago Segura","United Kingdom, United States, Dominican Republic",PG-13,89,"Horror Movies, International Movies, Thrillers","With little oxygen left in their scuba tanks, two sisters are trapped in a shark cage at the bottom of the ocean while great whites circle nearby."
80187188,On Yoga The Architecture of Peace,Heitor Dhalia,Michael O’Neill,"Brazil, India, China, United States",TV-14,92,"Documentaries, Faith & Spirituality","Based on photographer Michael O’Neill’s book of the same name, this documentary traces the author’s 10-year journey through the landscape of yoga."
80117811,Jim Gaffigan: Cinco,Jeannie Gaffigan,Jim Gaffigan,United States,TV-14,74,Stand-Up Comedy,America's king of clean comedy delivers wickedly funny jokes in his fifth hour-long special.
81140307,Posesif,Edwin,"Putri Marino, Adipati Dolken, Gritte Agatha, Chicco Kurniawan, Yayu Unru, Cut Mini Theo, Ismail Basbeth, Maulidina K. Putri",Indonesia,TV-14,102,"Dramas, International Movies, Romantic Movies",A student diver risks her scholastic future and relationship with her father when she dates a moody transfer student consumed by their romance.
80214621,Kevyn Aucoin: Beauty & the Beast in Me,Lori Kaye,"Kevyn Aucoin, Cindy Crawford, Naomi Campbell, Gwyneth Paltrow, Andie MacDowell, Paulina Porizkova, Amber Valletta",United States,TV-MA,90,"Documentaries, LGBTQ Movies",Makeup artist Kevyn Aucoin worked with top supermodels in the 1980s and 1990s. Personal videos merged with interviews provide a peek into his life.
80245709,Krystal,William H. Macy,"Rosario Dawson, Nick Robinson, Jacob Latimore, Grant Gustin, William H. Macy, Kathy Bates, Felicity Huffman, William Fichtner, T.I., Rick Fox, Amy Parrish",United States,R,93,"Comedies, Dramas",A kid with a heart condition falls for an ex-stripper with a lot of baggage and joins her Alcoholics Anonymous group to catch her attention.
81046846,Pokémon the Movie: I Choose You!,Kunihiko Yuyama,"Ikue Otani, Sarah Natochenny, David Oliver Nelson, Mike Pollock, Kate Bristol, Suzy Myers, Rodger Parsons",Japan,TV-Y7,97,"Anime Features, Children & Family Movies","When Ash tries to pick his first Pokémon on his birthday, he ends up with a stubborn Pikachu and they embark on a journey to find the legendary Ho-Oh."
81052279,Puriyatha Puthir,Ranjit Jeyakodi,"Vijay Sethupathi, Gayathrie, Mahima Nambiar, Arjunan, Ramesh Thilak, Ranjith",India,TV-MA,120,"International Movies, Thrillers",An aspiring music director begins to receive voyeuristic footage of his girlfriend from her apparent stalker as tragedy strikes those around him.
81052277,Taramani,Ram,"Andrea Jeremiah, Anjali, Vasanth Ravi, Adrian Knight Jesly, Azhagamperumal, Lizzie Antony, Nivas Adithan, Abhishek D Shah",India,TV-14,148,"Dramas, Independent Movies, International Movies","A traditional man and an independent woman share a connection, but they must learn to navigate their vastly different experiences and expectations."
80195653,Camp Cool Kids,Lisa Arnold,"Connor Rosen, Logan Shroyer, Michael Gross, Markie Post, Leigh-Allyn Baker, Juliocesar Chavez, Tyree Brown",United States,TV-G,104,"Children & Family Movies, Comedies, Dramas","A young boy attends summer camp, where he overcomes his fears, stands up to bullies and learns important lessons about faith and life."
80197427,Dries,Reiner Holzemer,Dries Van Noten,"Germany, Belgium",TV-PG,89,"Documentaries, International Movies",This documentary explores the intense passion and distinctive talent that make Dries Van Noten one of the most unique fashion designers in the world.
80167491,Happy Hunting,"Joe Dietsch, Louie Gibson","Martin Dingle-Wall, Ken Lally, Kenny Wormald, Connor Williams, Gary Sturm, C.J. Baker, Jeremy Lawson, Liesel Hanson, Kenneth Billings, Michael Tipps",United States,TV-MA,91,"Horror Movies, Independent Movies","On the run from his meth-dealing employers, a drifter with a drinking problem becomes prey in a desert town's twisted hunting contest."
80206907,Heartthrob,Chris Sivertson,"Aubrey Peeples, Keir Gilchrist, Peter Facinelli, Felicity Price, Ione Skye, Jimmy Bennett, Taylor Dearden",United States,TV-MA,87,Thrillers,"A shy, brilliant boy and a popular girl fall into an unexpected romance. But as their bond deepens, his attraction begins taking on dark overtones."
80228146,Jora 10 Numbaria,Amardeep Singh Gill,"Deep Sidhu, Dharmendra, Ashish Duggal, Aman Hundal, Pali Sidhu, Mukesh Tiwari, Mukul Dev",India,TV-MA,135,"Action & Adventure, International Movies","The wounds of a traumatic childhood and a corrupt, unjust system push a young man into becoming a cold-blooded, ruthless gangster."
80221637,Maacher Jhol,Pratim D. Gupta,"Ritwick Chakraborty, Mamata Shankar, Paoli Dam, Kaya Blocksage, Sauraseni Maitra, Arjun Chakrabarty","India, France",TV-PG,107,"Dramas, International Movies","On his first visit to his home city of Kolkata in 13 years, a Paris-based chef is faced with a cooking challenge that will change his life forever."
80197301,Maddman: The Steve Madden Story,Ben Patterson,Steve Madden,United States,TV-MA,78,Documentaries,This documentary chronicles the rise of the footwear designer behind a billion-dollar empire and his subsequent comeback after a financial scandal.
80217436,Martin Luther: The Idea that Changed the World,David Batty,Hugh Bonneville,United States,TV-PG,55,"Documentaries, Faith & Spirituality","This docudrama tells the dramatic story of the monk who took on the Catholic Church, tracing his life before and after the contentious ""95 Theses."""
80184547,Residente,René Pérez Joglar,René Pérez Joglar,United States,TV-MA,97,"Documentaries, Music & Musicals",The results of a DNA test spur Puerto Rican rap icon Residente to set out on a global voyage in search of his roots and fresh musical inspiration.
80184135,Super Dark Times,Kevin Phillips,"Owen Campbell, Charlie Tahan, Elizabeth Cappuccino, Max Talisman, Amy Hargreaves, Sawyer Barth, Adea Lennox, Ethan Botwick",United States,TV-MA,104,"Dramas, Independent Movies, Thrillers","A tragic accident drives a wedge between two teenage boys, threatening a friendship that had seemed firm and unshakeable."
80159566,The Vault,Dan Bush,"Taryn Manning, Francesca Eastwood, James Franco, Scott Haze, Q'Orianka Kilcher, Keith Loneker, Clifton Collins Jr., Jeff Gum",United States,TV-MA,92,"Horror Movies, Thrillers",A bank heist takes an unnerving turn when the three sibling robbers attempt to gain entrance into an subterranean vault with sinister secrets.
80178280,6 Days,Toa Fraser,"Jamie Bell, Abbie Cornish, Mark Strong, Martin Shaw, Ben Turner, Aymen Hamdouchi, Tim Pigott-Smith, Robert Portal, Colin Garlick, Andrew Grainger, Martin Hancock, Emun Elliott","New Zealand, United Kingdom",R,94,"Action & Adventure, Dramas, International Movies","When armed gunmen seize the Iranian Embassy in 1980, a tense six-day standoff ensues while elite British soldiers prepare for a dangerous raid."
80151370,"Michael Bolton's Big, Sexy Valentine's Day Special","Scott Aukerman, Akiva Schaffer","Michael Bolton, Andy Samberg, Will Forte, Kenny G, Maya Rudolph, Adam Scott, Janeane Garofalo, Brooke Shields, Sinbad, Michael Sheen, Tim Robinson, Bob Saget, Mary Holland, Andy Richter, Colton Dunn, David Theune, Randall Park, Sarah Silverman, Mary Sohn, Fred Armisen, Matthew Kimbrough, Maya Erskine, Louie Anderson, Claudia O'Doherty, Kate Berlant, Baron Vaughn, Zachary Oyama, Casey Wilson, Sarah Shahi, Jimmy Graham, Luka Jones, Akiva Schaffer, Eric André, Scott Aukerman, Nicole Byer, Dave Ferguson, Tim Kalpakis, Mike Hanford, Mircea Monroe, Chris Parnell, Sal Stowers",United States,TV-MA,54,"Comedies, Music & Musicals, Romantic Movies","After Santa tells him he needs 75,000 new babies by Christmas to meet toy supply, Michael Bolton hosts a telethon to inspire the world to make love."
80201570,Welcome to Willits,Trevor Ryan,"Bill Sage, Sabina Gadecki, Anastasia Baranova, Dolph Lundgren, Thomas Dekker, Karrueche Tran, Chris Zylka, Keelin Woodell, Garrett Clayton, Shad Gaspard, Rory Culkin",United States,TV-MA,84,"Comedies, Horror Movies, Independent Movies",A marijuana farmer's extraterrestrial paranoia creates trouble for a group of young campers who pitch their tent on his land in Northern California.
80225034,Woody Woodpecker,Alex Zamm,"Timothy Omundson, Thaila Ayala, Eric Bauza, Graham Verchere, Jordana Largy, Scott McNeil, Adrian Glynn McMorran, Chelsea Miller, Sean Tyson",United States,PG,91,"Children & Family Movies, Comedies",A rascally bird with a distinctive laugh pecks back with a vengeance when his forest habitat is threatened by a slick lawyer building his dream home.
80201497,Princess Cyd,Stephen Cone,"Tyler Ross, Rebecca Spence, James Vincent Meredith",United States,TV-MA,97,"Dramas, Independent Movies, LGBTQ Movies",A teenager moves to Chicago for the summer and finds a poignant mentor in her aunt and a sweet love interest in a girl who works in the neighborhood.
80198745,Thumper,Jordan Ross,"Eliza Taylor, Pablo Schreiber, Daniel Webber, Lena Headey, Ben Feldman, Grant Harvey, Jazzy De Lisser, Brett Rice",United States,TV-MA,93,"Dramas, Thrillers","After moving to a hardscrabble suburban California town, a young woman becomes dangerously entangled with a local drug enterprise."
80124726,Daniel Sosa: Sosafado,"Raúl Campos, Jan Suter",Daniel Sosa,Mexico,TV-MA,78,Stand-Up Comedy,"Comedian Daniel Sosa inhabits various characters, including a Tupperware dealer, a thirsty priest and a Trojan horse soldier in this stand-up special."
80190130,Big Bear,Joey Kern,"Joey Kern, Adam Brody, Zachary Knighton, Tyler Labine, Pablo Schreiber, Toby Huss, Heidi Heaslet, Ahna O'Reilly",United States,TV-MA,87,Comedies,The alcohol-fueled high jinks of a bachelor party go haywire when the buddies of an ill-fated groom abduct his fiancée's new lover.
80226357,반드시 잡는다,Hong-seon Kim,Baek Yoon-sik,South Korea,TV-MA,110,"Dramas, International Movies, Thrillers","After people in his town start turning up dead, a grumpy landlord is visited by a man who recounts an unsolved serial murder case from 30 years ago."
80133550,Mike Birbiglia: Thank God for Jokes,"Seth Barrish, Mike Birbiglia",Mike Birbiglia,United States,TV-MA,71,Stand-Up Comedy,"Comedian Mike Birbiglia takes the stage in Brooklyn and hits on hard truths about puppets, late people and the very real dangers of being funny."
80188883,Can't Help Falling in Love,Mae Czarina Cruz,"Kathryn Bernardo, Daniel Padilla, Matteo Guidicelli, Zanjoe Marudo, Cherry Pie Picache, Lotlot De Leon, Dennis Padilla, Lito Pimentel, Joross Gamboa, Janus del Prado",Philippines,TV-14,120,"Comedies, Dramas, International Movies","Gab is eager to tie the knot with her handsome boyfriend, but there's a problem, and it's a doozy: She's already married to a total stranger."
80175332,My Ex & Whys,Cathy Garcia-Molina,"Liza Soberano, Enrique Gil, Joey Marquez, Cai Cortez, Arlene Muchlach, Ara Mina, Ryan Bang, Joross Gamboa, Jeffrey Tam, Neils Coleta",Philippines,TV-14,121,"Dramas, International Movies, Romantic Movies","Popular blogger Cali is hired for a marketing campaign alongside another viral sensation: her ex-boyfriend Gio, who's intent on winning her back."
80214583,People You May Know,Sherwin Shilati,"Nick Thune, Halston Sage, Kaily Smith Westbrook, Nicholas Rutherford, Carly Chaikin, Gillian Alexy, Ian Harding, Usher Raymond, Anna Margaret Hollyman, Justin Klosky",United States,TV-MA,92,"Comedies, Dramas, Romantic Movies","A shy luddite gains fame, attention and friends after he uses photoshop skills to create a fake glamorous life on social media."
80213299,The Heyday of the Insensitive Bastards,"Mark Columbus, Lauren Hoekstra, Sarah Kruchowski, Ryan Moody, Simon Savelyev, Vanita Shastry, Shadae Lamar Smith, Jeremy David White","James Franco, Rico Rodriguez, Abigail Spencer, Natalie Portman, Kristen Wiig, Amber Tamblyn, Jim Parrack, Kate Mara, Thomas Mann, Matthew Modine, Jacob Loeb",United States,TV-MA,96,"Dramas, Independent Movies",An all-star cast brings to life the short stories of author Robert Boswell in this anthology series of vignettes set in modern-day America.
80109295,Veronica,Paco Plaza,"Sandra Escacena, Claudia Placer, Bruna González, Iván Chavero, Ana Torrent, Consuelo Trujillo",Spain,TV-MA,105,"Horror Movies, International Movies, Thrillers","In 1991 Madrid, after holding a séance at school, a teen girl minding her younger siblings at home suspects an evil force has entered their apartment."
80100937,I Don't Feel at Home in This World Anymore,Macon Blair,"Melanie Lynskey, Elijah Wood, David Yow, Jane Levy, Devon Graye, Christine Woods, Robert Longstreet, Gary Anthony Williams",United States,TV-MA,97,"Dramas, Independent Movies, Thrillers",A timid nursing assistant gets a new lease on life when she and a neighborhood loner track down the degenerates who broke into her house.
80223050,Forgotten,Hang-Jun Jang,"Ha-neul Kang, Moo-Yul Kim, Young-hee Na, Seong-kun Mun, Myung-Ryul Nam, Eun-woo Lee, Chan-bi Jung, Go Choi, Seong-il Bae, Soon-won Lee",South Korea,TV-MA,109,"Dramas, International Movies, Thrillers","When his abducted brother returns seemingly a different man with no memory of the past 19 days, Jin-seok chases after the truth behind the kidnapping."
80198735,The Bachelors,Kurt Voelker,"J.K. Simmons, Josh Wiggins, Julie Delpy, Odeya Rush, Kevin Dunn, Kimberly Crandall, Jean Louisa Kelly, Charlie DePew, Tyrel Jackson Williams, Tom Amandes, Spencer List, Jacqueline Mazarella, Vanessa Howard, Harold Perrineau",United States,TV-14,100,Dramas,"After the death of his wife, a teacher and his son move to a new city, where emotional connections with two women help them begin to heal."
80134969,Trevor Noah: Afraid of the Dark,David Paul Meyer,Trevor Noah,United States,TV-14,67,Stand-Up Comedy,"The ""Daily Show"" host ponders the perils of naming countries, how traffic lights turn New Yorkers invincible and why you shouldn't drink in Scotland."
81031652,Transformer,Michael Del Monte,Janae Marie Kroczaleski,Canada,TV-MA,79,"Documentaries, LGBTQ Movies",Powerlifter Matt Kroczaleski faced his greatest challenge when he came out as transgender. This documentary captures his transition into a woman.
80217121,The Breadwinner,Nora Twomey,"Saara Chaudry, Soma Chhaya, Ali Badshah, Soma Bhatia, Shaista Latif, Laara Sadiq, Kawa Ada, Noorin Gulamgaus","Ireland, Canada, Luxembourg, United States",PG-13,93,"Children & Family Movies, Dramas, International Movies",A courageous 11-year-old Afghan girl disguises herself as a boy and takes on odd jobs to provide for her family when her father is arrested.
81063743,Manusangada,Amshan Kumar,"Rajeev Anand, Manimegalai, A.S. Sasi Kumar, Vidhur Rajarajan, Sheela Rajkumar, Sethu Darwin, Anand Sampath, Karuna Prasad",India,TV-14,93,"Dramas, Independent Movies, International Movies","When caste discrimination prevents a villager from giving his deceased father a rightful burial, he takes his fight for equality to court."
80177414,On Body and Soul,Ildiko Enyedi,"Alexandra Borbély, Géza Morcsányi, Réka Tenki, Zoltán Schneider, Ervin Nagy, Itala Bekes, Éva Bata, Pál Mácsai, Zsuzsa Jaro, Nóra Rainer-Micsinyei",Hungary,TV-MA,116,"Dramas, International Movies, Romantic Movies",Two shy and socially awkward co-workers in Budapest form a special bond through a mysterious mystic connection that manifests in a dream.
80226233,The Bros,You-Jeong Chang,"Dong-hwi Lee, Dong-seok Ma, Ha-Nui Lee, Woo-jin Jo, Young-chang Song, Chang-wook Ji, Man-seok Oh, Ye-ji Seo",South Korea,TV-14,102,"Comedies, Dramas, International Movies","Reunited in their hometown for their father's funeral, two self-interested brothers meet a peculiar woman who shares a huge secret about their family."
80214581,Dismissed,Benjamin Arfmann,"Kent Osborne, Dylan Sprouse, Rae Gray, Alycia Delmore, Robert Longstreet, Chris Bauer, Randall Park, Mitchell Edwards, Victoria Zeutzius, Leslie Thurston, Matthew J. Evans",United States,TV-14,87,Thrillers,An intelligent but intense honor student traumatizes his high school teacher and mentor when he doesn't get the grade he believes he deserves.
80223731,FullMetal Alchemist,Fumihiko Sori,"Ryosuke Yamada, Tsubasa Honda, Dean Fujioka, Misako Renbutsu, Kanata Hongo, Shinji Uchiyama, Jun Kunimura, Yo Oizumi, Ryuta Sato, Fumiyo Kohinata, Yasuko Matsuyuki",Japan,TV-14,134,"Action & Adventure, Dramas, International Movies","While alchemist Edward Elric searches for a way to restore his brother Al's body, the military government and mysterious monsters are watching closely."
80211728,Memoir of a Murderer,Shin-yeon Won,"Kyung-gu Seol, Nam-gil Kim, Seol-hyun Kim, Dal-su Oh, Seok-jeong Hwang, In-Gum Jung, Ki-jun Shin, Jin-young Jang, Rina Shin, Hye-yoon Kim",South Korea,TV-MA,118,"Dramas, International Movies, Thrillers","Hiding his own murderous past, a man suffering from Alzheimer's must protect his daughter from her boyfriend, who he suspects is also a serial killer."
80209153,Blood Money,Lucky McKee,"John Cusack, Ellar Coltrane, Willa Fitzgerald, Jacob Artist, Ned Bellamy, Antonio Bell, Johanna McGinley",United States,R,85,Action & Adventure,Three friends on a wilderness trip find bags full of cash and must evade the criminal who hid the money in the first place.
80989337,The Super,Stephan Rick,"Patrick John Flueger, Val Kilmer, Louisa Krause, Mattea Conforti, Taylor Richardson, Paul Ben-Victor, Yul Vazquez, Andrea Lynn Green, Travaris Spears, Melissa Bolona",United States,R,89,Horror Movies,"When an ex-cop becomes a superintendent of an apartment building, he suspects the sinister janitor is behind the eerie disappearances of its tenants."
81043345,Among Family,Ozan Açıktan,"Engin Günaydın, Demet Evgar, Erdal Özyagcilar, Su Kutlu, Devrim Yakut, Fatih Artman, Gülse Birsel, Sevket Çoruh, Derya Karadas, Devin Özgür Cinar",Turkey,TV-14,127,"Comedies, International Movies","Amid a marital crisis, Fikret befriends songstress Solmaz after a wacky encounter and must fill in as the father of her soon-to-wed daughter."
80208091,Anchor and Hope,Carlos Marques-Marcet,"Oona Chaplin, Natalia Tena, David Verdaguer, Geraldine Chaplin",Spain,TV-MA,113,"Comedies, Dramas, LGBTQ Movies",Kat and Eva’s happy romance hits a rough patch when Eva decides that she wants a child. Visiting friend Roger could help complete their family.
81067757,Ayana,Gangadhar Salimath,"Deepak Subramanya, Apoorva Soma, Ramesh Bhat, Harsha H S, Karthik A, Goutham Shashidhar, Nagshree Karkone, Moksha Kushal, Vedashree Rao",India,TV-14,112,"Dramas, International Movies","With his carefree bachelor days behind him, a young entrepreneur’s ambitions for adulthood come with some painful personal and professional decisions."
81067758,Candyflip,Shanawaz Nellikunnil,"Prashant Prakash, Kalki Koechlin, Prakash Raj, Gulshan Devaiah, Valeriya Polyanychko",India,TV-MA,104,"Dramas, Independent Movies, International Movies","On the incandescent shores of Goa, a young man tumbles down a mind-bending – and soon dangerous – series of trips after taking hallucinatory drugs."
81043346,My Travel Buddy,Bedran Güzel,"Oguzhan Koç, İbrahim Büyükak, Emre Kınay, Aslı Bekiroğlu, Eda Ece, Bahar Sahin, Muharrem Bayrak, Toygan Avanoglu",Turkey,TV-14,111,"Comedies, International Movies","Days before Eid, a salesman fired from his job drives to Ayvalık to meet his girlfriend's family, but the trip goes astray due to his zany travel buddy."
81050194,The Detained,Blair Hayes,"Alex Frnka, Sarah Davenport, Henry Zaga, Coy Stewart, Jennifer Robyn Jacobs, Gillian Vigman, Kevin Blake",United States,TV-MA,85,"Horror Movies, Thrillers",Five high school students serving Saturday detention in a former corrections facility must find a way to outsmart an unseen menace out to kill them.
81071972,Grass,Tanuj Chopra,"Emily Chang, Pia Shah, Anthony Ma",United States,TV-MA,57,"Comedies, Independent Movies",Good girl Cam recruits her pot-loving bestie Jinky to help deliver a backpack full of weed for her drug-dealing fiancé.
80081987,Girlfriend's Day,Michael Paul Stephenson,"Bob Odenkirk, Amber Tamblyn, Natasha Lyonne, Alex Karpovsky, Stacy Keach, Andy Richter, Ed Begley Jr., David Sullivan, Larry Fessenden, June Diane Raphael, Rich Sommer, Steven Michael Quezada, Echo Kellum, Stephanie Courtney, Toby Huss, Tucker Smallwood, Kevin O'Grady, Nate Mooney",United States,TV-MA,71,"Comedies, Independent Movies","When he's caught up in a deadly conspiracy, an unemployed greeting card writer must create the perfect card for a new holiday to save his skin."
80134968,Katherine Ryan: In Trouble,Colin Dench,Katherine Ryan,United Kingdom,TV-MA,64,Stand-Up Comedy,"Stand-up comic Katherine Ryan reminisces about unusual relationships, life in the hometown she hates and the time she enraged an entire nation."
80994282,Have You Seen the Listers?,Eddie Martin,Anthony Lister,Australia,TV-MA,86,"Documentaries, International Movies",This documentary paints a candid picture of Australian street artist Anthony Lister as he navigates his burgeoning career and personal hardships.
80220013,Heal,Kelly Noonan,"Kelly Noonan, Deepak Chopra, Michael Beckwith, Joe Dispenza, Dr. Jeffrey Thompson, Gregg Braden, Joan Borysenko, Marianne Williamson",United States,TV-PG,107,Documentaries,"Stories from spiritual leaders, physicians and those with chronic illnesses reveal the powerful connection between the human psyche and physical health."
80205451,42 Grams,Jack C. Newell,Jake Bickelhaupt,United States,TV-MA,81,Documentaries,"After launching a successful underground restaurant out of their apartment, an ambitious chef and his wife open an all-consuming upscale eatery."
80195654,How the Beatles Changed the World,Tom O'Dell,"George Harrison, John Lennon, Ringo Starr, Paul McCartney, Brian Epstein","United States, United Kingdom",TV-PG,110,"Documentaries, Music & Musicals",Interviews and rare archival footage illuminate how the Beatles' influence over music and culture continues to be felt around the world.
80170992,Inxeba,John Trengove,"Nakhane Touré, Bongile Mantsai, Niza Jay, Thobani Mseleni, Gamelihle Bovana, Halalisani Bradley Cebekhulu, Inga Qwede, Sibabalwe Ngqayana, Siphosethu Ngcetane, Zwelakhe Mtsaka","South Africa, Germany, Netherlands, France",TV-MA,88,"Dramas, Independent Movies, International Movies","At an initiation ritual for the young men of his Xhosa community, a closeted factory hand meets a Johannesburg teen who discovers his best-kept secret."
80172958,Newness,Drake Doremus,"Nicholas Hoult, Laia Costa, Danny Huston, Courtney Eaton, Matthew Gray Gubler, Albert Hammond Jr.",United States,TV-MA,117,"Dramas, Independent Movies, Romantic Movies","Martin and Gabi try to form a relationship after meeting through a hookup app, but when boredom creeps in, they seek out an unconventional solution."
80174959,It Comes at Night,Trey Edward Shults,"Joel Edgerton, Christopher Abbott, Carmen Ejogo, Riley Keough, Kelvin Harrison Jr., David Pendleton, Griffin Robert Faulkner",United States,R,92,"Horror Movies, Independent Movies","As danger stalks the world outside his isolated home, an overprotective father faces a tough decision when another family shows up seeking help."
80178974,El Camino Christmas,David E. Talbert,"Jessica Alba, Tim Allen, Dax Shepard, Vincent D'Onofrio, Luke Grimes, Kurtwood Smith, Michelle Mylett",United States,TV-MA,89,"Comedies, Dramas","Stuck in a liquor store during an alleged robbery, a group of strangers shares hidden truths and forms an unexpected bond on Christmas Eve."
81172740,Banana Island Ghost,BB Sasore,"Chigul, Patrick Diabuah, Adetomiwa Edun, Uche Jumbo, Saidi Balogun, Ali Nuhu, Bimbo Manuel, Akah Nnani, Damilola Adegbite, Dorcas Shola Fapson",Nigeria,TV-14,108,"Comedies, International Movies","Searching for a soul mate, a ghost negotiates with God for three more days on Earth to find love, then meets a woman in need of help herself."
81172756,Celebrity Marriage,Pascal Amanfo,"Kanayo O. Kanayo, Tonto Dikeh, Jackie Appiah, Odunlade Adekola, Toyin Aimakhu, Osita Iheme, Francis Odega, Calista Okoronkwo, Susan Peters, Roselyn Ngissah",,TV-14,107,"Dramas, International Movies",A successful actress with an abusive husband confides in friends who have troubling relationship issues of their own.
81068687,No Game No Life: Zero,Atsuko Ishizuka,"Yoshitsugu Matsuoka, Ai Kayano, Yoko Hikasa, Yukari Tamura, Yuka Iguchi, Mamiko Noto, Miyuki Sawashiro, Rie Kugimiya, Toru Okawa, Kazuyuki Okitsu, Junichi Suwabe, Lynn, Yui Horie, Nanako Mori, Ryota Takeuchi",Japan,TV-14,106,"Action & Adventure, Anime Features, Sci-Fi & Fantasy","In ancient Disboard, a young warrior befriends an ex machina and embarks on a harrowing mission to stop a global war and save humanity from extinction."
81172758,Slow Country,Eric Aghimien,"Ivie Okujaye, Sambasa Nzeribe, Tope Tedela, Gina Castel, Majid Michel, Victor Erabie, Brutus Richard, Adebayo Thomas",Nigeria,TV-MA,115,"Dramas, International Movies","Desperate to leave a life of prostitution, a teenage mother attempts to outsmart her ruthless boss who is determined to keep his prized asset."
81172868,Wives on Strike: The Revolution,Omoni Oboli,"Uche Jumbo, Omoni Oboli, Sola Sobowale, Chioma Chukwuka-Akpotha, Ufuoma McDermott, Odunlade Adekola, Kalu Ikeagwu, Kenneth Okonkwo",United Kingdom,TV-14,93,"Comedies, Dramas, International Movies","After a woman is severely beaten at home, her strong-willed friends take a stand against their husbands to seek justice for domestic abuse victims."
80185876,Trolls Holiday Special,Joel Crawford,"Anna Kendrick, Justin Timberlake, Zooey Deschanel, Christopher Mintz-Plasse, James Corden, Ron Funches, Kunal Nayyar, Aino Jawo, Caroline Hjelt, Walt Dohrn",United States,TV-G,27,"Children & Family Movies, Comedies, Music & Musicals","When Queen Poppy realizes that Bridget and the Bergens don't have any holidays, she hatches a plan for Branch and the Snack Pack to help create one."
80187435,Craig Ferguson: Tickle Fight,Jay Chapman,Craig Ferguson,United States,TV-MA,67,Stand-Up Comedy,"Cheeky comic Craig Ferguson keeps it casual as he discusses '70s porn, Japanese toilets and his mildly crime-filled days as a talk show host."
80988989,The Cakemaker,Ofir Raul Graizer,"Sarah Adler, Tim Kalkhof, Roy Miller, Zohar Shtrauss, Sandra Sade, Tamir Ben-Yehuda, Stephanie Stremler, Tagel Eliyahu","Israel, Germany",TV-14,109,"Dramas, Independent Movies, International Movies","When a German baker travels to Jerusalem in search of his dead male lover’s family, his growing involvement with them may expose his truth."
81213876,Adrishya,Sandeep Chatterjee,"Ravi Kumar, Ayesha Singh, Nishat Mallick, Archana Kotwal, Rakesh Chaturvedi Om, Nidhi Mahavan, Abhijit Sinha, Abdur Rehman",India,TV-14,99,"Horror Movies, Independent Movies, International Movies",A family’s harmonious existence is interrupted when the young son begins showing symptoms of anxiety that seem linked to disturbing events at home.
81221913,Kuldip Patwal: I Didn't Do It!,Remy Kohli,"Deepak Dobriyal, Gulshan Devaiah, Raima Sen, Parvin Dabas, Anurag Arora, Jameel Khan, Priyanka Setia",India,TV-MA,126,"Dramas, Independent Movies, International Movies","Accused of killing a politician, a local grocer’s fight to prove his innocence reveals his lifelong struggles with injustice leading up to the incident."
81213882,Phullu,Abhishek Saxena,"Sharib Hashmi, Nutan Surya, Jyotii Sethi, Inaamulhaq, Trisha Kale, Namya Saxena, Shivam Pradhan, Kimti Anand, Paras Raj Gandhi",India,TV-14,96,"Dramas, Independent Movies, International Movies","Struck by the lack of clean resources for menstruating women in his village, a jobless loafer braves social stigmas to create low-cost sanitary napkins."
81217438,Union Leader,Sanjay Patel,"Rahul Bhat, Tillotama Shome, Haresh Dagiya, Jayesh More, Tirth Sharma, Vivek Ghamande, Jay Vithlani, Mehul Buch","Canada, India",TV-14,105,"Dramas, Independent Movies, International Movies",Toxic conditions and a corrupt union leader prompt a chemical plant worker and earnest family man to fight for justice for his fellow laborers.
80210716,Born Strong,"Gary Cohen, Ross Hockrow","Eddie Hall, Hafþór Júlíus Björnsson, Brian Shaw, Zydrunas Savickas",United States,TV-MA,86,"Documentaries, Sports Movies",Four 400-pound giants fight for the crown at the Arnold Strongman Classic and offer a glimpse into their lives leading up to the competition.
80168234,Fun Mom Dinner,Alethea Jones,"Katie Aselton, Toni Collette, Bridget Everett, Molly Shannon, Adam Scott, Rob Huebel, Adam Levine, Paul Rust",United States,R,82,"Comedies, International Movies","Four preschool moms with little in common need a night out to take a break from their kids. But one thing leads to another, and things get rowdy."
80184972,Ghost House,Rich Ragsdale,"Scout Taylor-Compton, James Landry Hébert, Mark Boone Junior, Michael S. New, Russell Geoffrey Banks, Rich Lee Gray, Elana Krausz, Kevin Ragsdale, Wen-Chu Yang, Katrina Grey","Thailand, United States",TV-MA,100,Horror Movies,"While visiting the site of a supernatural shrine in the Thai countryside, a vacationing couple unwittingly upsets a vengeful demon."
80218432,You Can Tutu,James Brown,"Lily O'Regan, Jeannettsy Enriquez Borges, Joeley Gibson, Zahra Hassan Malik, Cleo Badcock, Stuart Manning, Ali Bastian, Amanda Holt",United Kingdom,TV-G,87,Children & Family Movies,A gifted young ballet dancer struggles to find her footing in an uptight ballet school that brings her and her family to a brand-new neighborhood.
80194671,The Climb,Ludovic Bernard,"Ahmed Sylla, Alice Belaïdi, Kevin Razy, Nicolas Wanczycki, Waly Dia, Umesh Tamang",France,TV-14,105,"Action & Adventure, Comedies, Dramas",A young Senegalese-French man from humble roots sets out to climb Mount Everest to impress the woman he loves – and slowly becomes a media sensation.
80097519,Avicii: True Stories,Levan Tsikurishvili,Avicii,"Sweden, Netherlands",TV-MA,97,"Documentaries, International Movies, Music & Musicals","Follow the meteoric rise of Tim Bergling, aka Avicii, from Swedish teenager to the creative force behind ""Wake Me Up,"" ""You Make Me"" and other hits."
80141781,Bibi & Tina: Tohuwabohu Total,Detlev Buck,"Lina Larissa Strahl, Lisa-Marie Koroll, Louis Held, Lea van Acken, Emilio Sakraya, Michael Maertens, Martin Seifert",Germany,TV-14,106,"Children & Family Movies, Music & Musicals",Teen witch Bibi and her pal Tina return to the screen to reconcile a runaway girl with her narrow-minded family and save Falkenstein Castle from chaos.
80182473,Mr. Roosevelt,Noël Wells,"Noël Wells, Nick Thune, Britt Lower, Daniella Pineda, Andre Hyland, Armen Weitzman, Sergio Cilli",United States,R,91,"Comedies, Independent Movies","A struggling comedian returns to Austin, Texas, to see her ailing cat and face her messy past – while staying with her ex and his new girlfriend."
80214478,Todd Barry: Spicy Honey,Jay Chapman,Todd Barry,United States,TV-MA,61,Stand-Up Comedy,"With bone-dry wit, stand-up comic Todd Barry dissects texting emergencies, Hitler's taste in wine, pricey soap, cheap pizza and much more."
80182034,Walk with Me,"Marc Francis, Max Pugh","Benedict Cumberbatch, Thich Nhat Hanh",United Kingdom,TV-PG,94,Documentaries,A community of monks in France led by Zen Buddhist master Thich Nhat Hanh offers an intimate glimpse into mindfulness practice and the monastic life.
81000505,Fireworks,"Akiyuki Shinbo, Nobuyuki Takeuchi","Yuki Kaji, Nobuo Tobita, Michiko Neya, Mitsuru Miyamoto, Fumihiko Tachiki, Shintaro Asanuma, Takahiro Sakurai, Kana Hanazawa, Toshiyuki Toyonaga, Suzu Hirose, Shinichiro Miki, Mamoru Miyano, Takako Matsu, Masaki Suda",Japan,TV-PG,91,"Anime Features, Romantic Movies","Middle schooler Nazuna desperately wants to run away with her classmate Norimichi, who somehow turns back time on this fateful summer's day."
81037697,MFKZ,"Shojiro Nishimi, Guillaume Renard","Kenn Michael, Vince Staples, Dino Andrade, Michael Chiklis, Giancarlo Esposito, Jorge Gutierrez, Dascha Polanco, RZA, Danny Trejo, Antonio Alvarez","France, Japan",R,95,"Action & Adventure, Comedies, International Movies",Mysterious goons chase teenage slacker Angelino through chaotic Dark Meat City as he uncovers secret powers that could be the key to saving the world.
80171023,The Little Hours,Jeff Baena,"Alison Brie, Dave Franco, Kate Micucci, Aubrey Plaza, John C. Reilly, Molly Shannon, Fred Armisen, Jemima Kirke, Lauren Weedman, Nick Offerman, Paul Reiser, Adam Pally, Paul Weitz, Jon Gabrus","Canada, United States",R,89,"Comedies, Independent Movies",Life at a convent takes an unruly turn when three unconventionally opinionated nuns cross paths with a tempting new gardener.
80168161,Creep 2,Patrick Brice,"Mark Duplass, Desiree Akhavan, Karan Soni",United States,TV-MA,80,"Horror Movies, Independent Movies, Thrillers","A video artist finds the perfect character for a sensational piece, but the subject of her dreams soon reveals his insidious side."
80119234,Bright,David Ayer,"Will Smith, Joel Edgerton, Noomi Rapace, Lucy Fry, Edgar Ramírez, Ike Barinholtz, Brad William Henke, Enrique Murciano, Happy Anderson, Kenneth Choi, Andrea Navedo, Dawn Olivieri",United States,TV-MA,118,"Action & Adventure, Sci-Fi & Fantasy","In an LA rife with interspecies tensions, a human cop and his orc partner stumble on a powerful object and become embroiled in a prophesied turf war."
81172830,Lost in London,Sunkanmi Adebayo,"Ime Bishop Umoh, Alexx Ekubo, Stanley Chibunna, Ella Betts, Adi Lev, Kemi Olofinmakin",Nigeria,TV-14,86,"Comedies, International Movies","Nigerian students Okon and Bona experience culture shock – several shocks, really – after being selected for an exchange program in London."
80223098,Desire,Diego Kaplan,"Carolina Ardohain, Mónica Antonópulos, Guilherme Winter, Juan Sorini, Andrea Frigerio",Argentina,TV-MA,94,"Dramas, International Movies, Romantic Movies",A young woman arrives at her estranged sister's wedding to mend fences but falls prey to lust when she meets the groom.
80232740,48 Christmas Wishes,"Marco Deufemia, Justin G. Dyck","Khiyla Aynne, Noah Dyer, Maya Franzoi, Clara Kushnir, Madeline Leon, Liam MacDonald, Matt Schichter, Ethan Yang, Adam Crew",Canada,TV-Y7,84,"Children & Family Movies, Comedies","When a small town's letters to Santa accidentally go up in smoke, two elves venture out of the North Pole to retrieve every missing wish."
80206847,Jab Harry Met Sejal,Imtiaz Ali,"Shah Rukh Khan, Anushka Sharma, Aru Krishansh Verma, Chandan Roy Sanyal, Evelyn Sharma, Kavi Shastri, Barbora Mudrochova, Paula Donner, Denis Dorokhov, Martavious Gayles",India,TV-14,142,"Comedies, International Movies, Romantic Movies",A philandering tour guide in Europe begins to develop feelings for one of his clients while helping her search for her lost engagement ring.
80164930,Temple,Michael Barrett,"Logan Huffman, Natalia Warner, Brandon Sklenar, Naoto Takenaka, Asahi Uchida, Mei Kurokawa, Hisashi Miyazawa, Miho Tamaki, Seiki Chiba, Yoshimi Tachi","Japan, United States",TV-MA,78,"Horror Movies, Independent Movies",Three unsuspecting American tourists visit a mysterious mountain shrine in Japan despite uncanny warnings from local inhabitants to stay away.
80205978,Miss Me This Christmas,Kenny Young,"Eva Marcille, Richard Gant, Redaric Williams, Allen Maldonado, Erica Ash, Brely Evans",United States,TV-14,85,Romantic Movies,"With their divorce set to become final on Christmas day, a couple must decide if they're really ready to throw in the towel on their relationship."
80189806,Russell Howard: Recalibrate,Peter Orton,Russell Howard,United Kingdom,TV-MA,69,Stand-Up Comedy,"Self-deprecating comic Russell Howard plows ahead through politics, porn, social media and his own shortcomings. Yet he somehow keeps it positive."
80206057,You Can’t Fight Christmas,Kenny Young,"Brely Evans, Andra Fuller, Persia White, Porscha Coleman, Travis Winfrey, Nathan Davis Jr., Dedrick Bonner, Matthew Jones, Larry Poindexter, Richard Gant, Marla Gibbs",United States,TV-PG,85,"Comedies, Romantic Movies","After stepping in to revitalize his family's hotel, a money-minded businessman clashes with the hotel's cheery, Christmas-loving decorator."
80218939,The Humanity Bureau,Rob W. King,"Nicolas Cage, Sarah Lind, Hugh Dillon, Jakob Davies, Vicellous Shannon, Kurt Max Runte, Lorne Cardinal, Jett Klyne, David Lovgren",Canada,R,94,"Action & Adventure, Sci-Fi & Fantasy","In a dystopian, near-future United States, a deportation caseworker who has begun to question authority tries to safeguard a woman and her young son."
80175314,Some Freaks,Ian MacAllister-McDonald,"Thomas Mann, Lily Mae Harrington, Ely Henry, Lachlan Buchanan, Marin Ireland, John Thorsen, Stephen Thorne, Shannon Hartman",United States,TV-MA,97,"Dramas, Romantic Movies","A one-eyed boy and plus-sized girl form a deep connection. But following a brief separation, they reunite as different people."
80145625,God of War,Gordon Chan,"Vincent Zhao, Sammo Kam-Bo Hung, Regina Wan, Yasuaki Kurata, Keisuke Koide, Timmy Hung, Michael Tong","China, Hong Kong",NR,129,"Action & Adventure, International Movies",A maverick leader and a clever young general take on Japanese pirates amid bureaucratic intrigue in Ming Dynasty China.
81213153,Hope: One in a Billion,Brodje Wemboendja,Gift Ngoepe,"United States, South Africa",TV-14,81,"Documentaries, International Movies, Sports Movies","The remarkable true story of Gift Ngoepe, the first African to play for Major League Baseball, is recounted in this inspiring documentary."
81213148,Isoken,Jadesola Osiberu,"Dakore Akande, Joseph Benjamin, Marc Rhys, Funke Akindele, Lydia Forson, Damilola Adegbite, Tina Mba, Patrick Doyle",Nigeria,TV-14,98,"Comedies, International Movies, Romantic Movies","Single at 34, Isoken is maneuvered by her mother toward a relationship with a black entrepreneur but finds herself drawn to a white photojournalist."
81213149,Potato Potahto,Shirley Frimpong-Manso,"O.C. Ukeje, Joselyn Dumas, Joke Silva, Blossom Chukwujekwu, Kemi Lala Akindoju, Chris Attoh, Nikki Samonas, Adjetey Anang, Victoria Micheals",Ghana,TV-MA,104,"Comedies, Dramas, International Movies",A divorced couple decides to continue sharing a home but their already-delicate cohabiting scheme unravels when they begin dating other people.
81036745,Kita Kita,Sigrid Andrea Bernardo,"Alessandra de Rossi, Empoy Marquez",Philippines,TV-PG,84,"International Movies, Romantic Movies","When a tour guide in Japan goes blind after seeing her fiancé’s infidelity, she befriends a fellow Filipino keen to coax her out of the darkness."
80177441,Christmas Inheritance,Ernie Barbarash,"Eliza Taylor, Jake Lacy, Andie MacDowell, Michael Xavier, Neil Crone, Anthony Sherwood, Joanna Douglas, Martin Roach",United States,TV-PG,105,"Dramas, International Movies, Romantic Movies","To inherit her father's company, socialite Ellen must first visit his small hometown, where she learns the value of hard work and helping others."
80210182,Discovering Bigfoot,Todd Standing,Todd Standing,United States,TV-MA,111,Documentaries,"Follow Todd Standing, Dr. Jeff Meldrum and other researchers into the wilderness, where they try to capture definitive proof of Sasquatch's existence."
80218784,Mantostaan,Rahat Kazmi,"Raghuvir Yadav, Veerendra Saxena, Sonal Sehgal, Aaditya Pratap Singh, Rahat Kazmi, Raina Bassnet, Sakshi Bhat",India,TV-MA,75,"Dramas, Independent Movies, International Movies",Four stories by writer Sadaat Hasan Manto culminate in a single gruesome drama that's set during the partitioning of the Indian subcontinent.
80218783,Mantra,Nicholas Kharkongor,"Rajat Kapoor, Lushin Dubey, Kalki Koechlin, Shiv Pandit, Adil Hussain, Rohan Joshi, Yuri Suri, Maya Krishna Rao",India,TV-14,89,"Dramas, Independent Movies, International Movies",An Indian business owner struggles to keep his company afloat amid global competition while trying to make up for lost time with his family.
80223049,Muramba,Varun Narvekar,"Mithila Palkar, Amey Wagh, Sachin Khedekar, Chinmayi Sumit",India,TV-14,128,"Comedies, Dramas, International Movies",A young man and his parents ponder the reasons behind the recent breakdown of a relationship he was in – and the possibility of reconciliation.
80217545,Pottersville,Seth Henrikson,"Michael Shannon, Judy Greer, Thomas Lennon, Ron Perlman, Christina Hendricks, Ian McShane",United States,PG-13,86,"Comedies, Independent Movies","A man's drunken romp in a gorilla suit gets him mistaken for Bigfoot, drawing media attention and tourist dollars to his struggling small town."
80216662,Under an Arctic Sky,Chris Burkard,"Chris Burkard, Sam Hammer, Heidar Logi, Elli Thor Magnusson, Ingo Olsen, Timmy Reyes, Justin Quintal, Steve Hawk, Sigurdur Jonsson, Mark Renneker",United States,TV-14,40,"Action & Adventure, Documentaries, Sports Movies","Six fearless surfers travel to the north coast of Iceland to ride waves unlike anything they've ever experienced, captured with high-tech cameras."
81172757,My Wife and I,Bunmi Ajakaiye,"Ramsey Nouah, Omoni Oboli, Dorcas Shola Fapson, Sambasa Nzeribe, Jemima Osunde, Dozie Onyiriuka, Rotimi Adelagan, Seyilaw",Nigeria,TV-MA,100,"Comedies, International Movies, Romantic Movies","When a couple leaning toward divorce meets with a pastor for counseling, an unexpected development shakes up their marriage."
80158871,Judd Apatow: The Return,Marcus Raboy,Judd Apatow,United States,TV-MA,70,Stand-Up Comedy,"Judd Apatow returns to stand-up comedy after 25 years, riffing on living with three women, amusing moments from his career and much more."
80191835,Viceroy's House,Gurinder Chadha,"Hugh Bonneville, Gillian Anderson, Manish Dayal, Huma Qureshi, Michael Gambon, David Hayman, Simon Callow, Denzil Smith, Neeraj Kabi, Tanveer Ghani, Om Puri, Lily Travers","United Kingdom, India, Sweden",NR,106,Dramas,"As viceroy Lord Mountbatten arrives in Delhi to oversee a transfer of power from Britain to India in 1947, war looms between religious factions."
80194612,The Hatred,Michael G. Kehoe,"Sarah Davenport, Andrew Divoff, Gabrielle Bourne, Bayley Corman, Alisha Wainwright, Nina Siemaszko, Shae Smolik, David Naughton, Amanda Wyss, Darby Walker",United States,R,94,Horror Movies,Four young women head to a country house for an idyllic weekend retreat. But what lies in store for them is far from the dreamy getaway they imagined.
81035888,Good and Prosperous,Sameh Abdulaziz,"Ali Rabee, Mohamed Abdel-Rahman, Bayoumi Fouad, Karim Afifi, Dalal Abdel Aziz, Mai Selim, Tara Emad, Mohammed Tharwat, Haifa Wehbe, Ahmed Adel",Egypt,TV-14,101,"Comedies, International Movies","As two jobless brothers search aimlessly for careers worthy of their hard-to-please mother’s praise, they cluelessly tackle countless gigs."
81009829,Susanne Bartsch: On Top,"Anthony Caronna, Alexander Smith",Susanne Bartsch,United States,TV-MA,86,"Documentaries, LGBTQ Movies","Beyond her larger-than-life persona, this documentary reveals the woman behind the famed event planner, and her legacy as a cultural icon and activist."
80182479,Jindua,Navaniat Singh,"Jimmy Shergill, Sargun Mehta, Neeru Bajwa, Bhavkhandan Singh Rakhra, Arkie Kandola, Nina Rehill, Rajiv Thakur, Harjap Singh Bhangal, Balinder Johal, Carolyn Bridget Kennedy, Sonia Dhillon, Jimmy Sheirgill",India,TV-14,135,"Dramas, International Movies, Romantic Movies",An Indian man in Canada marries a local citizen to legalize his immigration status. The only problem? His girlfriend isn't thrilled about his new wife.
81217741,Mahi NRI,Gaurav Bavdankar,"Harrdy Sandhu, Poppy Jabbal, Rameet Kaur, B.N. Sharma, Navneet Nishan, Gurpreet Guggi, Anjum Batra, Ranjan Sehgal",United Kingdom,TV-14,134,"Comedies, Dramas, International Movies","A Punjabi man attempts to build a life in London in hopes of impressing his girlfriend’s mother, who insists her daughter marry a man outside of India."
80191294,Sweet Virginia,Jamie M. Dagg,"Jon Bernthal, Christopher Abbott, Imogen Poots, Rosemarie DeWitt, Odessa Young, Joseph Lyle Taylor, Jonathan Tucker, Garry Chalk, Jared Abrahamson, Gabrielle Rose","United States, Canada",R,93,"Dramas, Independent Movies, Thrillers","In a remote Alaskan town reeling from a sudden triple murder, a former rodeo champ befriends a lone newcomer with a violent occupation."
80208793,The Tribes of Palos Verdes,"Brendan Malloy, Emmett Malloy","Jennifer Garner, Maika Monroe, Cody Fern, Justin Kirk, Noah Silver, Elisabeth Röhm, Goran Visnjic, Joely Fisher, Milo Gibson, Alex Neustaedter, Stevie Lynn Jones, Thomas Cocquerel, Alicia Silverstone",United States,R,104,"Dramas, Independent Movies, Sports Movies","When a move to an exclusive seaside community sends her mother and twin brother into a downward spiral, teenager Medina finds solace in surfing."
81217742,Thug Life,Mukesh Vohra,"Harish Verma, Jass Bajwa, Rajiv Thakur, Ihana Dhillon, Yograj Singh, Karamjit Anmol, Anita Devgan, Vrajesh Hirjee, Rana Jung Bahadur, Hobby Dhaliwal",India,TV-14,133,"Comedies, Dramas, International Movies",A get-rich-quick scheme goes awry when a group of friends stumbles onto a dangerous conspiracy and wind up getting mistaken for the bad guys.
80187471,Power Paandi,Dhanush,"Rajkiran, Dhanush, Prasanna, Chaya Singh, Revathy, Madonna Sebastian, Vidyullekha Raman",India,TV-14,124,"Dramas, International Movies","Retired, restless and constantly butting heads with his son, a former stuntman escapes on a road trip that becomes a journey to find his first love."
80158854,A StoryBots Christmas,"Evan Spiridellis, Jeff Gill","Edward Asner, Judy Greer, Erin Fitzgerald, Fred Tatasciore, Jeff Gill, Gregg Spiridellis, Evan Spiridellis, Jim Meskimen, Nate Theis",United States,TV-Y,26,Movies,"Bo thinks her holiday gift-giving isn't good enough, so she heads north to study under Santa Claus – only to find he's missing."
80203781,Bhouri,Jasbir Bijendra Bhati,"Raghuvir Yadav, Masha Paur, Mohan Joshi, Manoj Joshi, Mukesh Tiwari, Shakti Kapoor, Sitaram Panchal, Kunika Lall",India,TV-14,123,"Dramas, Independent Movies, International Movies",A 23-year-old girl who's married to a man more than twice her age is forced to contend with the predatory nature of a male-dominated society.
80191930,Forbidden Games: The Justin Fashanu Story,"Jon Carey, Adam Darke","Justin Fashanu, John Fashanu",United Kingdom,TV-14,81,"Documentaries, International Movies, LGBTQ Movies","This documentary chronicles the tragic, true story of Justin Fashanu, the first – and only – openly gay man to have played professional soccer."
80173001,Monster Island,Leopoldo Aguilar,"Joey Camen, Fiona Hardingham, Johnny Rose, Katie Leigh, Roger L. Jackson, Wally Wingert, Phillip Vasquez","India, Mexico",TV-Y7-FV,81,Children & Family Movies,"When a teenager discovers he's not really human, he ventures out to a remote island to explore his roots and confronts a series of wild challenges."
80171247,My Happy Family,"Nana Ekvtimishvili, Simon Gross","Ia Shugliashvili, Merab Ninidze, Berta Khapava, Tsisia Qumsishvili, Giorgi Khurtsilava, Giorgi Tabidze, Goven Cheishvili, Dimitri Oragvelidze, Mariam Bokeria","Georgia, Germany, France",TV-14,119,"Dramas, Independent Movies, International Movies","A middle-aged wife and mother of two shocks her traditional, multigenerational Georgian household when she announces she's going to live by herself."
80176212,Voyeur,"Myles Kane, Josh Koury",Gay Talese,United States,TV-MA,96,Documentaries,Legendary journalist Gay Talese unmasks a motel owner who spied on his guests for decades. But his bombshell story soon becomes a scandal of its own.
80128691,Black Site Delta,Jesse Gustafson,"Cam Gigandet, Teri Reeves, Michael Dale, Dion Mucciacito, Casey Hendershot, Benjamin Charles Watson, John Brodsky, Arash Mokhtar",United States,TV-MA,88,Action & Adventure,"After discovering that their secret military prison is under attack by terrorists, a ragtag group of inmates does their best to neutralize the enemy."
80203996,Baahubali 2: The Conclusion (Hindi Version),S.S. Rajamouli,"Prabhas, Rana Daggubati, Anushka Shetty, Tamannaah Bhatia, Sathyaraj, Ramya Krishnan, Nassar, Subbaraju",India,TV-MA,165,"Action & Adventure, Dramas, International Movies","To avenge his father's death, a young man leads an army into battle against a cruel tyrant in this Hindi conclusion to the historic saga."
80203998,Baahubali 2: The Conclusion (Malayalam Version),S.S. Rajamouli,"Prabhas, Rana Daggubati, Anushka Shetty, Tamannaah Bhatia, Sathyaraj, Ramya Krishnan, Nassar, Subbaraju",India,TV-MA,166,"Action & Adventure, Dramas, International Movies","To avenge his father's death, a young man leads an army into battle against a cruel tyrant in this Malayalam conclusion to the historic saga."
80203997,Baahubali 2: The Conclusion (Tamil Version),S.S. Rajamouli,"Prabhas, Rana Daggubati, Anushka Shetty, Tamannaah Bhatia, Sathyaraj, Ramya Krishnan, Nassar, Subbaraju",India,TV-MA,166,"Action & Adventure, Dramas, International Movies","To avenge his father's death, a young man leads an army into battle against a cruel tyrant in this Tamil conclusion to the historic saga."
81035835,Detention Letter,Mohamed Samy,"Mohamed Ramadan, Dina El-Sherbiny, Eyad Nassar, Sayed Rajab, Walid Fawaz, Eman El-Assy",Egypt,TV-14,99,"Action & Adventure, International Movies",A man begins to regret his choices when his brother decides to join him as a member of the same terrorist organization.
80208295,No One Will Ever Know,Jesús Torres Torres,"Adriana Paz, Jorge A. Jiménez, David Medel, Arcelia Ramírez, Luciano Marti, Joanna Larequi, Claudia Santiago, Paul Choza, Gabriel Casanova, Alisson Santiago, Manuel Ojeda, Ofelia Medina, Silvia Pasquel",Mexico,TV-MA,102,"Dramas, International Movies",A mother and young son escape into their own imaginations to ignore the reality of their lives in rural Mexico.
80124724,Alan Saldaña: Mi vida de pobre,"Raúl Campos, Jan Suter",Alan Saldaña,Mexico,TV-MA,54,Stand-Up Comedy,Mexican comic Alan Saldaña has fun with everything from the pressure of sitting in an exit row to maxing out his credit card in this stand-up special.
80168079,Icarus,Bryan Fogel,"Bryan Fogel, Grigory Rodchenkov",United States,TV-MA,121,"Documentaries, Sports Movies",An American filmmaker and cyclist unwittingly wades into a global scandal when a Russian scientist leaks shocking details of a vast doping conspiracy.
80155475,Message from the King,Fabrice Du Welz,"Chadwick Boseman, Luke Evans, Teresa Palmer, Alfred Molina, Natalie Martinez, Tom Felton, Dale Dickey, Sibongile Mlambo","United Kingdom, France, Belgium, United States",TV-MA,103,"Independent Movies, Thrillers","On a relentless quest to avenge his sister's murder, a man from Cape Town infiltrates a sprawling network of lowlifes and elites in Los Angeles."
80994162,Misfit,Erwin van den Eshof,"Djamila, Niek Roozen, Bente Fokkens, Jolijn Henneman, Fenna Ramos, Jill Schirnhofer, Donny Roelvink, Défano Holwijn, Luca Gilliot",Netherlands,TV-14,81,"Children & Family Movies, Comedies, International Movies","After living in America for years, a teenage girl moves back to the Netherlands and is quickly singled out as a misfit by the popular clique at school."
80173176,The Invisible Guardian,Fernando González Molina,"Marta Etura, Elvira Mínguez, Francesc Orella, Itziar Aizpuru, Nene, Miquel Fernández, Pedro Casablanc, Colin McFarlane, Benn Northover","Spain, Germany",TV-MA,129,"International Movies, Thrillers","When an FBI-trained cop returns to her Navarre hometown to catch a killer targeting local teens, she must also face personal demons from her past."
80193491,Bring It On: Worldwide Showdown,Robert Adetuyi,"Cristine Prosperi, Jordan Rodrigues, Gia Re, Sophie Vavasseur, Sven Ruygrok, Stephan Lee Benson, Natalie Walsh, Vivica A. Fox",United States,PG-13,95,Comedies,"When cheerleading champs the Rebels are challenged by an edgy new squad, they take on teams from all over the world in a virtual cheer battle."
80184834,Ryan Hamilton: Happy Face,Marcus Raboy,Ryan Hamilton,United States,TV-14,57,Stand-Up Comedy,"Small-town import Ryan Hamilton charms New York with folksy comic observations on big-city life, hot-air ballooning and going to Disney World alone."
80177776,Naam Shabana,Shivam Nair,"Tapsee Pannu, Akshay Kumar, Manoj Bajpayee, Prithviraj Sukumaran, Danny Denzongpa, Anupam Kher, Zakir Hussain, Virendra Saxenda",India,TV-14,141,"Action & Adventure, International Movies","A fiery young woman accepts help from a spy agency to avenge her lover's murder. In return, she must prove herself as one of their top recruits."
81016192,Qarib Qarib Singlle,Tanuja Chandra,"Irrfan Khan, Parvathy, Neha Dhupia, Pushtii Shakti, Luke Kenny, Siddharth Menon, Bajrangbali Singh, Brijendra Kala",India,TV-14,120,"Comedies, International Movies, Romantic Movies","After reluctantly joining a dating app, a 35-year-old widow accompanies an easygoing poet on a trip to visit three of his exes."
81016194,Spyder,A.R. Murugadoss,"Mahesh Babu, Rakul Preet Singh, S.J. Surya, Bharath Srinivasan, Priyadarshi Pullikonda, RJ Balaji",India,TV-14,140,"Action & Adventure, International Movies","When an Intelligence Bureau officer’s phone-tapping day job leads him to a serial killer, he must track down and thwart the murderer’s next steps."
80164392,Berlin Syndrome,Cate Shortland,"Matthias Habich, Max Riemelt, Teresa Palmer, Lucie Aron, Emma Bading",Australia,R,116,"International Movies, Thrillers",What starts as a passionate one-night stand quickly turns sinister when Clare learns she's locked inside Andi's apartment with no way out.
80122759,Death Note,Adam Wingard,"Willem Dafoe, Nat Wolff, Lakeith Stanfield, Margaret Qualley, Shea Whigham, Paul Nakauchi, Jason Liles",United States,TV-MA,100,"Horror Movies, Thrillers","Light Turner finds a supernatural notebook and uses it to mete out death, attracting the attention of a detective, a demon and a girl in his class."
80224150,The Lodgers,Brian O'Malley,"Charlotte Vega, Bill Milner, David Bradley, Eugene Simon, Moe Dunford, Deirdre O'Kane, Roisin Murphy, Anthony Murphy, Brendan O'Rourke, Emmett Kelly",Ireland,R,93,"Horror Movies, International Movies","Twin siblings live under a curse in their ancestral home, but one of them is tempted to defy house rules, angering the spirits keeping them hostage."
80128689,Feel Rich,Peter Spirer,"Quincy Jones, Common, Russell Simmons, Fat Joe, Paul Wall, Quincy Jones III",United States,TV-MA,70,Documentaries,"Talking squarely to the hip-hop generation, musicians, athletes and others outline the benefits of exercise, a healthy diet and spiritual wellness."
80185322,Lynne Koplitz: Hormonal Beast,Marcus Raboy,Lynne Koplitz,United States,TV-MA,51,Stand-Up Comedy,"Unabashed comedian Lynne Koplitz offers a woman's take on being crazy, the benefits of childlessness and the three things all men really want."
81016193,Bareilly Ki Barfi,Ashwiny Iyer Tiwari,"Ayushmann Khurrana, Kriti Sanon, Rajkummar Rao, Pankaj Tripathi, Seema Pahwa, Rohit Chaudhury, Swati Semwal",India,TV-PG,110,"Comedies, Dramas, International Movies","When she falls in love with the author of a novel she adores, bohemian Bitti enlists the help of a local printer to find her new object of affection."
81016196,Mersal,Atlee Kumar,"Joseph Vijay, S.J. Surya, Kajal Aggarwal, Samantha Ruth Prabhu, Nithya Menon, Vadivelu, Sathyaraj",India,TV-14,162,"Action & Adventure, Dramas, International Movies","A detective arrests a doctor for crimes targeting medical professionals but later finds the real culprit in a tale of revenge, corruption and magic."
80201175,Mom,Ravi Udyawar,"Sridevi, Akshaye Khanna, Sajal Ali, Nawazuddin Siddiqui, Adnan Siddiqui, Pitobash, Abhimanyu Singh, Vikas Verma",India,TV-MA,139,"Dramas, International Movies, Thrillers","After her stepdaughter is sexually assaulted at a party, a furious mother sets out to destroy the lives of the four perpetrators who walked away free."
80199962,Toilet: Ek Prem Katha,Shree Narayan Singh,"Akshay Kumar, Bhumi Pednekar, Divyendu Sharma, Atul Srivastava, Anupam Kher, Ayesha Raza Mishra, Mukesh S Bhatt, Shubha Khote, Sudhir Pandey",India,TV-14,145,"Comedies, Dramas, International Movies","On her first day of marriage, a woman leaves her husband upon learning his home lacks a toilet, sparking a quixotic quest to acquire modern sanitation."
80146805,What Happened to Monday,Tommy Wirkola,"Noomi Rapace, Willem Dafoe, Glenn Close, Marwan Kenzari, Christian Rubeck, Pål Sverre Hagen, Tomiwa Edun, Cassie Clare, Cameron Jack, Clara Read, Robert Wagner","United Kingdom, France, Belgium",TV-MA,124,"Action & Adventure, Sci-Fi & Fantasy","In a future with a strict one-child policy, six septuplets must avoid government detection while searching for their missing sister."
80087352,Same Kind of Different as Me,Michael Carney,"Greg Kinnear, Renée Zellweger, Djimon Hounsou, Jon Voight, Olivia Holt",United States,PG-13,119,"Dramas, Faith & Spirituality",A wealthy couple whose marriage is on the rocks befriends a local homeless man who changes their perspectives in this inspiring true story.
80173606,The Motive,Manuel Martín Cuenca,"Javier Gutiérrez, María León, Adelfa Calvo, Adriana Paz, Tenoch Huerta, Rafael Téllez, Antonio de la Torre","Spain, Mexico",TV-MA,114,"Comedies, Dramas, International Movies",An aspiring writer with no imagination seeks inspiration for his novel by manipulating the lives of his neighbors so that he can write about them.
80190984,Cop and a Half: New Recruit,Jon Rosenbaum,"Lou Diamond Phillips, Lulu Wilson, Giles Panton, Janet Kidder, Michael Coleman, Wallace Shawn, Gina Holden, Jordyn Ashley Olson, Vincent Tong, Reese Alexander",Canada,PG,96,"Children & Family Movies, Comedies",A world-weary detective is forced to team up with a 12-year-old who thinks she's a cop in order to solve a case that's baffled police.
80199381,Hostiles,Scott Cooper,"Christian Bale, Rosamund Pike, Wes Studi, Jesse Plemons, Timothée Chalamet, Ben Foster, Adam Beach, Rory Cochrane, Peter Mullan, Scott Wilson, Paul Anderson, Jonathan Majors, John Benjamin Hickey, Q'orianka Kilcher, Ryan Bingham",United States,R,134,Dramas,"After a long career battling the Cheyenne, a U.S. Army captain is ordered to safely escort the tribe's most influential chief to his Montana homeland."
80185166,Brad Paisley's Comedy Rodeo,Jay Chapman,"Brad Paisley, Nate Bargatze, John Heffron, Jon Reep, Sarah Tiana, Mike E. Winfield",United States,TV-MA,63,Stand-Up Comedy,"Country music star Brad Paisley hosts a night of music and laughs with comics Nate Bargatze, John Heffron, Jon Reep, Sarah Tiana and Mike E. Winfield."
80039439,The Outcasts,Peter Hutchings,"Victoria Justice, Eden Sher, Ashley Rickards, Claudia Lee, Katie Chang, Peyton List, Jazmyn Richardson, Avan Jogia, Will Peltz",United States,PG-13,94,Comedies,"After failing to strike a truce with their school's queen bee, two misfit best friends lead a nerd uprising that turns social hierarchy on its head."
80188580,Chocolate City: Vegas Strip,Jean-Claude La Marre,"Robert Ri'chard, Darrin Dewitt Henson, Ginuwine, Gilbert Saldivar, Keith Carlos, Michael Bolwaire, Willie Taylor, Michael Jai White, Vivica A. Fox, Mekhi Phifer",United States,TV-MA,90,Dramas,"The exotic dancers from Chocolate City get back together for a trip to Las Vegas and a chance at $500,000 in prize money."
80142058,Naked,Michael Tiddes,"Marlon Wayans, Regina Hall, Dennis Haysbert, Loretta Devine, Eliza Coupe, Scott Foley, J.T. Jackson, Brian McKnight, Cory Hardrict, Neil Brown Jr., David Sheridan, Minka Kelly",United States,TV-14,97,"Comedies, Romantic Movies","Rob's madly in love and about to be married. Unfortunately, he's also naked, stuck in an elevator and caught in a time loop."
80160346,The Saint,Ernie Barbarash,"Adam Rayner, Eliza Dushku, Ian Ogilvy, James Remar, Roger Moore, Enrique Murciano, Thomas Kretschmann, Beatrice Rosen, Greg Grunberg, Yani Gellman",United States,TV-14,92,Action & Adventure,"Master thief Simon Templar – also known as the Saint – is hired by a wealthy banker to find his kidnapped daughter, but not all is as it seems."
80998560,History of Joy,Vishnu Govindhan,"Vishnu Vinay, Vinay Forrt, Saikumar, Joju George, Nobi, Sreekumar, Nandu, Sunil Sukhada",India,TV-14,118,"Dramas, International Movies",The life of a high-flying law student takes a drastic turn when a bout of misfortune changes his status in society for good.
80232892,Invisible,Pablo Giorgelli,"Mora Arenillas, Mara Bestelli, Diego Cremonesi","Argentina, France",TV-MA,87,"Dramas, Independent Movies, International Movies","After learning she's pregnant, a teen grapples with the consequences while trying to go about her life as if nothing has changed."
80998562,Kaaliyan,Jijo Pancode,"Tini Tom, Meghanathan, Balachandran Chullikadu, Shivaji Guruvayoor, Kottayam Purushan, Nithin George, Grace Antony, Shalu",,TV-14,105,"Dramas, International Movies","An aggressive, wayward fisherman abandons his wife and daughters, who grow up to face the consequences of their father's mistakes."
80998563,Kuppivala,Suresh Pillai,"Nandu, Kochu Preman, Jayakrishnan, Mohan Ayroor, M.R. Gopakumar, Shanawas, Adoor Ajayan, Dinesh Panicker",,TV-14,133,"Dramas, International Movies, Romantic Movies",A young woman talented at traditional dance finds her life changed when her love for a man clashes with the wishes of her father.
80998564,Lechmi,B.N. Shajeer Sha,"Parvathy Ratheesh, Biju Sopanam, Sethulekshmi Amma, Molly Angamaly",India,TV-14,147,"Comedies, Horror Movies, International Movies","The spirit of a murdered woman contacts four bachelors, enlisting their help to find her killer."
80993656,Mater,Pablo D'Alo Abba,"Lautaro Perotti, Tamara Kiper, Inda Lavalle, Miriam Odorico, Araceli Dvoskin, Gonzalo Ruiz, Patricio Aranguren, Marina Bellati, Luciana Fuks, Martin Slipak",Argentina,TV-MA,80,"Dramas, Independent Movies, International Movies",A single man in his 30s overwhelmed by his domineering mother meets a lesbian couple willing to go to extreme lengths to have a child.
80998568,Melle,Binu Ulahhannan,"Amith Chakalakkal, Thanuja Karthik, Joy Mathew, Joju George, Krishna Prabha, Ambika Mohan, P. Balachandran, Illikkett Namboothiri",India,TV-PG,110,"Dramas, International Movies, Romantic Movies","After recovering from a tragic experience, a young woman makes a journey to her father's homeland and falls in love with a kind-hearted doctor."
80998565,Minnaminugu the FireFly,Anil Thomas,"Surabhi Lakshmi, Krishnan Balakrishnan, Rebecca Santhosh, Prem Prakash, Archana Padmini",India,TV-PG,128,"Dramas, International Movies","A nameless widow juggles multiple jobs to support her daughter’s decision to study abroad, only to discover that she has other plans."
80998566,Mythily Veendum Varunnu,Sabu Varghese,"Udhay, Kiran Raj, I.M. Vijayan, Sandhanam, Shivani Bhai, Sangeetha Balan",India,TV-14,88,"Horror Movies, International Movies","After losing her father, a young woman moves to the city to earn money. When she finds a job at a mysterious bungalow, her worst nightmares come true."
80998567,Oru Vishsheshapetta Biryani Kissa,Kiran Narayanan,"Nedumudi Venu, V.K. Sriraman, Lena, Sunil Sukhada, Mammukoya, Joju George, Bhagath Baby Manuel, Sasi Kalinga",,TV-14,122,"Comedies, Dramas, International Movies","When the village's biryani cook unexpectedly passes, a widow steps up to the plate and takes on new delectable challenges."
81014824,Rangreza,Amir Mohiuddin,"Urwa Hocane, Bilal Ashraf, Gohar Rasheed, Saleem Mairaj, Ghana Ali, Shahid Naqvi",Pakistan,TV-14,126,"Dramas, International Movies, Music & Musicals","A high-flying rock star and son of a politician falls for a woman from a qawwal family, leading to a love triangle that may consume everyone involved."
81002213,Tikli and Laxmi Bomb,Aditya Kripalani,"Vibhawari Deshpande, Chitrangada Chakraborty, Suchitra Pillai, Upendra Limaye, Divya Unny, Kritika Pande, Mayur More, Kamil Shaikh",India,TV-MA,151,"Dramas, International Movies",Two frustrated sex workers cut out the middlemen from their business affairs and start a cooperative that's run entirely by women.
80195886,Anarkali of Aarah,Avinash Das,"Swara Bhaskar, Sanjay Mishra, Vijay Kumar, Pankaj Tripathi, Mayur More, Ishtiyak Khan",India,TV-MA,111,"Dramas, Independent Movies, International Movies","After being sexually harassed by a drunken politician while performing at a public event, a village dancer plots revenge to clear her name."
80179433,Maz Jobrani: Immigrant,Maz Jobrani,Maz Jobrani,,TV-MA,67,Stand-Up Comedy,"Iranian American comic Maz Jobrani lights up the Kennedy Center with riffs on immigrant life in the Trump era, modern parenting pitfalls and more."
80169549,Incomplete,Suman Mukhopadhyay,"Ritwick Chakraborty, Swastika Mukherjee, Paoli Dam, Bratya Basu, Santu Mukherjee, Dibyendu Bhattacharya, Anindya Bandopadhyay, Poulomi Das, Nigel Akkara, Bhed Sinha",India,TV-MA,119,"Dramas, International Movies, Romantic Movies","A man returns to his childhood hometown, where he meets the happily married woman he once jilted, while his best friend endures a more volatile union."
80208951,24 Hours to Live,Brian Smrz,"Ethan Hawke, Xu Qing, Paul Anderson, Rutger Hauer, Tyrone Keogh, Nathalie Boltt, Liam Cunningham","South Africa, China, United States",R,93,Action & Adventure,"Revived by an experimental procedure, a hit man gets to live an extra 24 hours – which he uses to avenge his dead wife and child and redeem himself."
80134527,Win It All,Joe Swanberg,"Jake Johnson, Aislinn Derbez, Joe Lo Truglio, Keegan-Michael Key, Nicky Excitement",United States,TV-MA,89,"Comedies, Independent Movies, Romantic Movies","After losing $50,000 that wasn't his, gambling addict Eddie starts to rebuild his life. But an unwelcome surprise pushes him toward his old ways."
80222823,Orbiter 9,Hatem Khraiche,"Clara Lago, Alex Gonzalez, Andrés Parra, Belén Rueda","Spain, Colombia",TV-14,95,"Dramas, International Movies, Sci-Fi & Fantasy",A woman who's been alone on a spaceship her whole life becomes enamored with an engineer who suddenly enters her life and upends her universe.
80226962,Sun Dogs,Jennifer Morrison,"Michael Angarano, Melissa Benoist, Xzibit, Allison Janney, Ed O'Neill, J.R. Ramirez, Eric Christian Olsen, Niko Nicotera, Nicholas Massouh, Alexander Wraith, Fernando Chien, Tom Berninger","Mexico, United States",TV-MA,94,"Comedies, Dramas, Independent Movies","Rejected by the Marines but eager to serve his country after 9/11, a simple-minded man performs amateur terrorist surveillance with a young runaway."
80185032,Behind the Curtain: Todrick Hall,Katherine Fairfax Wright,Todrick Hall,United States,TV-MA,100,"Documentaries, LGBTQ Movies, Music & Musicals",Follow singer and YouTube sensation Todrick Hall as he launches an original musical based on growing up gay in Texas and finding showbiz success.
80194610,Monster Family,Holger Tappe,"Celia Imrie, Emily Watson, Catherine Tate, Jason Isaacs, Nick Frost, Jessica Brown Findlay","Germany, United Kingdom",PG,93,Children & Family Movies,A family’s festive Halloween plans take a spooky turn when an evil witch's curse transforms the costumed clan into actual monsters.
80161109,Louis C.K. 2017,Louis C.K.,Louis C.K.,United States,,74,Movies,"Louis C.K. muses on religion, eternal love, giving dogs drugs, email fights, teachers and more in a live performance from Washington, D.C."
81092327,Perfect Bid: The Contestant Who Knew Too Much,C.J. Wallis,Theodore Slauson,Canada,TV-MA,72,Documentaries,"A ""Price Is Right"" superfan brings a bit of scandal to the long-running show by figuring out the answers to the questions before they're asked."
80175333,Running Shaadi,Amit Roy,"Amit Sadh, Tapsee Pannu, Arsh Bajwa, Brijendra Kala, Mahavir Bhullar, Pankaj Jha, Neeta Mohindra",India,TV-14,115,"Comedies, International Movies, Romantic Movies","A Bihari migrant runs a successful service to help couples elope, until the daughter of his former boss stirs the pot."
80198419,The Price of Success,Teddy Lussi-Modeste,"Tahar Rahim, Maïwenn Le Besco, Roschdy Zem, Grégoire Colin, Sultan, Ali Marhyar, Camille Lellouche, Saïda Bekkouche, Meriem Serbah, Salma Lahmer",France,TV-MA,92,"Dramas, International Movies","Struggling to balance family ties and a career, a rising comedian of Parisian banlieue roots learns the true price of fame."
80164904,Ittefaq,Abhay Chopra,"Sidharth Malhotra, Sonakshi Sinha, Akshaye Khanna",India,TV-14,105,"Dramas, International Movies, Thrillers","A homemaker and a writer are prime suspects – and the only witnesses – in a double murder, and it’s up to one detective to uncover the elusive truth."
80128715,Rodney King,Spike Lee,Roger Guenveur Smith,United States,TV-MA,53,Dramas,Roger Guenveur Smith gives voice to the man at the center of the brutal police beating that helped fuel the 1992 LA riots. Spike Lee directs.
80164212,Small Crimes,Evan Katz,"Nikolaj Coster-Waldau, Gary Cole, Molly Parker, Macon Blair, Pat Healy, Jacki Weaver, Robert Forster","Canada, United States",TV-MA,95,"Dramas, Thrillers","After serving a six-year prison sentence, an ex-cop tries to rebuild his life in his hometown, but gets caught up in the fallout from his past."
80162993,Holy Goalie,Curro Velázquez,"Karra Elejalde, Alain Hernández, Juan Manuel Montilla, Joel Bosqued, Macarena García, Tito Valverde, Paco Rueda, Guillermo Furiase, Txema Blasco, Paco Sagarzazu",Spain,TV-14,95,"Comedies, International Movies, Sports Movies",A young priest coaches a team of uncoordinated monks in order to win a soccer tournament and save their monastery from being turned into a hotel.
80164088,Kickboxer: Retaliation,Dimitri Logothetis,"Alain Moussi, Jean-Claude Van Damme, Mike Tyson, Christopher Lambert, Sara Malakul Lane, Hafþór Júlíus Björnsson, Sam Medina, Steven Swadling",United States,TV-MA,110,Action & Adventure,"Sloan's vow to never return to Thailand is cut short when he's kidnapped and taken to a Thai prison, where he's forced to fight a 400-pound brute."
80182411,Bill Nye: Science Guy,"Jason Sussberg, David Alvarado","Bill Nye, Neil deGrasse Tyson, Eugenie Scott, Francis Collins, Ann Druyan",United States,TV-PG,97,Documentaries,"The dynamic, bow-tied host behind the young adult science show faces climate-change skeptics as he demonstrates the importance of scientific evidence."
80133552,Vir Das: Abroad Understanding,Marcus Raboy,Vir Das,United States,TV-MA,66,Stand-Up Comedy,"Comedian Vir Das tackles nationalism, globalism, good food and bad politics in two cleverly crosscut performances in New York and New Delhi."
81014345,Furthest Witness,Adam Del Giudice,"Aaron Stanford, Teri Reeves, Sean Patrick Flanery, Forrest Fyre, Steven Michael Quezada, Paul Blott, Travis Hammer, Ryan Begay, Jermaine Washington, Vincent McDaniel","United States, United Kingdom",TV-MA,88,"Dramas, Thrillers","Kyle helps people disappear, but when a crazed killer starts hunting down his latest client, he has to decide what he's willing to do to keep her safe."
80238655,The Magic Pill,Robert Tate,"Pete Evans, William Davis, Loren Cordain","United States, Australia, South Africa, United Kingdom",TV-PG,90,Documentaries,"Doctors, farmers, chefs and others weigh in on the controversial ketogenic diet and its potential to eradicate common illnesses."
80118916,Sand Castle,Fernando Coimbra,"Nicholas Hoult, Logan Marshall-Green, Henry Cavill, Glen Powell, Neil Brown Jr., Beau Knapp, Sammy Sheik, Gonzalo Menendez",United States,TV-MA,113,"Action & Adventure, Dramas, Independent Movies","After the invasion of Iraq in 2003, a reluctant soldier's platoon is dispatched on a dangerous mission to repair a hostile village's water system."
80146759,Tramps,Adam Leon,"Callum Turner, Grace Van Patten, Michal Vondel, Mike Birbiglia, Margaret Colin, Louis Cancelmi, Rachel Zeiger-Haag, Dane Martinez",United States,TV-MA,83,"Independent Movies, Romantic Movies","Pulled into a shady briefcase swap for different reasons, young strangers Danny and Ellie spend an eventful night together when the deal goes wrong."
80187301,All The Reasons To Forget,Pedro Coutinho,"Johnny Massaro, Bianca Comparato, Regina Braga, Maria Laura Nogueira, Victor Mendes, Thiago Amaral, Rafael Primot, Eduardo Mossri, Rita Batata, Larissa Ferrara",Brazil,TV-MA,90,"Comedies, Dramas, International Movies",A Brazilian man tries a myriad of ways to get over his breakup with his girlfriend but is surprised to learn it's more difficult than he anticipated.
80215782,Chasing the Dragon,"Wong Jing, Jason Kwan","Donnie Yen, Andy Lau, Philip Keung, Kent Cheng, Wilfred Lau, Ken Tong, Yu Kang","Hong Kong, China",TV-MA,129,"Action & Adventure, Dramas, International Movies","In corrupt, British-colonized Hong Kong, a mainland Chinese immigrant rises to the top of the city's drug underworld with the help of a notorious cop."
80172000,American Experience: Ruby Ridge,Barak Goodman,"Dave Hunt, Bo Gritz, Sara Weaver",United States,TV-MA,53,Documentaries,"A botched attempt to arrest a white supremacist in Idaho results in a gun battle, a standoff and three deaths that galvanize public opinion in 1992."
80164465,Bigger Fatter Liar,Ron Oliver,"Ricky Garcia, Jodelle Ferland, Barry Bostwick, Fiona Vroom, Kevin O'Grady, Karen Holness",United States,PG,95,"Children & Family Movies, Comedies","When his video game concept is stolen by a dishonest executive, a teenage chronic liar sets out to prove that he's telling the truth, for once."
80117484,Lucas Brothers: On Drugs,Jay Chapman,"Keith Lucas, Kenny Lucas",United States,TV-MA,50,Stand-Up Comedy,"Deadpan twin comics Keith and Kenny Lucas take the stage in Brooklyn with a set that touches on drugs, race, Deion Sanders, teachers and O.J. Simpson."
80189853,Beyond Skyline,Liam O'Donnell,"Frank Grillo, Bojana Novakovic, Jonny Weston, Callan Mulvey, Antonio Fargas, Yayan Ruhian, Pamelyn Chee, Jacob Vargas, Iko Uwais","United Kingdom, China, Canada, Indonesia, Singapore, United States",R,107,"Action & Adventure, Sci-Fi & Fantasy","In the wake of an extraterrestrial invasion, a suspended L.A. cop teams up with survivors to stop the onslaught and rescue human captives."
80160081,Slam,Andrea Molaioli,"Ludovico Tersigni, Jasmine Trinca, Luca Marinelli, Barbara Ramella, Gianluca Broccatelli, Pietro Ragusa, Fiorenza Tessari",Italy,TV-MA,99,"Comedies, Dramas, International Movies","Teen father-to-be Sam imagines his future as a young parent and finds a surprising mentor while reading about his idol, pro skateboarder Tony Hawk."
80126569,Sandy Wexler,Steven Brill,"Adam Sandler, Jennifer Hudson, Kevin James, Terry Crews, Rob Schneider, Colin Quinn, Nick Swardson, Lamorne Morris, Arsenio Hall, Jamie Gray Hyder",United States,TV-14,131,Comedies,"When a hapless but dedicated talent manager signs his first client who actually has talent, his career finally starts to take off."
80172002,Band Aid,Zoe Lister-Jones,"Zoe Lister-Jones, Adam Pally, Fred Armisen, Susie Essman, Retta, Hannah Simone, Brooklyn Decker, Angelique Cabral, Colin Hanks, Ravi V. Patel, Jamie Chung, Erinn Hayes, Gillian Zinser, Jesse Williams",United States,R,94,"Comedies, Dramas, Independent Movies","A young married couple tries to save their disintegrating relationship by turning their fights into songs, with the help of an oddball neighbor."
80133153,Pickpockets,Peter Webber,"Carlos Bardem, Natalia Reyes, Emiliano Pernia, Duban Prado, Marcela Mar",Colombia,TV-MA,108,"Dramas, Independent Movies, International Movies",Aspiring teen thieves learn what it takes to be successful pickpockets on the streets of Bogotá from a master in the arts of trickery and deception.
80142474,Frat Star,"Grant S. Johnson, Ippsie Jones","Connor Lawrence, Justin Mark, Cathryn Dylan, Chris Elliott, Tyler Weaks, Max Sheldon, Austin Ramsey, Peter O'Connor, Nicole Balsam, Kaitlin Mesh",United States,TV-MA,85,Comedies,A freshman uninterested in joining a fraternity is convinced to pledge by a rich roommate who introduces him to a world darker than he ever dreamed.
80103336,The Bye Bye Man,Stacy Title,"Douglas Smith, Lucien Laviscount, Cressida Bonas, Michael Trucco, Doug Jones, Carrie-Anne Moss, Faye Dunaway, Jenna Kanell, Erica Tremblay, Cleo King","United States, China",PG-13,96,"Horror Movies, Thrillers",Three college students move into an off-campus house and discover they've unwittingly unleashed a supernatural killer known as the Bye Bye Man.
80209751,The Trap,Erik White,"T.I., Mike Epps, Loretta Devine, Queen Latifah, Teyana Taylor, Meagan Tandy, Stephen Bishop, Roland Powell, Joel Rush",United States,TV-MA,91,Comedies,A man returns home to Atlanta to try and turn around his family's struggling restaurant with the help of a new chicken recipe.
80202808,A Sort of Family,Diego Lerman,"Bárbara Lennie, Daniel Aráoz, Claudio Tolcachir, Paula Cohen, Yanina Ávila","Argentina, Brazil, France, Poland, Germany, Denmark",TV-14,96,"Dramas, International Movies, Thrillers",An Argentine doctor faces legal and ethical challenges when she travels to the countryside to pick up the infant she has been waiting to adopt.
80226076,Big Time,Kaspar Astrup Schröder,Bjarke Ingels,Denmark,TV-MA,90,Documentaries,"In this documentary, architect Bjarke Ingels offers his vision for 2 World Trade Center as he aims to restore Manhattan's skyline to its former glory."
80190215,Locked Up,Jared Cohn,"Kelly McCart, Katrina Grey, Jared Cohn, Ingkarat Jaraswongkosol, Maythavee Weiss, Anastasia Maslova, Panipak Jaemmangkang, Suebpong Kulsathaporndhai",United States,TV-MA,86,"Action & Adventure, Dramas, Independent Movies","After getting in a fight at her school in Southeast Asia, an American teen is sent to a correctional facility, where she faces hard labor and abuse."
80245519,Mandobasar Galpo,Tathagata Banerjee,"Paoli Dam, Parambrata Chattopadhyay, Indrasish Roy, Koushik Sen, Biswajit Chakraborty",India,TV-14,103,"Dramas, International Movies, Romantic Movies","With the assistance of a psychiatrist, an acclaimed filmmaker struggles to come to terms with a mysterious romantic trauma."
80245518,Rukh,Atanu Mukherjee,"Adarsh Gourav, Manoj Bajpayee, Smita Tambe, Kumud Mishra",India,TV-MA,103,"Dramas, Independent Movies, International Movies","Following the untimely death of his father, a young man begins to reconnect with his family while uncovering some difficult truths."
80100054,Skins,Eduardo Casanova,"Ana Polvorosa, Candela Peña, Macarena Gómez, Carmen Machi, Jon Kortajarena, Secun de la Rosa, Itziar Castro, Antonio Durán 'Morris', Joaquín Climent, Ana María Ayala, Eloi Costa",Spain,TV-MA,78,"Dramas, International Movies","Deformed, disfigured characters must find a way to deal with society shunning their differences in this darkly comic social drama."
80182596,Krish Trish and Baltiboy: Best Friends Forever,"Munjal Shroff, Tilak Shetty","Damandeep Singh Baggan, Smita Malhotra, Deepak Chachra",,TV-Y,65,Children & Family Movies,"A cat, monkey and donkey team up to narrate folktales about friendship from Northeast India, and the Indian regions of Bihar and Rajasthan."
80152447,Cézanne et moi,Daniele Thompson,"Guillaume Canet, Guillaume Gallienne, Alice Pol, Déborah François, Sabine Azéma, Freya Mavor, Isabelle Candelier, Laurent Stocker","Belgium, France",R,114,"Dramas, Independent Movies, International Movies","This historical drama explores the long and often volatile friendship of painter Paul Cézanne and writer Émile Zola, who first met as schoolboys."
81016045,One Day,Banjong Pisanthanakun,"Chantavit Dhanasevi, Nittha Jirayungyurn, Theerapat Sajakul, Prim Bulakul, Kris Srepoomseth, Somyos Matures, Sutthatip Wutichaipradit, Rermthon Kemapech, Kaz Sawamura",Thailand,TV-PG,135,"Dramas, International Movies, Romantic Movies","When his colleague (and crush) temporarily loses her memory, an overlooked geek seizes the chance to make an impression before she remembers again."
80147760,Carrie Pilby,Susan Johnson,"Bel Powley, Nathan Lane, Vanessa Bayer, Gabriel Byrne, Jason Ritter, Colin O'Donoghue, William Moseley, Desmin Borges",United States,TV-14,98,"Comedies, Dramas","A socially awkward 19-year-old genius makes big plans to step out of her shell and make a friend, get a job and – maybe – even go on a date."
81160036,Saawan,Farhan Alam,"Karam Hussain, Arif Bahlim, Najiba Faiz, Saleem Mairaj, Imran Aslam, Daniyal Yousuf, Sohail Malik, Ali Hafiz",Pakistan,TV-14,128,"Dramas, Independent Movies, International Movies","Outcast from society and left to die in the wilderness, a young boy with polio embarks on a journey to connect with his mother. Based on a true story."
81012295,Weeds on Fire,Chi Fat Chan,"Liu Kai Chi, Lam Yiu-sing, Tony Tsz-Tung Wu, Poon Chan-leung, Sun Li Man, Tam Sin Yin, Sham Ka Ki, Wang Simin, Jan Lamb",Hong Kong,TV-14,95,"Dramas, Independent Movies, International Movies","In 1980s Hong Kong, a school principal forms a baseball team with an eclectic crew of local students who soon fight their way to the top of the league."
80173625,Restless Creature: Wendy Whelan,"Linda Saffire, Adam Schlesinger","Peter Martins, Sean Suozzi, Gretchen Smith, Ashley Laracey, Tiler Peck, Damian Woetzel, Albert Evans, Sterling Hyltin, Craig Hall, Peter Boal, Karen Young, Michelle Rodriguez, Jock Soto, Adam Barrett",United States,TV-MA,94,Documentaries,"After 30 years with the New York City Ballet, celebrated dancer Wendy Whelan redefines herself as an artist in a new stage of life."
80166318,Leap!,"Eric Summer, Éric Warin","Bronwen Mantel, Mel Brooks, Maddie Ziegler, Dane DeHaan, Julie Khaner, Elle Fanning, Terrence Scammell, Tamir Kapelian, Carly Rae Jepsen","France, Canada",PG,89,"Children & Family Movies, Comedies","Félicie and Victor, two young friends in 1880s France, escape from an orphanage to pursue their dreams in Paris, the glittering City of Lights."
80108976,USS Indianapolis: Men of Courage,Mario Van Peebles,"Nicolas Cage, Tom Sizemore, Thomas Jane, Matt Lanter, James Remar, Brian Presley, Johnny Wactor, Adam Scott Miller, Cody Walker, Callard Harris",United States,R,130,Action & Adventure,"After becoming stranded in the Philippine Sea during World War II, a tenacious Navy crew faces a dire lack of supplies and a string of shark attacks."
80162144,White Island,Benjamin Turner,"Lyndon Ogbourne, Billy Zane, Billy Boyd, Joel Dommett, Elliot Gleave, Gala Gordon, Darren Day, Owain Arthur, Craig Gazey, Ben Cura",United Kingdom,TV-MA,91,"Comedies, Independent Movies, Thrillers","Returning to Ibiza after several years walking the straight and narrow in London, Connor falls back in with a criminal crowd. It's like he never left."
80106966,Iliza Shlesinger: Confirmed Kills,Bobcat Goldthwait,Iliza Shlesinger,United States,TV-MA,78,Stand-Up Comedy,"The stand-up sensation tackles TV's ""Shark Tank,"" what it means to be a woman and how to deal with the lawless party goblin that lives in us all."
80099204,The Bad Batch,Ana Lily Amirpour,"Suki Waterhouse, Jason Momoa, Keanu Reeves, Jim Carrey, Giovanni Ribisi, Yolonda Ross",United States,R,119,"Dramas, Independent Movies, Thrillers","Banished to a wasteland of undesirables, a young woman struggles to find her feet among a drug-soaked desert society and an enclave of cannibals."
80150502,Mad World,Chun Wong,"Shawn Yue, Eric Tsang, Elaine Jin, Charmaine Fong",Hong Kong,TV-MA,102,"Dramas, International Movies","A stockbroker struggling with bipolar disorder goes to live with his estranged father in a cramped flat, where old resentments bubble to the surface."
80203776,Bitcoin Heist,Ham Tran,"Kate Nhung, Thanh Pham, Petey Majik Nguyen, Suboi, Jayvee Mai The Hiep, Lam Thanh My",Vietnam,TV-14,116,"Action & Adventure, Comedies, International Movies","A unconventional, efficient Interpol special agent goes rogue and assembles a team of thieves to catch a shadowy hacker called ""The Ghost."""
80143797,I Am Not Madame Bovary,Feng Xiaogang,"Fan Bingbing, Guo Tao, Da Peng, Zhang Jiayi, Yu Hewei, Yi Zhao, Zonghan Li, Zhao Lixin, Tian Xiaojie, Yin Yuanzhang, Enhe Feng, Xin Liu, Jiang Yongbo",China,TV-14,139,"Comedies, Dramas, International Movies","To qualify for an apartment reserved for singles, a married couple stages a divorce. But when her husband unexpectedly remarries, Li seeks justice."
80161931,Vincent N Roxxy,Gary Michael Schultz,"Emile Hirsch, Zoë Kravitz, Emory Cohen, Zoey Deutch, Beau Knapp, Jason Mitchell, Scott Mescudi, Jeff Gum, Joey Bicicchi",United States,R,101,"Dramas, Thrillers","In rural Louisiana, a terse loner forges a redemptive bond with a woman he saved from a killer, but a violent past soon catches up with both of them."
80149143,Come and Find Me,Zack Whedon,"Aaron Paul, Annabelle Wallis, Garret Dillahunt, Chris Chalk, Zachary Knighton, Enver Gjokaj, Michael Kopsa, Terry Chen","Canada, United States, United Kingdom",R,112,"Dramas, Thrillers","When his photographer girlfriend vanishes, an L.A. graphic designer starts his own investigation and uncovers a web of deceit, crime and corruption."
80058248,I Am Wrath,Chuck Russell,"John Travolta, Christopher Meloni, Amanda Schull, Sam Trammell, Patrick St. Esprit, Rebecca De Mornay, Asante Jones, Paul Sloan, Luis Da Silva Jr., Jordan Whalen",United States,R,91,"Action & Adventure, Dramas","Hell-bent on avenging his wife's murder, Stanley Hill summons an old partner's help in exposing a cover-up by crooked cops and slimy politicians."
80092885,ARQ,Tony Elliott,"Robbie Amell, Rachael Taylor, Shaun Benson, Gray Powell, Jacob Neayem, Adam Butcher, Tantoo Cardinal","Canada, United States",TV-MA,89,"International Movies, Sci-Fi & Fantasy, Thrillers","Trapped in a lab and stuck in a time loop, a disoriented couple fends off masked raiders while harboring a new energy source that could save humanity."
80108371,Cedric the Entertainer: Live from the Ville,Troy Miller,Cedric the Entertainer,United States,TV-MA,60,Stand-Up Comedy,"Donning his signature suit and fedora, the dapper comic offers a unique spin on getting old, the presidential election and ""Honky Tonk Badonkadonk."""
80227777,Cardboard Gangsters,Mark O'Connor,"John Connors, Fionn Walton, Kierston Wareing, Paul Alwright, Ryan Lincoln, Jimmy Smallhorne, Toni O'Rourke, Fionna Hewitt-Twamley, Stephen Clinch, Ciaran McCabe",Ireland,TV-MA,92,"Dramas, International Movies","A low-level drug dealer decides to move up the ranks of the illegal narcotics trade in Darndale, Dublin, putting him and his gang on a violent path."
80142637,Janaan,Azfar Jafri,"Armeena Rana Khan, Bilal Ashraf, Ali Rehman Khan, Hania Aamir, Usman Mukhtar, Nayyar Ejaz",Pakistan,TV-14,132,"Comedies, Dramas, International Movies","After 11 years in Canada, young Meena returns to her native Pakistan for a family wedding and becomes romantically entangled with an adopted cousin."
80192015,Rumble,R. Ellis Frazier,"Gary Daniels, Luis Gatica, Sissi Fleitas, Eddie J. Fernandez, Fabián López, Justin Nesbitt, Pedro Rodman Rodriguez",Mexico,TV-MA,92,"Action & Adventure, Independent Movies","An ex-MMA champion reduced to fixing fights in Mexico must win one last match to save his girlfriend, who's been kidnapped by the mob."
80088910,Natural Born Pranksters,"Roman Atwood, Ben Pluimer","Roman Atwood, Vitaly Zdorovetskiy, Dennis Roady",United States,R,91,Comedies,"The biggest pranksters on YouTube – VitalyzdTV, Dennis Roady and Roman Atwood – turn Hollywood into ""Prankwood"" with their most over-the-top stunts."
81165770,The CEO,Kunle Afolayan,"Wale Ojo, Jimmy Jean-Louis, Hilda Dokubo, Nico Panagio, Aurélie Eliam, Peter King Nzioki Mwania, Fatym Layachi, Kemi Lala Akindoju, Angélique Kidjo",Nigeria,TV-14,109,"Dramas, International Movies, Thrillers",A group of executives heads to a telecommunications retreat to pick the firm's new CEO until they find themselves in a contest to win – and stay alive.
80162197,Offline - Das leben ist kein bonuslevel,Florian Schnell,"Moritz Jahn, Mala Emde, Ugur Ekeroglu, David Schütter, Hannes Wegener, Yung Ngo, Kida Khodr Ramadan",Germany,TV-MA,89,"Action & Adventure, Comedies, International Movies",Competitive gamer Jan finds his life thrown for a loop when his bitter rival hacks his identity just before a high-stakes tournament.
80160358,Rocco,"Thierry Demaizière, Alban Teurlai",Rocco Siffredi,France,TV-MA,103,"Documentaries, International Movies",Italian porn star Rocco Siffredi is showcased in this documentary that shadows the legendary performer during his final year in front of the camera.
80141891,The Distinguished Citizen,"Gastón Duprat, Mariano Cohn","Oscar Martínez, Dady Brieva, Andrea Frigerio, Nora Navas, Manuel Vicente, Belén Chavanne, Marcelo D'Andrea, Gustavo Garzón","Argentina, Spain",TV-MA,113,"Comedies, Dramas, International Movies","Worried he’s lost his artistic edge, a wealthy expat novelist returns to his backwater hometown in Argentina, where he’s regarded as a local hero."
80183897,The Drowning,Bette Gordon,"Josh Charles, Julia Stiles, Avan Jogia, Tracie Thoms, Leo Fitzpatrick, Mike Houston, Jasper Newell","United States, Hong Kong",TV-MA,99,Thrillers,"Child psychologist Tom Seymour's testimony helped convict a boy of murder. Years later, their paths cross again, raising uncomfortable questions."
80177834,The Guardian Brothers,Gary Wang,"Edward Norton, Dan Fogler, Mike Birbiglia, Bella Thorne, Randall Park, Mel Brooks, Nicole Kidman, Meryl Streep",China,TV-Y7-FV,86,"Children & Family Movies, Comedies","When a Chinese family's soup shop is targeted for sabotage by a competitor, two guardians from the spirit world leave retirement to protect them."
80121855,The Last Shaman,Raz Degan,James Freeman,"United Kingdom, Italy, Israel, Peru, United States",TV-MA,83,"Documentaries, International Movies","In a last-ditch effort to prevent suicide, a clinically depressed young man travels to the Amazon to engage in an ancient hallucinatory ritual."
80190990,Todo Sobre El Asado,"Mariano Cohn, Gastón Duprat",El Negro Álvarez,Argentina,TV-14,86,"Documentaries, International Movies","This quirky examination of Argentina's culture, customs and cuisine slices into the country's traditional barbecue – which is both meal and ritual."
80103426,We Need to Talk,David Serrano,"Hugo Silva, Michelle Jenner, Ernesto Sevilla, Belén Cuesta, Óscar Ladoire, Ilay Kurelovic, Verónica Forqué, Luis Jaspe, Borja Luna, José Luis Marín",Spain,TV-MA,91,"Comedies, International Movies, Romantic Movies","A happy woman's new love is going great, but she needs one thing: divorce papers from her depressed ex. To get them, trickery may be in order."
81016321,Surat Dari Praha,Angga Dwimas Sasongko,"Tio Pakusadewo, Julie Estelle, Widyawati, Rio Dewanto, Chicco Jerikho, Jajang C. Noer, Shafira Umm",Indonesia,TV-14,98,"Dramas, International Movies, Romantic Movies","Hoping to fulfill her deceased mother's final wish, a young woman travels to Prague to deliver an old letter to a mysterious man."
80115464,Russell Peters: Almost Famous,Dave Higby,Russell Peters,United States,TV-MA,73,Stand-Up Comedy,"The comic comes home to Toronto to sound off on cultural quirks, kids' furniture and bathroom visits, reveling in all things ridiculously human."
80041653,The Siege of Jadotville,Richie Smyth,"Jamie Dornan, Guillaume Canet, Emmanuelle Seigner, Jason O'Mara, Mikael Persbrandt, Mark Strong, Michael McElhatton, Danny Sapani, Sam Keeley, Ronan Raftery, Mike Noble, Charlie Kelly, Conor MacNeill, Fionn O'Shea, Conor Quinlan, Jordan Mifsud","Ireland, South Africa",TV-MA,108,"Action & Adventure, Dramas, International Movies","Besieged by overwhelming enemy forces, Irish soldiers on a U.N. peacekeeping mission in Africa valiantly defend their outpost in this true story."
81016318,Emma' (Mother),Riri Riza,"Cut Mini Theo, Christoffer Nelwan, Arman Dewarti, Jajang C. Noer, Indah Permatasari, Dimi Cindyastira, Irmawati Jabbar, Andreuw Parinussa, Fanesa Kayla",Indonesia,TV-PG,74,"Dramas, International Movies","In 1950s Makassar, the life of a devoted mother is upended when another woman enters her husband's life."
81004460,Compulsion,Craig Goodwill,"Analeigh Tipton, Jakob Cedergren, Marta Gastini, Jan Bijvoet, Anita Kravos, Valentin Merlet","United Kingdom, Canada, Italy",TV-MA,84,"Dramas, Thrillers","Lured to a majestic, remote villa by an old lover, an erotic novelist finds herself falling for a mysterious woman and descending into a moral abyss."
80141858,LEGO Jurassic World: The Indominus Escape,Michael D. Black,"A.J. LoCascio, Sendhil Ramamurthy, Fred Tatasciore, Jake Johnson, Lauren Lapkus, Zachary Levi, BD Wong, David Gunning",United States,TV-Y7,25,"Children & Family Movies, Comedies",The scientists of Jurassic World create a captivating and terrifying new creature that loves hot dogs. But what happens when the hot dogs run out?
80145699,The B-Side: Elsa Dorfman's Portrait Photography,Errol Morris,Elsa Dorfman,United States,TV-MA,76,Documentaries,"Filmmaker Errol Morris probes the life, work and studio of his pal Elsa Dorfman, a Polaroid photographer who's shot luminaries and regular folk alike."
80207446,Shorgul,"Jitendra Tiwari, Pranav Singh","Ashutosh Rana, Jimmy Shergill, Suha Gezen, Sanjay Suri, Narendra Jha, Hiten Tejwani, Eijaz Khan, Aniruddha Dave",India,TV-14,122,"Dramas, International Movies",A Hindu boy's feelings for a Muslim girl expose the tensions between their two communities and open the door to chaos and violence.
80092857,Pup Star,Robert Vince,"Makenzie Moss, Jed Rees, David DeLuise, Carla Jimenez, Tom Everett Scott, Diedrich Bader, George Newbern, Bonnie Somerville, John Ratzenberger",Canada,G,92,"Children & Family Movies, Comedies","After a singing pup with big dreams of stardom gets dognapped and escapes with a friend's help, her journey home is a fun, music-filled adventure."
80094648,I Am the Pretty Thing That Lives in the House,Osgood Perkins,"Ruth Wilson, Bob Balaban, Lucy Boynton, Paula Prentiss","Canada, United States",TV-14,89,"Horror Movies, International Movies, Thrillers",A nervous nurse who scares easily finds herself caring for an ailing horror novelist while living in a house with hidden secrets.
80066073,Into the Inferno,Werner Herzog,Werner Herzog,"United Kingdom, Germany, Canada",TV-PG,107,Documentaries,"With stunning views of eruptions and lava flows, Werner Herzog captures the raw power of volcanoes and their ties to indigenous spiritual practices."
80123740,The African Doctor,Julien Rambaldi,"Marc Zinga, Aïssa Maïga, Bayron Lebli, Médina Diarra, Rufus, Jonathan Lambert, Jean-Benoît Ugeux",France,TV-PG,94,"Comedies, Dramas, International Movies","Happily escaping a dictatorship, a Congolese doctor transplants his family to a small French village, where culture shock sets in for everyone."
80123741,They Are Everywhere,Yvan Attal,"Yvan Attal, Benoît Poelvoorde, Charlotte Gainsbourg, Valérie Bonneton, Dany Boon, Grégory Gadebois, Denis Podalydès, François Damiens, Yamée Couture, Freya Mavor, Rivka Michaeli","France, Belgium",TV-MA,110,"Comedies, International Movies","In counseling sessions with his therapist, preoccupied Yvan shares stories of anti-Semitism and what it's like to live as a Jew in modern France."
80123742,West Coast,Benjamin Weill,"Devi Couzigou, Mathis Crusson, Victor Le Blond, Sullivan Loyez, Pierre-François Martin-Laval, Hugo Chalan-Marchio",France,TV-MA,81,"Comedies, Dramas, International Movies",Four small-town French teens who style themselves after American rappers set out to avenge a classroom insult and end up on a mind-blowing adventure.
80095197,7 años,Roger Gual,"Paco León, Juana Acosta, Juan Pablo Raba, Alex Brendemühl, Manuel Morón",Spain,TV-MA,77,"Dramas, International Movies",Loyalties are tested and cruelties revealed when four business partners spend a tense evening debating who will pay for the crime they committed.
80173479,Strange Weather,Katherine Dieckmann,"Holly Hunter, Carrie Coon, Kim Coates, Shane Jacobsen, Andrene Ward-Hammond, Allene Quincy, Glenne Headly",United States,R,91,"Dramas, Independent Movies","A grieving mother takes a road trip with her friend to confront the man who, she believes, stole her late son's business idea to get rich."
80131240,God Knows Where I Am,"Jedd Wider, Todd Wider",Lori Singer,United States,TV-PG,103,Documentaries,"Through diary entries, this documentary follows the life and death of homeless woman Linda Bishop and her struggles with starvation, sanity and God."
80091310,Free Fire,Ben Wheatley,"Sharlto Copley, Armie Hammer, Brie Larson, Cillian Murphy, Jack Reynor, Babou Ceesay, Enzo Cilenti, Sam Riley, Michael Smiley, Noah Taylor, Patrick Bergin, Mark Monero",United Kingdom,R,91,"Action & Adventure, Comedies, Independent Movies",A sketchy arms transaction in a deserted warehouse turns into a free-for-all when the two sides engage in a take-no-prisoners shootout.
80117443,Joe Rogan: Triggered,Anthony Giordano,Joe Rogan,United States,TV-MA,64,Stand-Up Comedy,"Unleashing his inquisitive, intense comedic style, Rogan explores everything from raising kids and Santa Claus to pot gummies and talking to dolphins."
80144152,S Storm,David Lam,"Louis Koo, Julian Cheung, Vic Chou, Ada Choi, Bowie Lam, Dada Chan, Janelle Sing, Lo Hoi-pang","Hong Kong, China",TV-MA,95,"Action & Adventure, International Movies",Anti-corruption investigator William Luk must join forces with detective Lau Po-keung to bring down a crime syndicate involved in sports betting.
81172895,93 Days,Steve Gukas,"Bimbo Akintola, Somkele Iyamah, Danny Glover, Gideon Okeke, Seun Kentebe, Keppy Ekpenyong, Zara Udofia Ejoh, Bimbo Manuel, Patrick Diabuah, Tina Mba, Alastair Mackenzie, Tim Reid",Nigeria,TV-14,121,"Dramas, International Movies, Thrillers",Heroic health workers fight to contain an Ebola outbreak when a patient arrives in Lagos with symptoms of the deadly virus. Based on a true story.
80992769,Dark Crimes,Alexandros Avranas,"Jim Carrey, Marton Csokas, Charlotte Gainsbourg, Agata Kulesza, Kati Outinen, Zbigniew Zamachowski, Danuta Kowalska, Vlad Ivanov, Robert Więckiewicz, Piotr Głowacki","United Kingdom, Poland, United States",R,93,"Dramas, Thrillers",A detective on a cold murder case discovers that a famous writer’s latest novel contains details chillingly similar to the crime he’s investigating.
80201824,A Scandall,Ishaan Trivedi,"Johnny Baweja, Reeth Mazumder, Manav Kaul, Tanvi Vyas, Puru Chibber, Vasundhara Kaul, Aayam Mehta, Niraj Sah",India,TV-MA,108,"International Movies, Thrillers","A film school graduate is interested in making a movie about his girlfriend's uncle, who claims that he can see his long-dead daughter."
80203789,Darra,Parveen Kumar,"Gurpreet Ghuggi, Happy Raikoti, Kartar Cheema, Sardar Sohi, Shavendra Mahal, Karamjit Anmol, Pammi Bai, Nirmal Rishi, Manpreet Saggu",India,TV-14,121,"Dramas, International Movies","After returning from school and getting married, a popular farmer begins to arouse resentment and jealousy among those around him."
80142617,Money,Martin Rosete,"Kellan Lutz, Jess Weixler, Jesse Williams, Jamie Bamber, Lucía Guerrero, Fredric Lehne","United States, Spain",R,84,Thrillers,"Two corporate spies with a $5 million haul for selling secrets are held hostage by a thief, triggering a game of cat and mouse to gain the upper hand."
80201823,One Night Stand,Jasmine D'Souza,"Tanuj Virwani, Sunny Leone, Narendra Jetley, Aamir Ahmed, Kapil Punjabi, Madhurima Banerjee, Ninad Kamat, Geeta Bisht",India,TV-MA,93,"Dramas, International Movies, Music & Musicals",An obsession with a woman with whom he had a one-night stand brings disharmony into a man's life and destroys his peace of mind.
80115858,Sardaarji 2,Rohit Jugraj,"Jaswinder Bhalla, Sonam Bajwa, Diljit Dosanjh, Monica Gill","Australia, India",TV-PG,145,"Action & Adventure, Comedies, International Movies",A simple farmer's life becomes complicated after he resolves to save his village from an economic crisis by traveling to Australia to earn money.
80203790,Teshan,Sukhbir Singh,"Happy Raikoti, Diljott, Prince Kanwaljit Singh, Karamjit Anmol, Harinder Bhullar, Virast Sandhu, Anita Devgan, Simran Sehajpal",India,TV-PG,133,"Comedies, International Movies, Romantic Movies",New beginnings appear to be on the horizon after a simple country boy forms a bond with a sophisticated urban girl with modern ideas.
80201822,Veerappan,Ram Gopal Varma,"Sandeep Bharadwaj, Sachiin Joshi, Lisa Ray, Usha Jadhav, Nissar Khan, Krishna Shrikanth Iyengar",India,TV-14,117,"Action & Adventure, Dramas, International Movies",A police official assembles an elaborate network of spies and undercover operatives to bring down a ruthless bandit with a private army.
80123743,A Mighty Team,Thomas Sorriaux,"Gérard Depardieu, Chantal Lauby, Medi Sadoun, Ilian Bergala, Blanche Gardin, Patrick Timsit, Barbara Cabrita, Jean Dell, Thomas Vandenberghe, Théo Fernandez, Léa Lopez",France,TV-14,97,"Comedies, International Movies, Sports Movies","When a fit of anger leads to a serious injury, a sidelined soccer star returns to his hometown and reluctantly agrees to train the local youth."
80097472,Sky Ladder: The Art of Cai Guo-Qiang,Kevin MacDonald,Cai Guo-Qiang,United States,TV-MA,80,Documentaries,"Known for his spectacular pyrotechnic displays, Chinese artist Cai Guo-Qiang creates his most ambitious project yet in this breathtaking documentary."
80148070,Blessed Benefit,Mahmoud al Massad,"Ahmad Thaher, Maher Khammash, Odai Hijazi, Nadeem Rimawi, Mahmoud al Massad, Nadim Mushahwar","Germany, Jordan, Netherlands",TV-14,83,"Comedies, Dramas, International Movies","After being wrongfully convicted of fraud, an honest man finds that life in prison comes with a measure of freedom that is unavailable outside."
80155812,Clair Obscur,Yesim Ustaoglu,"Funda Eryiğit, Ecem Uzun, Mehmet Kurtulus, Okan Yalabik, Serkan Keskin, Sema Poyraz","Turkey, France, Germany, Poland",TV-MA,102,"Dramas, International Movies","While examining a young woman who has just murdered her husband and mother-in-law, a psychiatrist begins to reflect on her own marriage."
80075476,Mascots,Christopher Guest,"Carrie Aizley, Sarah Baker, Bob Balaban, Ed Begley Jr., Tom Bennett, Maria Blasucci, Jennifer Coolidge, Kerry Godliman, Matt Griesser, Christopher Guest, John Michael Higgins, Michael Hitchcock, Don Lake, Jane Lynch, Christopher Moynihan, Chris O'Dowd, Jim Piddock, Parker Posey, Harry Shearer, Fred Willard, Zach Woods, Susan Yeagley",United States,TV-MA,95,Comedies,"Eager contestants don big heads and furry suits to vie for the title of World's Best Mascot in this offbeat, comic romp from Christopher Guest."
80103282,Barakah Meets Barakah,Mahmoud Sabbagh,"Hisham Fageeh, Fatima Al-Banawi, Sami Hifny, Khairia Nazmi, Abdulmajeed Al-Ruhaidi",Saudi Arabia,TV-14,88,"Comedies, International Movies, Romantic Movies",A laid-back civil servant and wealthy video blogger struggle to make it as a modern couple amid strict Saudi social conventions.
80127559,Justin Timberlake + the Tennessee Kids,Jonathan Demme,Justin Timberlake,United States,TV-PG,90,Music & Musicals,"On the final nights of a world tour, director Jonathan Demme captures what makes the show soar: gifted musicians, deft dancers and a magnetic star."
80147323,اشتباك,Mohamed Diab,"Nelly Karim, Hany Adel, Tarek Abdel Aziz, Ahmed Malek, Ahmed Dash, Husni Sheta, Aly Eltayeb, Amr El Kady, Mohamed Abd El Azim, Gameel Barsoum, Ashraf Hamdy","Egypt, France",TV-14,98,"Dramas, Independent Movies, International Movies","Amid the tumult following Egyptian President Morsi's ouster, demonstrators from divergent backgrounds are brought together inside a police truck."
80137461,25 Kille,Simranjit Singh Hundal,"Guggu Gill, Yograj Singh, Sonia Mann, Jimmy Sharma, Sapna Bassi, Lakha Lakhwinder Singh, Sandeep Kaur Sandy, Sardar Sohi",India,TV-PG,140,"Action & Adventure, Dramas, International Movies","Four brothers learn that they have inherited ancestral land, but must fight to claim it when a greedy feudal lord threatens to take it over."
81024712,Bathinda Express,Deep Joshi,"Deep Joshi, Jasmine Kaur, Mohit Bhaskar, Vijay S. Kumar, Prince Kanwaljit Singh, Tarlochan Singh, Harsh Sethi",India,TV-14,118,"Dramas, International Movies, Sports Movies",An ambitious young athlete endeavors to revive his floundering running career after falling prey to negative influences.
80152182,Lock,Smeep Kang,"Gippy Grewal, Gurpreet Guggi, Smeep Kang, Geeta Basra, Karamjit Anmol, Harpal Singh, Vikram Grover, Priyanka Sharma",India,TV-14,90,"Dramas, International Movies","A disillusioned rickshaw driver in Punjab dreams of moving to Dubai, but his plan to butter up his would-be benefactor goes horribly wrong."
81024704,Motor Mitraan Di,Amitoj Mann,"Gurpreet Guggi, Happy Raikoti, Vikram Singh, Sonia Mann, Yograj Singh, Sardar Sohi, Harsharan Singh, Anita Meet, Prakash Gadhu, Gurmeet Sajan",India,TV-14,117,"Comedies, International Movies","When three brothers unwittingly get entangled in a murder associated with a fraudulent ashram leader, they set out to expose him to society as a fake."
81024711,Needhi Singh,Jaivi Dhanda,"Kulraj Randhawa, Nirmal Rishi, Ashish Duggal, Aman Sutdhar, Dally Daljit, Seema Kaushal, Shubh Ghumman, Karan Tiwana",India,TV-MA,103,"Action & Adventure, Dramas, International Movies","When her friend’s rapist evades punishment from the law, a determined young woman takes revenge into her own hands in this story based on real events."
81025908,Peace Haven,Suman Ghosh,"Soumitra Chatterjee, Paran Banerjee, Arun Mukherjee, Sujan Mukherjee","India, United States",TV-14,73,"Comedies, Dramas, Independent Movies",Complications around the cremation of their deceased friend inspire three septuagenarian friends to build their own mortuary.
80141767,Tiger,Sartaj Singh Pannu,"Sippy Gill, Ihana Dhillon, Yograj Singh, Yashpal Sharma, Deedar GIll, Rahul Jugraj, Virender Nath Lubana, Aneeta",India,TV-MA,130,"Action & Adventure, Dramas, International Movies","Imprisoned for drug smuggling as a child, a young man uses the law he studied while in jail to take revenge on those who wronged him."
81024705,Zindagi Kitni Haseen Hay,Anjum Shahzad,"Feroze Khan, Sajal Ali, Jibrayl Ahmed Rajput, Alyy Khan, Shafqat Cheema, Nayyar Ejaz, Rashid Farooqi",Pakistan,TV-14,126,"Dramas, International Movies, Romantic Movies","Two young parents struggle to keep their marriage afloat and their son protected amidst financial woes, career goals and clashes of ego."
80112370,Barbie Star Light Adventure,"Andrew Tan, Michael Goguen","Erica Lindbeck, Robbie Daymond, Kimberly Woods, Sarah Anne Williams, Michael Chandler, Dwight Schultz, Ben Bledsoe, Jonathan Lipow, Lucien Dodge, Laura Post",United States,TV-Y,79,Children & Family Movies,"A hoverboard-riding princess of the cosmos, Barbie must band together with a team of talented new friends to save the stars from winking out."
80095193,Barbie: Spy Squad,Conrad Helten,"Erica Lindbeck, Stephanie Sheh, Jenny Pellicer, Alyssya Swales, Elizabeth Irving, Brian Dobson, Rebecca Husain, Cathy Weseluck","United States, Canada",TV-Y,75,Children & Family Movies,"A high-tech spy agency transforms Barbie and her best friends into secret agents, using their gymnastics skills to bring down a cunning cat burglar."
80118280,Ghost Patrol,Karen J. Lloyd,"Scott McNeil, Vincent Tong, Travis Turner, Shannon Chan-Kent, Lili Beaudoin",Canada,TV-Y7-FV,47,"Children & Family Movies, Comedies",Two kids and their pet dog (aka the Ghost Patrol) get a call about an old manor and soon find they are investigating their first real haunted house.
80135360,I Am Bolt,"Benjamin Turner, Gabe Turner",Usain Bolt,United Kingdom,PG,107,"Documentaries, Sports Movies","Mixing archival footage with present-day interviews, Olympic champion and global icon Usain Bolt opens up about his athletic legacy."
80150246,Ice Guardians,Brett Harvey,"Dave Brown, Brett Hull, Rob Ray, Jarome Iginla, Wendel Clark, Scott Parker, Dave schultz, Jay Baruchel","Canada, Ireland, United States",TV-MA,108,"Documentaries, International Movies, Sports Movies","This film explores the controversial role of ice hockey ""enforcers,"" as well as the physical and mental price paid by the game's notorious tough guys."
80095089,Monster High: Great Scarrier Reef,William Lau,"Larissa Galagher, Kate Higgins, Debi Derryberry, Salli Saffioti, America Young, Evan Smith, Lyndsy Kail, Rachel Staman, Cherami Leigh, Paula Rhodes, Erin Fitzgerald",United States,TV-Y7,72,Children & Family Movies,"At a Monster High party, Lagoona and pals are sucked into the reef, where she'll have to come to terms with her flaws and confront an old frenemy."
80116741,My Life as a Zucchini,Claude Barras,"Gaspard Schlatter, Sixtine Murat, Paulin Jaccoud, Michel Vuillermoz, Raul Ribera, Estelle Hennard, Elliot Sanchez, Lou Wick, Brigitte Rosset, Natacha Koutchoumov, Monica Budde, Adrien Barazzone, Will Forte, Nick Offerman, Ellen Page, Amy Sedaris","Switzerland, France",PG-13,68,"Comedies, Dramas, International Movies","A 9-year-old boy finds his life upended when he's sent to live in an orphanage in this stop-motion animated tale of loss, friendship and young love."
80162195,The Free Man,Toa Fraser,Jossi Wells,New Zealand,TV-PG,84,"Documentaries, Sports Movies",Olympic freestyle skier Jossi Wells learns the dangerous extreme sport of highlining with help from death-defying daredevils the Flying Frenchies.
80106036,The Lion Woman,Vibeke Idsøe,"Rolf Lassgård, Kjersti Tveterås, Rolf Kristian Larsen, Ole Johan Skjelbred-Knutsen, Karen-Lise Mynster, Ida Ursin-Holm, Lisa Loven Kongsli, Connie Nielsen, Henrik Mestad, Kåre Conradi, Mathilde Thomine Storm","Norway, Germany",TV-PG,118,"Dramas, International Movies",A girl born with a condition that causes abnormal hair growth across her body tries to cope with the challenges of being different.
80112371,Welcome to Monster High: The Origin Story,"Stephen Donnelly, Olly Reid, Jun Falkenstein","Debi Derryberry, Cassandra Morris, Salli Saffioti, Larissa Gallagher, Cristina Milizia, Michael Sorich, Jonquil Goode, Travis Dresden, Evan Smith",United States,TV-Y7,73,Children & Family Movies,Dracula's daughter Draculaura sets out to create a new kind of school where monsters of all kinds can be themselves and have a scary good time.
80208413,Wrong Side Raju,Mikhil Musale,"Pratik Gandhi, Kimberley Louisa McBeath, Asif Basra, Kavi Shastri, Hetal Puniwala, Ragi Jani, Makarand Shukla, Alok Gagdekar, Jayesh More, Siddharth Randeria, Kenneth Desai",India,TV-MA,140,"Dramas, International Movies",The life of a chauffeur and part-time bootlegger takes a turn toward the dramatic when a girl approaches him to buy illicit alcohol.
80128277,Bombshell,Riccardo Pilizzeri,"Ande Cunningham, Mark Mitchinson, Mia Pistorius, Nathalie Boltt, Nathan Lovejoy, Colin Moy, Jay Simon, Coen Falke, Greta Gregory, Byron Coll",,TV-MA,86,Dramas,"In 1985, when a vessel protesting nuclear testing is sunk in New Zealand, local police fight to prove it was a terrorist plot by their French allies."
80098709,Much Ado About Nothing,Alejandro Fernández Almendras,"Agustín Silva, Paulina García, Daniel Alcaíno, Alejandro Goic, Luis Gnecco, Samuel Landea, Dindi Jane, Isabella Costa, Augusto Schuster, Pilar Ronderos","Chile, United States, France",NR,96,"Dramas, Independent Movies, International Movies",Carefree college student Vicente ends up in a desperate fight for freedom when a well-connected friend falsely accuses him of a hit-and-run accident.
80107372,My Little Pony Equestria Girls: Legend of Everfree,Ishi Rudell,"Tara Strong, Rebecca Shoichet, Ashleigh Ball, Andrea Libman, Tabitha St. Germain, Cathy Weseluck, Enid-Raye Adams, Brian Doe, Nicole Oliver","United States, Canada",TV-Y7,73,"Children & Family Movies, Comedies","The Equestria Girls, human teen counterparts to My Little Pony characters, head to Camp Everfree, where they need a little magic to help save summer."
80106138,Riphagen - The Untouchable,Pieter Kuijpers,"Jeroen van Koningsbrugge, Anna Raadsveld, Sigrid ten Napel, Peter Blok, Bob Stoop, Lisa Zweerman, Kay Greidanus, René Kortekaas, Sieger Sloot, Mark Rietman",Netherlands,NR,132,"Dramas, International Movies","This biopic profiles Andries Riphagen, a Dutch criminal who blackmailed Jews in hiding during World War II and was responsible for hundreds of deaths."
80109089,Unchained: The Untold Story of Freestyle Motocross,"Paul Taublieb, Jon Freeman",Josh Brolin,United States,NR,92,"Documentaries, Sports Movies","This adrenaline-rush documentary traces the rise of freestyle motocross, arguably the world's most extreme sport, and spotlights its pioneers."
80148275,My Way,Antongiulio Panizzi,"Silvio Berlusconi, Alan Friedman",Italy,TV-14,101,"Documentaries, International Movies","Former Italian prime minister Silvio Berlusconi opens up about his life, including his sex scandals, corruption trials, and friendship with Putin."
80127886,U Turn,Pawan Kumar,"Roger Narayan, Shraddha Srinath, Dileep Raj, Krishna Hebbale, Ram Manjjonaath, Chethan Dsouza",India,TV-14,121,"International Movies, Thrillers",A reporter must hunt for the truth behind a strange murder after she crosses paths with a young cop and becomes the investigation's prime suspect.
80173002,The Journey Is the Destination,Bronwen Hughes,"Ben Schnetzer, Kelly Macdonald, Sam Hazeldine, Ella Purnell, Maria Bello, Yusra Warsama",United States,R,123,Dramas,Spirited 22-year-old activist and photojournalist Dan Eldon rushes to the frontline of a dangerous relief effort for Somalian refugees in this biopic.
80114460,Minimalism: A Documentary About the Important Things,Matt D'Avella,"Joshua Fields Millburn, Ryan Nicodemus",United States,TV-14,78,Documentaries,People dedicated to rejecting the American ideal that things bring happiness are interviewed in this documentary showing the virtues of less is more.
80117461,"Dana Carvey: Straight White Male, 60",Marcus Raboy,Dana Carvey,United States,TV-MA,64,Stand-Up Comedy,Emmy-winning comedian Dana Carvey blends pitch-perfect takes on big personalities with so-true-it-hurts stories from his life as a dad of millennials.
81227195,Kalushi: The Story of Solomon Mahlangu,Mandla Dube,"Thabo Rametsi, Thabo Malema, Welile Nzuza, Jafta Mamabolo, Louw Venter, Pearl Thusi",South Africa,TV-MA,107,"Dramas, International Movies","The life and times of iconic South African liberation fighter Solomon Mahlangu, who battled the forces of apartheid, come into focus."
80141787,Beauties of the Night,María Jose Cuevas,"Olga Breeskin, Lyn May, Rossy Mendoza, Wanda Seux, Princesa Yamal",Mexico,TV-MA,92,"Documentaries, International Movies","Back in the days of disco, Mexico had its own stars of the night. This documentary casts new light on former queens of the Mexican burlesque scene."
80049871,Michael Che Matters,Oz Rodriguez,Michael Che,United States,TV-MA,61,Stand-Up Comedy,"""SNL"" star Michael Che takes on hot-button topics like inequality, homophobia and gentrification in this stand-up set filmed live in Brooklyn."
80103512,The Girl from the Song,Ibai Abad,"Lewis Rainer, Josephine Berry, Charlotte Atkinson, Charles MacGechan",Spain,TV-MA,101,"Dramas, Independent Movies, International Movies","When an aspiring musician falls for a carefree college student, he follows her to the Nevada desert to declare his love to her and find himself."
80077402,Mercy,Chris Sparling,"James Wolk, Caitlin Fitzgerald, Tom Lipinski, Dan Ziskie, Michael Godere, Michael Donovan, Dion Graham, Constance Barron",United States,TV-MA,88,"Dramas, Thrillers",Two brothers clash with their half-siblings when a visit home to see their dying mother surfaces old secrets and becomes a fight for survival.
80124725,Carlos Ballarta: El amor es de putos,"Jan Suter, Raúl Campos Delgado",Carlos Ballarta,Mexico,TV-MA,67,Stand-Up Comedy,"Carlos Ballarta mocks daily life in Mexico, including public transit, the education system and the corn seller who betrays your confidence."
80108983,Be Somebody,Joshua Caldwell,"Matthew Espinosa, Sarah Jeffery, Allison Paige, Tava Smiley, Caitlin Keats, LaMonica Garrett, Mahaley Patel, Mason McCulley, Liana Ramirez",United States,PG,88,"Comedies, Dramas, Romantic Movies","To escape the stress of fame, teen pop star Jordan goes incognito in a small town, where he forms a special bond with high school art student Emily."
80160987,LEGENDS OF THE HIDDEN TEMPLE,Joe Menendez,"Isabela Moner, Jet Jurgensmeyer, Colin Critchley, Kirk Fogg, Dee Bradley Baker",United States,TV-PG,68,Children & Family Movies,"A trio of siblings gets trapped in a secret temple, where they must navigate a risky obstacle course to make it out. Inspired by the ‘90s game show."
80117534,Colin Quinn: The New York Story,Jerry Seinfeld,Colin Quinn,United States,TV-MA,62,Stand-Up Comedy,"The ""SNL"" veteran performs his off-Broadway show about the history of New York and the people who shape its personality. Directed by Jerry Seinfeld."
80115031,Divines,Houda Benyamina,"Déborah Lukumuena, Jisca Kalvanda, Kévin Mischel, Majdouline Idrissi, Oulaya Amamra, Yasin Houicha","France, Qatar",TV-MA,107,"Dramas, Independent Movies, International Movies",A shrewd teenager and her wisecracking best friend plan to get rich or die trying by following in the footsteps of a flashy female drug dealer.
81028556,Shopkins: Chef Club,Raymond McGrath,"Erika Harlacher, Marieve Herington, David Lodge, Cassandra Morris, Kate Murphy, Abby Trott",United States,TV-Y,45,Movies,"In this first full Shopkins movie, Peppa-Mint is the new Shoppie in town who stirs things up by hosting a team cooking competition."
80136925,A Flying Jatt,Remo D'Souza,"Tiger Shroff, Jacqueline Fernandez, Nathan Jones, Kay Kay Menon, Amrita Singh, Gaurav Pandey, Shraddha Kapoor, Amrita Puri",India,TV-14,142,"Action & Adventure, International Movies, Sci-Fi & Fantasy",A timid man gets unexpected superpowers while trying to save his family's land and a sacred tree from a ruthless tycoon.
80117532,Dieter Nuhr: Nuhr in Berlin,Volker Weicker,Dieter Nuhr,Germany,TV-MA,69,Stand-Up Comedy,"The cerebral and popular German cabaret comic expounds his theories on gender norms, primal instincts and a decidedly gastrointestinal Big Bang."
80147403,Chasing Trane,John Scheinfeld,"Denzel Washington, Bill Clinton, Ravi Coltrane, Common, Benny Golson, Jimmy Heath, Wynton Marsalis, Sonny Rollins, Carlos Santana, Cornel West",United States,TV-PG,99,"Documentaries, Music & Musicals","Featuring interviews, insights and archival footage, this documentary aims to reveal how historical events shaped the music of John Coltrane."
80091658,True Memoirs of an International Assassin,Jeff Wadlow,"Kevin James, Andy Garcia, Zulay Henao, Maurice Compte, Kelen Coleman, Andrew Howard, Rob Riggle, Leonard Earl Howze, Yul Vazquez, Kim Coates, Daniel Zacapa, Ron Rifkin, Jeff Chase",United States,TV-14,98,"Action & Adventure, Comedies","After his publisher markets his crime novel as a memoir, a novice author finds himself forcibly recruited into a deadly political plot in Venezuela."
80134279,Kathleen Madigan: Bothering Jesus,Lorene Machado,Kathleen Madigan,United States,TV-MA,71,Stand-Up Comedy,"The Irish American comic riffs on everything from growing up in Missouri, signing up her parents to be Uber drivers and anything to do with bacon."
81170694,Zoé: Panoramas,"Rodrigo Guardiola, Gabriel Cruz Rivas","Sergio Acosta, Jesús Báez, Ángel Mosqueda, Rodrigo Guardiola, León Larregui",,TV-14,89,"Documentaries, International Movies, Music & Musicals",This introspective rockumentary follows the career triumphs and intimate moments of legendary Mexican band Zoé as they embark on a global tour.
80097390,Morris from America,Chad Hartigan,"Markees Christmas, Craig Robinson, Lina Keller, Carla Juri, Jakub Gierszal, Levin Henning, Eva Loebau","Germany, United States",R,91,"Dramas, Independent Movies, International Movies","When his father moves from the U.S. to Heidelberg, Germany, an African American teenager struggles to find his place and pursue his hip-hop dreams."
80155792,Vaya,Akin Omotoso,"Mncedisi Shabangu, Sihle Xaba, Sibusiso Msimang, Zimkhitha Nyoka, Warren Masemola, Nomonde Mbusi, Azwile Chamane, Harriet Lenabe",South Africa,TV-MA,106,"Dramas, Independent Movies, International Movies","Three youths from rural South Africa set out for Johannesburg, where they're thrust into the seedy underbelly of the city and must fight to survive."
80203778,Beiimaan Love,Rajeev Chaudhari,"Sunny Leone, Rajneesh Duggal, Rajeev Verma, Daniel Weber, Yuvraj Siddharth Singh, Ziesha Nancy",India,TV-MA,115,"Dramas, International Movies, Romantic Movies","After having her heart broken by a man who seduced her at a party, a young, ambitious woman concocts a scheme to get revenge."
80103312,Getaway Plan,Iñaki Dorronsoro,"Alain Hernández, Javier Gutiérrez, Alba Galocha, Itziar Atienza, Luis Tosar, Florin Opritescu, Jaroslaw Bielski, Peter Nikolas",Spain,TV-MA,104,"International Movies, Thrillers",Professional burglar and blowtorch expert Víctor is recruited by the Russian mafia to break into a vault as part of an elaborate bank heist.
80202605,Hajwala: The Missing Engine,"Ali Bin Matar, Ibrahim Bin Mohamed","Yasser Al Jarraf, Haleem Aljabri, Anwar Aljabri, Omar Aljabri, Ali Almarzouqi, Majed Aldheeb, Yousef Almahmodi, Reem Ali",United Arab Emirates,TV-PG,97,"Action & Adventure, Dramas, International Movies",A competitive streetcar racer's obsession with winning drive him to develop a vehicle with an innovative engine that's never been used before.
80203791,Kacche Dhaagey,Buta Singh,"Yograj Singh, Nitu Pandher, Deep Mandian, Shreya Chawla, Jagpal Singh Chahal, Jyoti Sharma, Janak Joshi, Karan Vinayak",India,TV-14,120,"Dramas, International Movies, Romantic Movies","While visiting India for her cousin's wedding, a Canadian girl develops strong feelings for a boy from a lower caste."
80157797,Pettersson and Findus 2,Ali Samadi Ahadi,"Stefan Kurt, Marianne Sägebrecht, Max Herbrechter",Germany,TV-G,82,"Children & Family Movies, Comedies","Christmas is just around the corner, but Pettersson and Findus are worried the snowy weather (and lack of a tree) may keep them from celebrating."
80179288,Undercover Grandpa,Erik Canuel,"James Caan, Jessica Walter, Louis Gossett Jr., Dylan Everett, Paul Sorvino, Kenneth Welsh, Lawrence Dane, Paul Braunstein, Greta Onieogou",Canada,PG-13,94,"Action & Adventure, Children & Family Movies, Comedies","Jake's date with his dream girl takes a turn when she disappears, and Jake's grandpa – a former intelligence officer – sets out to find her."
80203780,Waarrior Savitri,Param Gill,"Niharica Raizada, Rajat Barmecha, Lucy Pinder, Om Puri, Gulshan Grover, Tim Man, Ron Smoorenburg, KaramVeer Chaudhary",India,TV-14,120,"Action & Adventure, International Movies, Sci-Fi & Fantasy","In a modern adaptation of a mythological tale, a devoted wife is willing to do whatever it takes to rescue her husband from the clutches of death."
80097360,Norman Lear: Just Another Version of You,"Heidi Ewing, Rachel Grady","Norman Lear, George Clooney, Bill Moyers, John Amos, Russell Simmons, Louise Lasser, Rob Reiner, Jon Stewart, Amy Poehler",United States,NR,91,Documentaries,"This documentary turns the spotlight on the man behind the iconic ""All in the Family,"" with comments from friends, family and famous collaborators."
80006168,Santa Pac's Merry Berry Day,Moto Sakakibara,"Erin Mathews, Sam Vincent, Andrea Libman, Ashleigh Ball, Ian James Corlett, Brian Drummond, Lee Tockar, Matt Hill, Richard Newman",,TV-Y7,44,Movies,Pac aims to keep Berry Day the happiest day ever by unraveling a curious mystery about his parents and thwarting Betrayus's plan to capture Santa Pac.
80217133,Kaleidoscope,Rupert Jones,"Toby Jones, Anne Reid, Sinead Matthews, Cecilia Noble, Karl Johnson, Frederick Schmidt, Deborah Findlay, Manjinder Virk",United Kingdom,TV-MA,99,Thrillers,A quiet ex-con's tenuous grip on reality starts to slip when his manipulative mother brings out a part of him he hoped to leave behind.
80101493,Ali Wong: Baby Cobra,Jay Karas,Ali Wong,United States,TV-MA,60,Stand-Up Comedy,"Ali Wong's stand up special delves into her sexual adventures, hoarding, the rocky road to pregnancy, and why feminism is terrible."
80063265,The Do-Over,Steven Brill,"Adam Sandler, David Spade, Paula Patton, Kathryn Hahn, Nick Swardson, Catherine Bell, Michael Chiklis, Natasha Leggero, Sean Astin",United States,TV-MA,109,"Action & Adventure, Comedies",The life of a bank manager is turned upside down when a friend from his past manipulates him into faking his own death and taking off on an adventure.
80117765,Detour,Christopher Smith,"Tye Sheridan, Bel Powley, Emory Cohen, Gbenga Akinnagbe, Jared Abrahamson, John Lynch, Stephen Moyer","United Kingdom, South Africa",R,97,Thrillers,"Convinced his stepfather caused the crash that left his mother in a coma, a law student drunkenly agrees to his murder, then can't rescind the deal."
80165083,Arès,Jean-Patrick Benes,"Ola Rapace, Micha Lescot, Thierry Hancisse, Hélène Fillières, Ruth Vega Fernandez, Louis-Do de Lencquesaing, Eva Lallier, Emilie Gavois-Kahn",France,TV-MA,80,"Action & Adventure, International Movies, Sci-Fi & Fantasy",A futuristic France tries to keep its people from despair and rebellion over crippling poverty by engaging them with a violent TV competition show.
80121348,Moonlight,Barry Jenkins,"Trevante Rhodes, André Holland, Janelle Monáe, Ashton Sanders, Jharrel Jerome, Alex Hibbert, Jaden Piner, Naomie Harris, Mahershala Ali",United States,R,111,"Dramas, Independent Movies, LGBTQ Movies","In a crime-infested Miami neighborhood, a gay African-American boy with a drug-addicted mother grows up with the help of a mentoring drug dealer."
80117082,Two Lovers and a Bear,Kim Nguyen,"Dane DeHaan, Tatiana Maslany, Gordon Pinsent, John Ralston",Canada,R,95,"Dramas, Independent Movies, Romantic Movies",A troubled couple living near the North Pole begins a perilous journey south in an attempt to find peace and vanquish ghosts from the past.
80097814,Christine,Antonio Campos,"Rebecca Hall, Michael C. Hall, Tracy Letts, Maria Dizzia, J. Smith-Cameron, Timothy Simons, Kim Shaw, John Cullum, Morgan Spector, Jayson Warner Smith","United Kingdom, United States",R,119,"Dramas, Independent Movies","In a film based on true events, an awkward but ambitious TV reporter struggles to adapt when she's ordered to focus on violent and salacious stories."
80108481,Kyaa Kool Hain Hum 3,Umesh Ghadge,"Tusshar Kapoor, Aftab Shivdasani, Krishna Abhishek, Mandana Karimi, Shakti Kapoor, Darshan Jariwala, Sushmita Mukherjee, Meghna Naidu, Anand Kumar, Claudia Ciesla",India,R,124,"Comedies, International Movies","When an unlikely porn actor falls for a woman outside the industry, he employs his co-stars as a stand-in traditional family to impress her father."
80098287,Lovesong,So Yong Kim,"Jena Malone, Riley Keough, Brooklyn Decker, Amy Seimetz, Ryan Eggold, Rosanna Arquette, Cary Joji Fukunaga, Marshall Chapman, Neal Huff",United States,TV-MA,84,"Dramas, Independent Movies, Romantic Movies","Best friends Sarah and Mindy share an unexpected moment while on a road trip. Years later, the two struggle to reconnect before a wedding."
80157564,The Devil's Mistress,Filip Renc,"Tatiana Pauhofová, Karl Markovics, Gedeon Burkhard, Simona Stasová, Martin Huba, Pavel Kríz, Zdenka Procházková, Anna Fialová, Lenka Vlasáková, Jirí Mádl","Czech Republic, Slovakia",TV-14,110,"Dramas, International Movies","Before the dawn of World War II, an ambitious actress pursues her dreams in Berlin. But her plans derail when she becomes Joseph Goebbels’ mistress."
80178078,The Intent,"Femi Oyeniran, Kalvadour Peterson","Dylan Duffus, Scorcher, Shone Romulus, Jade Asha, Femi Oyeniran, Ashley Chin, Nicky Slimting Walker, Fekky",United Kingdom,TV-MA,99,"Dramas, International Movies, Thrillers","After burgeoning criminal Gunz joins the increasingly violent TIC crew, the gang finds itself dealing with threats from all sides."
80120740,Wild Oats,Andy Tennant,"Shirley MacLaine, Jessica Lange, Billy Connolly, Santiago Segura, Howard Hesseman, Matt Walsh, Jay Hayden, Rebecca Da Costa, Demi Moore","United States, Germany",PG-13,86,Comedies,"When insurance accidentally pays her millions, retired teacher Eva and her pal Maddie head to the Canary Islands for the adventure of their lives."
80161108,The Adventure Club,Geoff Anderson,"Sam Ashe Arnold, Jakob Davies, Dalila Bela, Robin Dunne, Gabrielle Miller, Billy Zane, Josh McDonald, Lorne Cardinal, Kim Coates, Glenn Paradis",Canada,TV-Y7,88,Children & Family Movies,"After finding a peculiar key, three smart and adventurous kids launch a quest to uncover the whereabouts of a coveted archaeological treasure."
80150390,Abhinetri,A. L. Vijay,"Tamannaah Bhatia, Prabhu Deva, Sonu Sood, Sapthagiri, Murli Sharma, R.V. Udhaykumar, Joy Mathew, Hema",India,TV-14,131,"Comedies, International Movies, Sci-Fi & Fantasy","Due to family pressure, a corporate man reluctantly marries a woman from the village, but in their new home, she abruptly assumes a different persona."
80990829,Jewel's Catch One,C. Fitz,Jewel Thais-Williams,United States,NR,84,"Documentaries, LGBTQ Movies","The story of famed L.A. nightclub Catch One and owner Jewel Thais-Williams, who defied all odds and provided a safe space for black LGBT communities."
80990810,Onaatah,Pradip Kurbah,"Sweety Pala, Merlvin Mukhim, Richard Kharpuri, Enshon Lamare, Mary Nonghuloo, Destina Mawrie, Anvil Laloo, Tashneem Lyngdoh",India,TV-14,107,"Dramas, International Movies","Seeking to heal after a traumatic assault, a young woman retreats to a small village by the hills, where she finds hope, love and new purpose."
80245268,Roberto Saviano: Writing Under Police Protection,Pierfrancesco Diliberto,Pierfrancesco Diliberto,Italy,TV-14,45,"Documentaries, International Movies","Italian TV host Pif revisits Roberto Saviano, who's been living under protection since publishing ""Gomorrah,"" his exposé on organized crime in Naples."
80228322,Sometimes,Priyadarshan,"Prakash Raj, Shreya Reddy, Ashok Selvan",India,TV-14,101,"Dramas, International Movies","Seven strangers anxiously waiting for their HIV test results decide to bribe the clinic receptionist to get them early, learning one is positive."
80134149,A Kind of Murder,Andy Goddard,"Patrick Wilson, Jessica Biel, Vincent Kartheiser, Haley Bennett, Eddie Marsan, Jon Osbeck, Radek Lord, Christine Dye",United States,R,96,Thrillers,"Obsessed with an unsolved murder case, a crime novelist stuck in an unhappy marriage fantasizes about killing his wife, who soon turns up dead."
80115133,A Yellow Bird,K. Rajagopal,"Sivakumar Palakrishnan, Huang Lu, Seema Biswas, Udaya Soundari, Nithiyia Rao, Indra Chandran","Singapore, France",NR,111,"Dramas, Independent Movies, International Movies","In Singapore, a homeless ex-convict hoping to reunite with his family forms a bond with a Chinese sex worker while serving as her bodyguard."
80165849,Budhia Singh: Born to Run,Soumendra Padhi,"Manoj Bajpayee, Mayur Mahendra Patole, Tillotama Shome, Shruti Marathe, Chaya Kadam, Gajraj Rao",India,TV-14,95,"Dramas, Independent Movies, International Movies","In this thought-provoking biopic, an idealistic judo trainer adopts a boy from the slums and grooms him into the world's youngest marathon runner."
80103430,Defying the Nazis: The Sharps' War,"Ken Burns, Artemis Joukowsky","Tom Hanks, Marina Goldman",United States,TV-14,79,Documentaries,"This film documents the story of minister Waitstill Sharp and his wife, Martha, who risked everything to save thousands of refugees fleeing the Nazis."
80103372,Don't Think Twice,Mike Birbiglia,"Keegan-Michael Key, Gillian Jacobs, Mike Birbiglia, Kate Micucci, Chris Gethard, Richard Masur, Tami Sagher, Erin Darke",United States,R,92,"Comedies, Dramas, Independent Movies",Six talented but struggling improv comics see a sudden shift in their troupe's dynamic after one of them lands a much-coveted gig on television.
80095094,Harry Benson: Shoot First,"Justin Bare, Matthew Miele",Harry Benson,United States,NR,90,Documentaries,"This film chronicles the career of photographer Harry Benson, who earned global renown with his candid shots of the Beatles and other celebrities."
80156763,He Even Has Your Eyes,Lucien Jean-Baptiste,"Lucien Jean-Baptiste, Aissa Maiga, Zabou Breitman, Vincent Elbaz, Michel Jonasz, Naidra Ayadi, Marie-Philomène Nga, Bass Dhem, Delphine Théodore","France, Belgium",TV-14,95,"Comedies, International Movies","When French-African couple Paul and Sali discover the longed-for baby they are about to adopt is white, family chaos and confrontation ensue."
80156857,In the Shadow of Iris,Jalil Lespert,"Romain Duris, Charlotte Le Bon, Jalil Lespert, Camille Cottin, Adel Bencherif, Sophie Verbeeck, Hélène Barbry","France, Belgium",TV-MA,99,"Dramas, International Movies, Thrillers","The sudden disappearance of a wealthy banker's wife cracks open a dizzying world of secret fetishes, desperate acts and elaborate deceptions."
80097361,Maya Angelou: And Still I Rise,"Bob Hercules, Rita Coburn Whack","Maya Angelou, Cicely Tyson, Common, John Singleton, Alfre Woodard, Oprah Winfrey, Quincy Jones",United States,TV-PG,114,Documentaries,Poet and civil rights activist Maya Angelou is celebrated using her own words set over rare photographs and video illustrating her remarkable life.
80176716,Moh Maya Money,Munish Bhardwaj,"Ranvir Shorey, Neha Dhupia, Devendra Chowhan, Ashwath Bhatt, Vidushi Mehra, Anant Raina",India,TV-MA,109,"Dramas, Independent Movies, International Movies","After investing in a shady deal that quickly falls apart, a morally flexible real estate agent involves his wife in a dangerous recovery plan."
80132961,Mostly Sunny,Dilip Mehta,Sunny Leone,Canada,TV-MA,83,"Documentaries, International Movies","Explore the unconventional career of Sunny Leone, who transitioned from adult film star to Bollywood actress and reality TV star."
80182105,Saeed Mirza: The Leftist Sufi,"Kireet Khurana, Padmakumar Narasimhamurthy",Saeed Akhtar Mirza,India,TV-MA,61,"Documentaries, International Movies",This documentary profiles the celebrated Hindi film director known as much for his embrace of leftist politics and social concerns as lyrical cinema.
80173605,The Next Skin,"Isaki Lacuesta, Isa Campo","Àlex Monner, Emma Suárez, Sergi López, Bruno Todeschini, Igor Szpakowski, Sílvia Bel, Greta Fernández, Mikel Iglesias","Spain, Switzerland",TV-MA,104,"Dramas, International Movies","When a withdrawn, long-missing teenager reappears in a chilly alpine town, his heartbroken family begins to wonder if he's actually who he says he is."
80101903,Mark Gatiss: A Study in Sherlock,Nathan Landeg,"Benedict Cumberbatch, Martin Freeman, Una Stubbs, Rupert Graves, Mark Gatiss, Steven Moffat",,TV-14,29,Movies,"Mark Gatiss, who co-created “Sherlock” and plays Mycroft Holmes, discusses the show with Benedict Cumberbatch, Martin Freeman and others in the cast."
80107737,Peter and the Farm,Tony Stone,Peter Dunning,United States,TV-MA,92,Documentaries,"His hilltop farm in Vermont may be bucolic, but making ends meet is a backbreaking challenge for grizzled, hard-drinking organic farmer Peter Dunning."
80152742,The Young Offenders,Peter Foott,"Alex Murphy, Chris Walley, Hilary Rose, Dominic MacHale, P.J. Gallagher, Shane Casey, Pascal Scott, Michael Sands, Ciaran Bermingham",Ireland,TV-MA,83,"Comedies, International Movies","Never ones to think things through, two Irish teens steal bicycles and set off to the coast to find a bale of cocaine from a smuggler’s capsized ship."
80152842,FirstBorn,Nirpal Bhogal,"Antonia Thomas, Luke Norris, Thea Petrie, Eileen Davies, Jonathan Hyde",United Kingdom,TV-MA,90,"Horror Movies, International Movies",A young couple fights supernatural foes in an attempt to save their daughter from the dark and mysterious forces that follow her every move.
80097423,Covered: Alive in Asia,"Micah Bickham, Galley Molina",Israel Houghton,United States,TV-G,75,"Documentaries, Faith & Spirituality, Music & Musicals","Christian musician Israel Houghton leads his band Israel & New Breed on a tour supporting their newest album of multicultural, hybrid-genre songs."
80180509,Colkatay Columbus,Saurav Palodhi,"Mir Afsar Ali, Gaurav Chakrabarty, Tanusree Chakraborty, Anirban Bhattacharya, Ritabhari Chakraborty, Suchandra Vaaniya, Arijit Dutt",India,TV-14,118,"Comedies, Dramas, Independent Movies","When Christopher Columbus mysteriously appears in modern-day Kolkata, India, two struggling young men look to him for advice on achieving success."
80145255,Officer Downe,Shawn Crahan,"Kim Coates, Tyler Ross, Lauren Vélez, Reno Wilson, Bruno Gunn, Tracy Vilar, Sona Eyambe, Corey Taylor, Meadow Williams",United States,R,91,Action & Adventure,Fallen Los Angeles police officer Terrence Downe finds new life as a secret weapon: a scientifically altered super-cop with unlimited lives.
80105067,Middle School: The Worst Years of My Life,Steve Carr,"Griffin Gluck, Lauren Graham, Rob Riggle, Thomas Barbusca, Andrew Daly, Adam Pally, Retta, Efren Ramirez, Isabela Moner, Alexa Nisenson, Jacob Hopkins","United States, Cambodia",PG,92,"Children & Family Movies, Comedies","At Hills Village Middle School, budding cartoonist Rafe and best pal Leo challenge their uptight principal by breaking every rule in his handbook."
80145533,The Bleeder,Philippe Falardeau,"Liev Schreiber, Elisabeth Moss, Ron Perlman, Naomi Watts, Jim Gaffigan, Michael Rapaport, Pooch Hall, Morgan Spector, Jason Jones",United States,R,98,"Dramas, Sports Movies","Husband. Father. Fighter. Meet Chuck Wepner, the liquor salesman and self-proclaimed real-life inspiration behind Rocky Balboa."
80170767,Wolves,Bart Freundlich,"Michael Shannon, Carla Gugino, Taylor John Smith, Chris Bauer, John Douglas Thompson, Zazie Beetz, Wayne Duvall, Christopher Meyer, Richard Kohnke",United States,R,109,"Dramas, Independent Movies, Sports Movies",A promising high school basketball player has his eye on an Ivy League scholarship. But his father's secret addictions could ruin everything.
80222896,Birdshot,Mikhail Red,"Mary Joy Apostol, Arnold Reyes, Ku Aquino, John Arcilla, Dido Dela Paz, Elora Espano, Ronnie Quizon, Rolando T. Inocencio, Suzette Ranillo, Angelica C. Ferro","Philippines, Qatar",TV-MA,115,"Dramas, International Movies, Thrillers","A sheltered farm girl inadvertently shoots an endangered Philippine eagle, setting off a police investigation that exposes violence and corruption."
80101096,Kung Fu Panda: Secrets of the Scroll,Rodolphe Guenoden,"Jack Black, Dustin Hoffman, Seth Rogen, David Cross, Lucy Liu, Tara Macri, James Hong, Randall Duk Kim",United States,TV-PG,23,"Children & Family Movies, Comedies","When a twist of fate brings five unlikely animals together, they find that combining their unique kung fu styles as a team makes the perfect weapon!"
80126485,The C Word,Meghan O'Hara,Morgan Freeman,United States,TV-14,93,Documentaries,"To solve the mystery of cancer, challenging the status quo is a must. Witness how lifestyle and societal changes may help beat the disease."
80144454,Layla M.,Mijke de Jong,"Nora El Koussour, Ilias Addab, Mohammed Azaay, Esma Abouzahra, Bilal Wahib, Nezha Karim, Ayisha Siddiqi, Aziz Akazim, Hassan Akkouch, Husam Chadat","Netherlands, Belgium, Germany, Jordan",TV-MA,99,"Dramas, International Movies","In response to the repeated bigotry she faces, a Muslim teen in Amsterdam tries to find a sense of belonging in the world of fundamentalist Islam."
80148239,The Rolling Stones: Olé Olé Olé! A Trip Across Latin America,Paul Dugdale,"Mick Jagger, Keith Richards, Ronnie Wood, Charlie Watts",United Kingdom,TV-14,101,"Documentaries, International Movies, Music & Musicals","Follow the Rolling Stones as the iconic group breaks new ground in Latin America, wrapping a 10-city tour as the first-ever rock band to play in Cuba."
80162503,The Super Parental Guardians,Joyce Bernal,"Vice Ganda, Coco Martin, Onyok Pineda, Awra Briguela, Assunta de Rossi, Pepe Herrera, Joem Bascon, Matet De Leon, Kiray Celis, Lassy Marquez, MC Calaquian",Philippines,TV-14,115,"Action & Adventure, Comedies, International Movies","Following his best friend's death, Arci takes charge of her two boisterous children with some help from their gang-affiliated uncle."
80150350,The Third Party,Jason Paul Laxamana,"Sam Milby, Angel Locsin, Zanjoe Marudo, Cherry Pie Picache, Alma Moreno, Matet De Leon, Al Tantay, Beauty Gonzalez, Katrina Michelle Legaspi",Philippines,TV-MA,118,"Comedies, Dramas, International Movies","When aspiring fashion designer Andi reconnects with her ex-boyfriend Max, she's surprised to learn that he's in a relationship with a man."
80160692,The Unmarried Wife,Maryo J. De los Reyes,"Angelica Panganiban, Dingdong Dantes, Paulo Avelino, Maricar Reyes, Denise Laurel, Dimples Romana, Justin Cuyugan, Mart Escudero, Pamu Pamorada, Lei Andre Navarro, Irma Adlawan",Philippines,TV-MA,130,"Dramas, International Movies, Romantic Movies","Tired of her husband's cheating, Anne begins a passionate new relationship – while still wondering if she should give her marriage another chance."
80157890,Vince and Kath and James,Theodore Boborol,"Julia Barretto, Joshua Garcia, Ronnie Alonte, Maris Racal, Ina Raymundo, Shamaine Centenera, Ana Abad-Santos, Jeric Raval, Allan Paule, Manuel Chua",Philippines,TV-PG,115,"International Movies, Romantic Movies","Love can be complicated, especially when Vince agrees to secretly woo Kath via text on behalf of James – while falling for her, too."
80135149,Another Forever,Juan Zapata,"Daniela Escobar, Marlon Moreno, Peter Ketnath, Barbara Scolaro","Brazil, Netherlands, United States, Colombia, Austria, Germany",TV-PG,72,"Dramas, Independent Movies, International Movies","Overtaken by the death of her beloved, a grieving woman decides to take a spontaneous trip to visit her friend and get her life back on track."
80100945,Fire at Sea,Gianfranco Rosi,"Samuele Caruana, Giuseppe Fragapane","Italy, France",TV-14,114,"Documentaries, International Movies","Heartbreak, hope and nostalgia collide in this complex portrait of Lampedusa, a Mediterranean island where thousands of migrants land each year."
80207444,Dear Dad,Tanuj Bhramar,"Arvind Swamy, Himanshu Sharma, Ekavali Khanna, Aman Uppal, Bhavika Bhasin",India,TV-14,83,"Comedies, Dramas, Independent Movies","A father and son bond on an impromptu road trip over deep conversations, unexpected confessions, strange encounters ... and a drunken escapade."
80156212,Wakefield,Robin Swicord,"Bryan Cranston, Jennifer Garner, Jason O'Mara, Beverly D'Angelo, Ian Anthony Dale, Pippa Bennett-Warner, Isaac Leyva, Victoria Bruno, Ellery Sprayberry, Tracey Walter",United States,R,109,Dramas,"An unhappy father and lawyer quits his suburban life and vanishes into the attic above his garage, where he watches his family move on without him."
80092781,Monkey Up,Robert Vince,"Jonathan Mangum, Erin Allin O'Reilly, Kayden Magnuson, Danny Woodburn, Skylar Astin, John Ratzenberger, David Milchard",Canada,PG,83,"Children & Family Movies, Comedies",A talking monkey famous for his TV commercials dreams of breaking into real movies. But first he stumbles upon a brother and sister who need his help.
80132964,Best Worst Thing That Ever Could Have Happened,Lonny Price,"Stephen Sondheim, Harold Prince, Jason Alexander, Mandy Patinkin, Lonny Price",United States,TV-14,97,Documentaries,"The cast and crew of the 1981 Broadway musical ""Merrily We Roll Along"" recall joy and heartbreak during the production of a surefire hit that wasn't."
80117824,Train to Busan,Sang-ho Yeon,"Gong Yoo, Yu-mi Jung, Dong-seok Ma, Soo-an Kim, Woo Shik Choi, Sohee, Eui-sung Kim",South Korea,TV-MA,118,"Action & Adventure, Horror Movies, International Movies","As a zombie outbreak sweeps the country, a dad and his daughter take a harrowing train journey in an attempt to reach the only city that's still safe."
80076467,Jimmy Carr: Funny Business,Sam Wrench,Jimmy Carr,United Kingdom,TV-MA,62,Stand-Up Comedy,British comedian Jimmy Carr unleashes his deadpan delivery and wickedly funny one-liners to a sold-out audience at the UK's Hammersmith Apollo.
80049951,My Beautiful Broken Brain,"Sophie Robinson, Lotje Sodderland","Sophie Robinson, Lotje Sodderland",United Kingdom,TV-14,84,"Documentaries, International Movies","After suffering a stroke at age 34, a woman documents her struggles, setbacks and eventual breakthrough as she relearns to speak, read and write."
80031800,Pee-wee's Big Holiday,John Lee,"Paul Reubens, Joe Manganiello, Jessica Pohly, Alia Shawkat, Stephanie Beatriz, Brad William Henke, Hal Landon Jr., Diane Salinger, Patrick Egan, Tara Buck, Richard Riehle",United States,TV-PG,90,"Children & Family Movies, Comedies, Cult Movies",A chance encounter with a mysterious stranger (Joe Manganiello) points Pee-wee toward his destiny – and his first-ever holiday!
80158577,Pandora,Jung-woo Park,"Nam-gil Kim, Young-ae Kim, Jeong-hee Moon, Joo-hyun Kim, Jin-young Jung, Kyeong-yeong Lee, Shin-il Kang, Dae-Myung Kim, Seung-mok Yoo, Myung-min Kim",South Korea,TV-MA,137,"Dramas, International Movies, Thrillers","When an earthquake hits a Korean village housing a run-down nuclear power plant, a man risks his life to save the country from imminent disaster."
80100260,The Hollow Point,Gonzalo López-Gallego,"Patrick Wilson, Ian McShane, John Leguizamo, Lynn Collins, Jim Belushi, Karli Hall, David H. Stevens, Derek Boone",United States,R,97,Action & Adventure,New straight-arrow sheriff Wallace finds he must join forces with brutal ex-lawman Leland to protect a troubled border town from a cartel hit man.
80192244,In This Corner of the World,Sunao Katabuchi,"Non, Yoshimasa Hosoya, Natsuki Inaba, Minori Omi, Daisuke Ono, Megumi Han, Nanase Iwai, Shigeru Ushiyama, Mayumi Shintani",Japan,PG-13,129,"Anime Features, Children & Family Movies, International Movies","Suzu marries into a family living outside of Hiroshima and quickly settles into her new life, until World War II challenges her ability to survive."
80226021,Jag älskar dig: En skilsmässokomedi,Johan Brisinger,"Björn Kjellman, Christine Meltzer, Rodolfo Corsato, Martina Haag, Sven-Bertil Taube, Anita Wall, Nour El-Refai",Sweden,TV-MA,91,"Comedies, Dramas, International Movies","Tired of her passionless marriage, Marianne wants a separation from her husband, Gustav, who, in response, decides to make a big change of his own."
80147758,Kills on Wheels,Attila Till,"Szabolcs Thuróczy, Zoltán Fenyvesi, Adám Fekete, Dusan Vitanovic, Mónika Balsai, Lidia Danis, Zoltán Mucsi",Hungary,TV-MA,103,"Action & Adventure, Dramas, International Movies","Two young men with disabilities befriend a hitman in a wheelchair and become his helpers, only to wind up in the crosshairs of a Serbian mobster."
80241537,Little Lunch: The Halloween Horror Story,Tim Bartley,"Flynn Curry, Olivia Deeble, Madison Lu, Oisín O'Leary, Faith Seci, Joshua Sitch, Heidi Arena, Wayne Hope",Australia,TV-Y7,23,"Children & Family Movies, Comedies","When the class puts on a Halloween play about a boy who leaves behind his friends for a scary new place, it hits too close to home for one student."
80241616,Little Lunch: The Nightmare Before Graduation,Robyn Butler,"Flynn Curry, Olivia Deeble, Madison Lu, Oisín O'Leary, Faith Seci, Joshua Sitch, Heidi Arena, Wayne Hope",Australia,TV-Y7,25,"Children & Family Movies, Comedies",Mrs. Gonsha's students are excited about the end of primary school – until they discover that a classmate might not move on with them.
80239642,Mango Dreams,John Upchurch,"Ram Gopal Bajaj, Pankaj Tripathi, Sameer Kochhar",United States,TV-14,92,"Dramas, Independent Movies","Concerned that dementia will soon steal his most cherished memories, a Hindu doctor hires a Mulsim rickshaw driver to take him to his childhood home."
80117240,Namour,Heidi Saman,"Karim Saleh, Waleed Zuaiter, Nicole Haddad, Mona Hala, Wedad Abdel Aziz Abdou, Lavrenti Lopes, Jessica Lu, Amin El Gamal, Melina Lizette, Tom Lenk, Terry Walters",United States,NR,80,"Dramas, Independent Movies","Aimless valet driver Steven Bassem can't find the motivation to get a better job, even when his fractious immigrant family starts falling apart."
80098842,Notes on Blindness,"Peter Middleton, James Spinney","Dan Renton Skinner, Simone Kirby",United Kingdom,TV-PG,87,"Documentaries, Dramas, International Movies","Based on the audio diaries of academic and theologian John Hull, this film offers an impressionistic re-creation of his slow descent into blindness."
80145621,Barcelona: A Love Untold,Olivia M. Lamasan,"Kathryn Bernardo, Daniel Padilla, Joshua Garcia, Aiko Melendez, Joey Marquez, Ricky Davao, Maria Isabel Lopez, Ana Capri, Cris Villanueva",Philippines,TV-14,132,"Dramas, International Movies, Romantic Movies","While pursuing a degree in Spain, an architecture student struggling with grief meets a fellow expatriate trying to flee a difficult family life."
80100268,Everything About Her,Joyce Bernal,"Angel Locsin, Xian Lim, Vilma Santos, Michael De Mesa, Nonie Buencamino, Khalil Ramos, Devon Seron, Alexa Ilacad, Nor Domingo, Robert Villar",Philippines,TV-MA,127,"Comedies, Dramas, International Movies",A hard-driving real estate tycoon who becomes ill with cancer hires a medical caretaker who helps her begin to mend fences with her estranged son.
80141173,100 Meters,Marcel Barrena,"Dani Rovira, Karra Elejalde, Alexandra Jiménez, David Verdaguer, Clara Segura, Alba Ribas, Bruno Bergonzini, Ricardo Pereira, Manuela Couto, Marc Balaguer","Portugal, Spain",TV-MA,109,"Dramas, International Movies, Sports Movies","A man who is diagnosed with multiple sclerosis responds by training for an Ironman triathlon, with his cranky father-in-law's help."
80134518,Dedemin Fisi,Meltem Bozoflu,"Onur Buldu, Alper Kul, Erdem Yener, Onur Atilla, Özge Borak, Doğa Rutkay, Meltem Yılmazkaya, İrem Sak",Turkey,TV-14,101,"Comedies, International Movies","When a brain-dead family patriarch is about to be taken off life support, his extended family gathers round and plots to see who'll get his money."
80134398,Kocan Kadar Konus 2: Dirilis,Kıvanç Baruönü,"Ezgi Mola, Murat Yıldırım, Gülenay Kalkan, Nevra Serezli, Eda Ece",Turkey,TV-14,104,"Comedies, International Movies, Romantic Movies","Efsun has found Mr. Right in Sinan, and their relationship is taking a serious turn. But their eccentric families quickly complicate the romance."
80160127,Refugee,"Clementine Malpas, Leslie Knott","Cate Blanchett, Lynsey Addario, Omar Victor Diop, Graciela Iturbide, Martin Schoeller, Tom Stoddart",,TV-PG,24,Documentaries,Five acclaimed photographers travel the world to provide detailed insight into the difficult conditions faced by refugees who dream of a better life.
80156772,The Christmas Project,Michael Buster,"Jacob Buster, Anson Bagley, Grace Hallows, Josh Reid, Cooper Daniel Johnson, Alison Akin Clark, Brian Neal Clark, Evan Clark, Caitlin E.J. Meyer, Gabe White",United States,TV-PG,92,"Children & Family Movies, Comedies",Four brothers prepare for war when they're forced to deliver secret holiday gifts to the school bullies. But they soon learn kindness goes a long way.
80184973,2307: Winter's Dream,Joey Curtis,"Paul Sidhu, Arielle Holmes, Branden Coles, Kelcey Watson, Anne-Solenne Hatte, Brad Potts, Timothy Lee DePriest, Fernando Argosino, Duchess Dukes, Harwood Gordon, Stormi Henley",United States,TV-MA,101,"Action & Adventure, Independent Movies, Sci-Fi & Fantasy","In the frozen tundra of a futuristic Arizona where humans have been forced underground, a soldier hunts the bioengineered leader of a rebellion."
80106947,Laal Rang,Syed Ahmad Afzal,"Randeep Hooda, Piaa Bajpai, Jaihind Kumar, Akshay Oberoi, Rajneesh Duggal, Ashutosh Kaushik, Meenakshi Dixit, Shreya Narayan, Rajendra Sethi",India,TV-14,143,"Dramas, International Movies, Thrillers","Eager for cash, Rajesh joins his friend Shankar's blood-theft operation. As Rajesh's greed grows and the cops close in, Shankar is poised to explode."
80082014,Love Beats Rhymes,RZA,"Azealia Banks, Lucien Laviscount, Jill Scott, Common, Lorraine Toussaint, Hana Mae Lee, Jeremie Harris",United States,R,106,"Dramas, Romantic Movies","After enrolling in a college poetry course, a struggling rapper finds inspiration for her new voice through slam poetry."
80158247,Schubert In Love,Lars Büchel,"Olaf Schubert, Mario Adorf, Marie Leuenberger, Jochen Barkas, Bert Stephan, Martina Hill, Christoph Jungmann, Luise Wolfram, Hildegard Schroedter, Imke Buchel",Germany,TV-14,94,"Comedies, International Movies","The last of his family line, Olaf Schubert doesn't have time for a girlfriend but dutifully searches for one when his father demands offspring."
80238190,Tope: The Bait,Buddhadev Dasgupta,"Sudipto Chattopadhyay, Chandan Roy Sanyal, Kajal Kumari, Ananya Chatterjee, Paoli Dam, Malobika Banerjee, Pawan Kanodia",India,TV-14,87,"Dramas, Independent Movies, International Movies","The tales of an eccentric aristocrat, a tightrope walking nomad and a postman-turned-soothsayer unspool in this visual poem of rural life in India."
80238295,Tu Hai Mera Sunday,Milind Dhaimade,"Barun Sobti, Shahana Goswami, Vishal Malhotra, Avinash Tiwary, Rasika Dugal, Maanvi Gagroo, Nakul Bhalla, Jay Upadhyay",India,TV-14,125,"Comedies, Independent Movies, International Movies","When their Sunday soccer game on the beach is canceled, five friends set out to find another place to play in the noisy, crowded city of Mumbai."
80172471,Koko: The Gorilla Who Talks,Jonathan Taylor,Demetri Goritsas,United Kingdom,TV-G,56,Documentaries,"Witness the incredible, decades-long friendship between Koko the gorilla and Penny Patterson, who taught Koko to communicate via sign language."
80165917,Nila,Selvamani Selvaraj,"Sruthi Hariharan, Vicky R",India,NR,94,"Dramas, International Movies, Romantic Movies","When a cabbie chances upon his childhood sweetheart, he tries to rekindle old feelings but finds that mature love is a more complicated matter."
70155788,Revelations,Vijay Jayapal,"Chetan, Lakshmi Priyaa Chandramouli, Anantharam Karthik, Arpita Banerjee",India,NR,118,"Dramas, International Movies","After four years together, a husband and wife become entangled in secret, sexually charged relationships that threaten to unravel their marriage."
80103424,Tiger,Hernán Belón,"Leonardo Sbaraglia, Eva De Dominici, Erica Banchi, Osmar Nuñez, Claudio Rissi, Erica Farías, Pablo Paoliello, Diego Chavez","Argentina, Italy",TV-MA,98,"Dramas, International Movies, Sports Movies","Aging boxer Ramón regains his vitality when he meets fierce young boxer Deborah, their unbridled passion causing him to forsake everyone around him."
80172469,Vikings Unearthed,Harvey Lilley,Eric Meyers,United States,TV-PG,113,Documentaries,Archaeologist Sarah Parcak follows clues to early Viking explorations and discusses just what these notoriously fierce warriors were really like.
80097530,Blue Mountain State: The Rise of Thadland,Lev L. Spiro,"Alan Ritchson, Darin Brooks, James Cade, Rob Ramsay, Chris Romano, Frankie Shaw, Omari Newton, Ed Marinaro, Dhani Jones, Ed Amatrudo, Jimmy Tatro",United States,R,90,Comedies,"New NFL star Thad buys his old teammates' beloved frat house, renames it Thadland and throws the raunchiest, most debauched party in school history."
80092404,Hot Bot,Michael Polish,"Cynthia Kirchner, Doug Haley, Zack Pearlman, Larry Miller, Danny Masterson, Anthony Anderson, David Shackelford, Donald Faison, Angela Kinsey, Kirby Bliss Blanton, John Robinson",United States,NR,93,Comedies,"Two teenage geeks inadvertently find a lifelike, state-of-the-art sex robot, but must dodge the high-profile owner who lost her in order to keep her."
80159025,Hypersomnia,Gabriel Grieco,"Yamila Saud, Gerardo Romano, Jimena Barón, Vanesa González, Candela Vetrano, Florencia Torrente, Nazareno Casero, Sofía Gala, Gustavo Garzón, Belén Chavanne, Fabiana Cantilo, Peter Lanzani",Argentina,TV-MA,84,"Horror Movies, International Movies, Thrillers",A young actress rehearsing for a play about human trafficking begins to relive terrifying scenes that may be dreams – or an alternate reality.
80079473,Cabin Fever,Travis Zariwny,"Gage Golightly, Matthew Daddario, Samuel Davis, Nadine Crocker, Dustin Ingram, Randy Schulman",United States,R,98,"Horror Movies, Thrillers","As a flesh-eating virus rips its way through a remote woodland cabin, the terrified teens vacationing inside wonder who'll fall victim next."
81035843,Freezer's Campaign,Sameh Abdulaziz,"Bayyumi Fuad, Chico, Hesham Maged, Ahmed Fathy, Nesreen Ameen, Dareen Haddad, Bushra, Samy Maghawry",Egypt,TV-MA,116,"Comedies, International Movies","When climate change makes Egypt freeze over, intelligence officers pose as a film crew on location to seek a device that can eliminate the frost."
80223226,A Silent Voice,Naoko Yamada,"Miyu Irino, Saori Hayami, Aoi Yuki, Kensho Ono, Yuki Kaneko, Yui Ishikawa, Megumi Han, Toshiyuki Toyonaga, Mayu Matsuoka",Japan,TV-14,130,"Anime Features, International Movies",A former class bully reaches out to the deaf girl he'd tormented in grade school. He feels unworthy of redemption but tries to make things right.
80144311,Acapulco La vida va,Alfonso Serrano Maturino,"Patricio Castillo, Sergio Bustamante, Alejandro Suárez, Luz María Jerez, Bob Isaacs, Tere Monroy",Mexico,TV-MA,89,"Comedies, Dramas, International Movies","Three lifelong friends travel to Acapulco ostensibly so one of them can find his lost love, but the real reason behind the trip holds some surprises."
80109145,Headshot,"Timo Tjahjanto, Kimo Stamboel","Iko Uwais, Chelsea Islan, Julie Estelle, Sunny Pang, Very Tri Yulisman, David Hendrawan, Zack Lee, Yayu Unru, Ganindra Bimo",Indonesia,TV-MA,119,"Action & Adventure, International Movies","When a young man wakes from a coma, memories of brutal violence begin to surface, putting his life – and that of his doctor – in jeopardy."
80117455,Three,Johnnie To,"Louis Koo, Zhao Wei, Wallace Chung, Lam Suet, Lo Hoi-pang, Eddie Cheung, Timmy Hung, Michael Tse, Raymond Wong Ho-Yin","Hong Kong, China",TV-MA,88,"Action & Adventure, International Movies","A master criminal engineers his own shooting during a police raid, then refuses treatment while awaiting rescue in a tense standoff at a hospital."
80132626,Tunnel,Seong-hun Kim,"Jung-woo Ha, Doona Bae, Dal-su Oh, Jongsoo Kim",South Korea,TV-14,126,"Dramas, International Movies, Thrillers","A poorly constructed tunnel collapses, leaving a man trapped in his car with only two bottles of water and his daughter's birthday cake to survive on."
80106124,Bo Burnham: Make Happy,"Bo Burnham, Christopher Storer",Bo Burnham,United States,TV-MA,60,"Music & Musicals, Stand-Up Comedy","Combining his trademark wit and self-deprecating humor with original music, Bo Burnham offers up his unique twist on life in this stand-up special."
80134080,20th Century Women,Mike Mills,"Annette Bening, Elle Fanning, Greta Gerwig, Lucas Jade Zumann, Billy Crudup",United States,R,119,"Dramas, Independent Movies","In 1979, single bohemian mom Dorothea, hoping to help her teen son find his place as a man, asks two young women to share their lives with him."
80108952,Neruda,Pablo Larraín,"Luis Gnecco, Gael García Bernal, Mercedes Morán, Emilio Gutiérrez Caba, Diego Muñoz, Alejandro Goic, Pablo Derqui, Marcelo Alonso","Chile, Argentina, France, Spain, United States",R,108,"Dramas, International Movies","When a Chilean policeman vows to find and capture leftist poet Pablo Neruda, a game of cat and mouse ensues that tests both their wills."
80191356,Bruno and Boots: Go Jump in the Pool,Vivieno Caldinelli,"Jonny Gray, Callan Potter, Peter Keleghan, Hannah Vandenbygaart, Kiana Madeira, Joshua Kilimnik, Drew Haytaoglu, Isiah Lea, Scott Thompson, Caroline Rhea",Canada,TV-PG,91,"Children & Family Movies, Comedies","To keep pal Boots from being sent to a rival school with better athletics, prankster Bruno leads an epic campaign to build a pool at Macdonald Hall."
80097641,Sofía Niño de Rivera: Exposed,"Raúl Campos, Jan Suter",Sofía Niño de Rivera,Mexico,TV-MA,80,Stand-Up Comedy,Self-deprecating comic Sofía Niño de Rivera puts her sarcasm on full display in this stand-up special filmed live at Guadalajara's Degollado Theater.
80097349,The Fundamentals of Caring,Rob Burnett,"Paul Rudd, Craig Roberts, Selena Gomez, Jennifer Ehle, Megan Ferguson, Frederick Weller, Bobby Cannavale",United States,TV-MA,97,"Comedies, Dramas, Independent Movies","In this inspirational buddy comedy, a young shut-in and his caregiver take a road trip in search of landmarks, but end up finding hope and friendship."
80143794,American Anarchist,Charlie Siskel,William Powell,United States,TV-MA,81,Documentaries,"This documentary profiles William Powell, who wrote the ""The Anarchist Cookbook"" in the early 1970s and spent his later life regretting his actions."
80128245,Brain on Fire,Gerard Barrett,"Chloë Grace Moretz, Thomas Mann, Richard Armitage, Jenny Slate, Carrie-Anne Moss, Tyler Perry, Alex Zahara","United States, Canada, Ireland",PG-13,89,"Dramas, Independent Movies, International Movies","Stricken with seizures, psychosis and memory loss, a young New York Post reporter visits doctor after doctor in search of an elusive diagnosis."
80166185,Dangal,Nitesh Tiwari,"Aamir Khan, Sakshi Tanwar, Fatima Sana Shaikh, Sanya Malhotra, Aparshakti Khurana, Zaira Wasim, Suhani Bhatnagar, Ritwik Sahore",India,TV-PG,161,"Dramas, International Movies, Sports Movies",A once-promising wrestler pursues the gold medal he never won by training two of his daughters to compete at the Commonwealth Games.
80108430,The Duel,Kieran Darcy-Smith,"Woody Harrelson, Liam Hemsworth, Alice Braga, Emory Cohen, Felicity Price, José Zúñiga, William Sadler",United States,R,110,Dramas,"In 1866, a Texas Ranger investigates some suspicious deaths in a town ruled by a religious despot whose past contains a disturbing link to his own."
80121844,1898: Our Last Men in the Philippines,Salvador Calvo,"Luis Tosar, Javier Gutiérrez, Álvaro Cervantes, Karra Elejalde, Carlos Hipólito, Ricardo Gómez, Patrick Criado, Eduard Fernández, Miguel Herrán, Emilio Palacios",Spain,R,130,"Dramas, International Movies","While Spain relinquishes its last colonies, a battle-fatigued outpost engages in a long, brutal and sometimes bizarre clash with Filipino insurgents."
80164206,Cave,Henrik Martin Dahlsbakken,"Heidi Toini, Benjamin Helstad, Mads Sjogard Pettersen, Ingar Helge Gimle",Norway,TV-MA,77,"Action & Adventure, International Movies, Thrillers","Torn between old camaraderie and recent tensions, three ex-soldiers reunite to explore a deadly cave but soon discover terror beyond all expectations."
81035841,Flimflam,Khaled Marei,"Ahmed Helmy, Donia Samir Ghanim, Sabrine, Bayyumi Fuad, Jamila Adel Awad, Bea, Yasser El Tobgy, Enaam Salousa",Egypt,TV-14,102,"Comedies, International Movies","Nosy family in tow, a fun-loving bachelor goes on a romantic getaway, but he ends up pretending to be married to a complete stranger to avoid trouble."
80132601,Havenhurst,Andrew C. Erin,"Julie Benz, Belle Shouse, Josh Stamberg, Danielle Harris, Douglas Tait, Matt Lasky, Dendrie Taylor, Toby Huss, Jennifer Blanc, Fionnula Flanagan",United States,TV-MA,85,"Horror Movies, Thrillers","An alcoholic with a tragic past rents an apartment in a building for those in recovery, but soon learns the truth about residents who get ""evicted."""
80114989,Sword Master,Derek Yee,"Kenny Lin, Peter Ho, Jiang Mengjie, Jiang Yiyan, Paw Hee Ching","China, Hong Kong",TV-MA,108,"Action & Adventure, Dramas, International Movies","Haunted by the past, a master swordsman masks his identity to work anonymously as a janitor in a brothel, setting in motion a violent chain of events."
81092766,#Selfie 69,Cristina Jacob,"Maia Morgenstern, Olimpia Melinte, Crina Semciuc, Flavia Hojda, Maria Dinulescu, Alex Calin, Vlad Logigan, Levent Sali, Silvia Busuioc, Mihaela Mihut",Romania,TV-MA,119,"Comedies, Dramas, International Movies","After a painful breakup, a trio of party-loving friends makes a bet: who can get married in three days."
80097424,The Space Between Us,Peter Chelsom,"Gary Oldman, Asa Butterfield, Carla Gugino, Britt Robertson, BD Wong, Janet Montgomery, Trey Tucker",United States,PG-13,120,"Action & Adventure, Romantic Movies, Sci-Fi & Fantasy","After years of limited contact with Earth, an inquisitive teen who lives on Mars makes an interplanetary trek to discover his own origins."
80998558,Natsamrat - Asa Nat Hone Nahi,Mahesh Manjrekar,"Nana Patekar, Medha Manjrekar, Mrinmayee Deshpande, Sunil Barve, Vikram Gokhale, Neha Pendse",India,TV-14,165,"Dramas, International Movies","A veteran Shakespearean actor steps off the stage and into the painful tragedy of old age, facing ungrateful family and his fleeting legacy."
80144804,Catfight,Onur Tukel,"Sandra Oh, Anne Heche, Alicia Silverstone, Amy Hill, Myra Lucretia Taylor, Ariel Kavoussi, Damian Young, Stephen Gevedon, Giullian Yao Gioiello, Tituss Burgess",United States,TV-MA,96,"Comedies, Independent Movies",Two college frenemies whose lives aren't what they hoped meet up decades later and escalate their resentments from verbal jabs to bloody brawls.
80106038,Devil's Bride,Saara Cantell,"Tuulia Eloranta, Magnus Krepper, Elin Petersdottir, Claes Malmberg, Kaija Pakarinen, Antti Reini, Lauri Tanskanen, Johanna af Schultén, Maria Sid, Pirkko Hämäläinen, Sonja Halla-aho","Finland, Sweden, Norway, Latvia, Germany",TV-MA,108,"Dramas, International Movies","On a small Finnish island in 1666, a teenage girl in love with a married fisherman becomes the center of a tragic witch hunt and power struggle."
80107736,Little Boxes,Rob Meyer,"Melanie Lynskey, Nelsan Ellis, Armani Jackson, Oona Laurence, Janeane Garofalo, Christine Taylor, Nadia Dajani, Veanne Cox, Will Janowitz, Julie Hays",United States,TV-14,89,"Comedies, Dramas, Independent Movies","After moving from New York City to a small town in Washington state, an interracial couple and their preteen son struggle to adjust to their new life."
80121843,Smoke & Mirrors,Alberto Rodríguez,"Eduard Fernández, José Coronado, Marta Etura, Carlos Santos, Enric Benavent, Philippe Rebbot, Israel Elejalde, Tomás del Estal, Emilio Gutiérrez Caba",Spain,TV-14,123,"Dramas, International Movies, Thrillers","Betrayed by the Spanish government he once served, a former secret agent plots to steal millions of dollars embezzled by a corrupt public official."
80177339,Motu Patlu: King of Kings,Suhas Kadav,"Saurav Chakrabarty, Vinay Pathak",India,TV-Y7-FV,109,"Children & Family Movies, Comedies","Motu and Patlu want to help a circus lion get back to the jungle. On the way, the three become caught up in an exciting adventure in the forest."
80097355,Brahman Naman,Qaushiq Mukherjee,"Shashank Arora, Tanmay Dhanania, Chaitanya Varad, Vaishwath Shankar, Sindhu Sreenivasa Murthy, Sid Mallya, Denzil Smith","India, United Kingdom",TV-MA,96,"Comedies, Independent Movies, International Movies",This homage to 1980s teen sex comedies follows a college quiz bowl champion who knows almost everything – except how to talk to women.
80099089,Skiptrace,Renny Harlin,"Jackie Chan, Johnny Knoxville, Fan Bingbing, Eric Tsang, Eve Torres, Winston Chao","China, Hong Kong, United States",PG-13,107,"Action & Adventure, Comedies","To capture a crime lord who killed his partner and kidnapped his partner's daughter, a Hong Kong detective teams with a smart aleck American gambler."
80093198,Tallulah,Sian Heder,"Ellen Page, Allison Janney, Tammy Blanchard, Evan Jonigkeit, Uzo Aduba, John Benjamin Hickey, David Zayas, Zachary Quinto, Fredric Lehne",United States,TV-MA,112,"Dramas, Independent Movies","While searching for her ex-boyfriend, a young drifter impulsively kidnaps a baby from a neglectful mother and pretends the child is her own."
80155932,The Exception,David Leveaux,"Lily James, Jai Courtney, Christopher Plummer, Janet McTeer, Ben Daniels, Eddie Marsan, Anton Lesser, Mark Dexter, Kris Cuppens","United Kingdom, United States",R,107,"Dramas, Romantic Movies","During World War II, a Nazi officer charged with protecting an exiled Kaiser Wilhelm II from spies begins a steamy affair with a secretive Dutch maid."
80155863,City of Tiny Lights,Pete Travis,"Riz Ahmed, Billie Piper, James Floyd, Cush Jumbo, Roshan Seth, Hannah Rae, Antonio Aakeel, George Sargeant, Alexander Siddig, Vincent Regan, Barry Aird",United Kingdom,TV-MA,110,"Dramas, International Movies, Thrillers","In moody London, a burned-out sleuth sinks into a world of corruption and murderous romance when he tackles a mysterious case of a missing sex worker."
80107087,Internet Famous,Michael Gallagher,"Shane Dawson, Steve Greene, Amanda Cerny, Christian Delgrosso, Wendy McColm, Richard Ryan, Roger Bart, John Michael Higgins, Missi Pyle, Jimmy Tatro, Tay Zonday, Adam Busch",United States,TV-14,87,Comedies,Five viral Internet celebrities travel to a competition that will award one of them their own television series in this ensemble comedy.
80115874,"Houston, We Have a Problem!",Ziga Virc,Slavoj Zizek,"Slovenia, Croatia, Germany, Czech Republic, Qatar",TV-14,84,"Comedies, Independent Movies, International Movies","Blending fact with myth, this conspiracy-minded docufiction argues that the U.S. purchased Yugoslavia's secret space program in the 1960s."
80154884,Theater of Life,Peter Svatek,Massimo Bottura,Canada,TV-PG,94,Documentaries,This documentary follows chef Massimo Bottura as he opens a soup kitchen to cook gourmet meals for the needy from food waste at the 2015 Milan Expo.
80095718,Froning: The Fittest Man in History,Heber Cannon,Rich Froning,United States,PG,99,"Documentaries, International Movies, Sports Movies",Follow the grueling training regimen of Rich Froning Jr. as he sets his sights on winning an unprecedented fourth CrossFit Games title.
80993684,Lucha: Playing the Impossible,Ana Quiroga,Luciana Aymar,Argentina,TV-PG,98,"Documentaries, International Movies, Sports Movies","Known simply as ""Lucha,"" field hockey player Luciana Aymar shares her tumultuous and triumphant journey to become the best in the world."
80096585,Holidays,"Anthony Scott Burns, Nicholas McCarthy, Adam Egypt Mortimer, Gary Shore, Kevin Smith, Sarah Adina Smith, Scott Stewart, Kevin Kolsch, Dennis Widmyer","Madeleine Coghlan, Savannah Kennick, Ruth Bradley, Ava Acres, Sophie Traub, Jocelin Donahue, Harley Morenstein, Harley Quinn Smith, Ashley Greene, Olivia Roush, Seth Green, Clare Grant, Lorenza Izzo, Andrew Bowen",United States,NR,106,"Comedies, Horror Movies","Eight gleefully grim short tales set on Halloween, Mother's Day, St. Patrick's Day and other holidays comprise this chilling horror anthology."
80064459,Rebirth,Karl Mueller,"Fran Kranz, Adam Goldberg, Nicky Whelan, Luis Gerardo Méndez, Harry Hamlin, Pat Healy, Kat Foster, Andrew J. West, Eric Ladin, Steve Agee",United States,TV-MA,101,"Dramas, Thrillers","Long-lost buddy Zack gets suburban dad Kyle on a bus to a Rebirth seminar, sending him down a rabbit hole of psychodrama, seduction and violence."
80102204,Tony Robbins: I Am Not Your Guru,Joe Berlinger,Tony Robbins,United States,TV-MA,117,Documentaries,Tony Robbins' clients swear by his unorthodox life coaching methods. A revealing film goes behind the curtain at his annual mega-event.
80171125,Sex Doll,Sylvie Verheyde,"Hafsia Herzi, Ash Stymest, Karole Rocher, Paul Hamy, Ira Max, Lindsay Karamoh, Myriam Djeljeli","United Kingdom, France",UR,103,"Dramas, International Movies, Romantic Movies","A high-end call girl falls for a handsome man she meets at a nightclub, but he harbors a secret that throws a wrench in their relationship."
80117079,Mean Dreams,Nathan Morlando,"Bill Paxton, Sophie Nélisse, Josh Wiggins, Colm Feore, Vickie Papavs, Joe Cobden, Ryan Blakely, George Buza",Canada,R,105,"Dramas, Independent Movies, Thrillers","Desperate to start a new life with his girlfriend, a teenage boy steals drug money from her father, who happens to be the town's corrupt lawman."
81113468,Tayo the Little Bus Movie: Mission Ace,Ryu Jung-woo,"Moon Nam-sook, Jeong Hye-ok, Choe Hana, Gim Yeong-seon",United States,TV-Y7,48,Children & Family Movies,"After he loses his favorite racing car, Duri ventures to a mysterious, magical land filled with toys that have been thrown away."
80994574,Paulettante Veedu,Dileep Narayanan,"Saikumar, Amal Unnithan, Manasa Radhakrishnan, K.P.A.C. Lalitha, Sudheer Karamana, Seema G. Nair",India,TV-14,104,"Dramas, International Movies","A wealthy businessman's miserly habits cause no small amount of stress and embarrassment to his family, particularly his daughter."
80167699,Albion: The Enchanted Stallion,Castille Landon,"Daniel Sharman, Jennifer Morrison, Debra Messing, Stephen Dorff, John Cleese, Liam McIntyre, Richard Kind, Avery Arendes, Castille Landon","United States, Bulgaria",TV-PG,106,Children & Family Movies,"After a magical horse transports her to a fantasy world ruled by an evil general, a brave girl sets out to save the land once and for all."
80107948,Here Alone,Rod Blackhurst,"Lucy Walters, Gina Piersanti, Adam David Thompson, Shane West, Ryken A. Whitfield, Abel McSurely Bradshaw, Rebecca Spiro",United States,TV-MA,97,Horror Movies,"When she finally encounters two other survivors, a woman alone in a world decimated by a zombie epidemic struggles to trust her new companions."
80093106,The Invisible Guest,Paulo Oriol,"Mario Casas, Ana Wagener, José Coronado, Bárbara Lennie, Francesc Orella, Paco Tous, David Selvas",Spain,TV-14,106,"International Movies, Thrillers","After waking next to his now-dead lover in a hotel room, a young businessman hires a prominent lawyer to figure out how he ended up a murder suspect."
80171528,Tik Tok,Li Jun,"Wallace Chung, Jung-jae Lee, Lang Yueting, Chae-yeong Lee",China,TV-MA,108,"Dramas, International Movies, Thrillers",A police officer and a psychologist learn of a sinister threat at a highly anticipated soccer match and team up in hopes of preventing disaster.
80093104,Zipi & Zape y la Isla del Capitan,Oskar Santos,"Teo Planell, Toni Gómez, Elena Anaya, Iria Castellano, Máximo Pastor, Ana Blanco de Córdova, Fermí Reixach, Jorge Bosch, Carolina Lapausa, Goizalde Núñez, Juan Codina",Spain,TV-PG,105,"Children & Family Movies, Comedies","At Christmas, Zip and Zap take a trip with their parents to a remote island, where a friendly woman runs a children's home and mystery awaits."
80106979,Jim Jefferies: Freedumb,Ryan Polito,Jim Jefferies,United States,TV-MA,87,Stand-Up Comedy,"Returning for a second Netflix comedy special, Jim Jefferies unleashes his famously ferocious black humor to a packed house in Nashville, Tennessee."
80150242,The Monster,Bryan Bertino,"Zoe Kazan, Ella Ballentine, Aaron Douglas, Christine Ebadi, Marc Hickox, Scott Speedman, Chris Webb","United States, Canada",R,91,"Horror Movies, Independent Movies",A troubled mother-daughter relationship faces the ultimate test when the duo’s broken-down car leaves them trapped within reach of a vicious creature.
80077923,Tom Segura: Mostly Stories,Jay Karas,Tom Segura,United States,TV-MA,74,Stand-Up Comedy,"The bearded, bawdy and comically bitter Tom Segura gets real about body piercings, the ""Area 51"" of men's bodies, and the lie he told Mike Tyson."
80096786,Under the Shadow,Babak Anvari,"Narges Rashidi, Avin Manshadi, Bobby Naderi, Ray Haratian, Arash Marandi, Hamidreza Djavdan, Soussan Farrokhnia, Bijan Daneshmand, Sajjad Delafrooz, Behi Djanati Atai","United Kingdom, Jordan, Qatar, Iran",PG-13,84,"Horror Movies, International Movies, Thrillers","During the Iran-Iraq conflict, a Tehran woman caring for her daughter while her husband is at war is gradually convinced evil spirits are at work."
80200744,House of Z,Sandy Chronopoulos,Zac Posen,"United States, Canada",TV-14,88,Documentaries,"Featuring archival footage and exclusive interviews, this documentary looks at the rise, fall and comeback of charismatic fashion designer Zac Posen."
80125627,Rustom,Dharmendra Suresh Desai,"Akshay Kumar, Ileana D'Cruz, Arjan Bajwa, Esha Gupta, Pavan Malhotra, Parmeet Sethi, Sachin Khedekar, Anang Desai, Kumud Mishra, Brijendra Kala, Usha Nadkarni, Kanwaljeet Singh",India,TV-14,141,"Dramas, International Movies","A decorated naval officer kills his wife's lover, leading to a sensational trial and a national obsession over passion versus premeditated murder."
81037970,3 Heroines,Iman Brotoseno,"Reza Rahadian, Bunga Citra Lestari, Tara Basro, Chelsea Islan",Indonesia,TV-PG,124,"Dramas, International Movies, Sports Movies",Three Indonesian women break records by becoming the first of their nation to medal in archery at the Seoul Olympics in the summer of 1988.
81037986,Chaotic Love Poems,Garin Nugroho,"Chicco Jerikho, Pevita Pearce",Indonesia,TV-14,86,"Dramas, International Movies, Romantic Movies","Spanning the 1970s, ‘80s and ‘90s, this lyrical love story of two childhood neighbors plays out amidst a rapidly evolving Indonesia."
80002667,Before I Wake,Mike Flanagan,"Kate Bosworth, Thomas Jane, Jacob Tremblay, Annabeth Gish, Dash Mihok, Jay Karnes, Lance E. Nichols",United States,PG-13,97,"Horror Movies, Thrillers","Still mourning the death of their son, Mark and Jessie welcome foster child Cody into their lives. Soon they discover he has a strange ability."
80148595,Back and Forth,José Eduardo Belmonte,"Ingrid Guimarães, Fábio Assunção, Alice Braga, Rosanne Mulholland, Caroline Abras, João Assunção",Brazil,NR,95,"Comedies, Dramas, International Movies","When their car breaks down en route to São Paulo, a father and son accept a ride from four beautiful telemarketers who are headed there on holiday."
80038358,Rampage: President Down,Uwe Boll,"Brendan Fletcher, Steve Baran, Ryan McDonell, Scott Patey, Loretta Walsh, Zain Meghji, Crystal Lowe",Canada,TV-MA,100,"Action & Adventure, International Movies","Lone-wolf vigilante Bill Williamson is back, taking aim at the U.S. government and eluding the pursuit of two FBI agents who are on his trail."
80134893,Marvel's Hulk: Where Monsters Dwell,Mitch Schauer,"Fred Tatasciore, Liam O'Brien, Jesse Burch, Edward Bosco, Chiara Zanni, Mike Vaughn, Jon Olson, Matthew Waterson, Zach Callison, Laura Bailey, Hope Levy",United States,PG,75,"Children & Family Movies, Sci-Fi & Fantasy","On Halloween, the Hulk and Dr. Strange battle monsters wreaking havoc on New York and uncover an evil plot by Nightmare, ruler of the Dream Dimension."
80097389,Swiss Army Man,"Dan Kwan, Daniel Scheinert","Paul Dano, Daniel Radcliffe, Mary Elizabeth Winstead, Antonia Ribero, Timothy Eulich, Richard Gross, Marika Casteel, Andy Hull, Aaron Marshall, Shane Carruth","United States, Sweden",R,97,"Comedies, Dramas, Independent Movies",A washed-up corpse with surprising abilities gives a hopeless man stranded in the wilderness someone to talk to – and a newfound reason to live.
80117940,Journey to Greenland,Sébastien Betbeder,"Thomas Blanchard, Thomas Scimeca, François Chattot, Ole Eliassen, Adam Eskilden",France,TV-14,99,"Comedies, International Movies","When they flee Paris for a remote village in Greenland, two part-time actors become immersed in the archaic Inuit culture and forge unexpected bonds."
81047900,Rudy Habibie,Hanung Bramantyo,"Reza Rahadian, Chelsea Islan, Dian Nitami, Indah Permatasari, Ernest Prakasa, Boris Bokir, Rey Bong, Cornelio Sunny, Pandji Pragiwaksono, Bastian Bintang Simbolon",Indonesia,TV-14,143,"Dramas, International Movies","A biopic that explores the hardships and triumphs of the early life of B. J. Habibie, a transformative president of Indonesia."
80148920,O Silêncio do Céu,Marco Dutra,"Leonardo Sbaraglia, Carolina Dieckmann, Chino Darín, Alvaro Armand Ugon, Mirella Pascual, Roberto Suárez, Paula Cohen, Dylan Cortes, Priscila Bellora, Gabriela Freire, María Mendive",Brazil,TV-MA,102,"Dramas, International Movies","After being raped in her home, a married woman chooses not to tell her husband, unaware that he has his own troubled secret and a plan for revenge."
80163053,My Entire High School Sinking Into the Sea,Dash Shaw,"Jason Schwartzman, Lena Dunham, Reggie Watts, Maya Rudolph, Susan Sarandon, Thomas Jay Ryan, Alex Karpovsky, Louisa Krause, John Cameron Mitchell, Matthew Maher",United States,PG-13,77,"Comedies, Independent Movies","After an earthquake sends their school building drifting into the sea, a group of high-schoolers struggles to survive and overcome clique wars."
80079427,Ricardo O'Farrill Abrazo Genial,"Raúl Campos, Jan Suter",Ricardo O'Farrill,Mexico,TV-MA,92,Stand-Up Comedy,"Ricardo O'Farrill brings his sharp, observational humor to the stage with a relentless sarcasm and specific Mexican sensibility. Prepare for mockery."
80149575,Caida del Cielo,Néstor Sánchez Sotelo,"Muriel Santa Ana, Peto Menahem, Héctor Díaz, Sebastián Wainraich, Karina K., Hernán Jiménez, Fabián Forte, Verónica Intile",Argentina,NR,78,"Comedies, International Movies, Romantic Movies","When Julia literally falls into Alejandro's backyard from her apartment above, it's just the jolt that's needed to nudge these two loners together."
80144448,Pink,Aniruddha Roy Chowdhury,"Tapsee Pannu, Kirti Kulhari, Andrea Tariang, Amitabh Bachchan, Piyush Mishra, Angad Bedi, Vijay Varma, Raashul Tandon, Tushar Pandey, Dhritiman Chatterjee, Mamata Shankar",India,NR,130,"Dramas, International Movies","A sexual assault victim, unjustly tried for the attempted murder of her attacker, is defended by a retired lawyer who challenges India's rape culture."
80119375,Good Kids,Chris McCoy,"Nicholas Braun, Zoey Deutch, Mateo Arias, Israel Broussard, Dayo Okeniyi, Julia Garner, Kevin Chapman, Ashley Judd",United States,R,90,"Comedies, Independent Movies",Four overachieving friends spend the summer after finishing high school doing everything possible to enjoy the party life and ruin their reputations.
80133139,Enlighten Us,Jenny Carchman,James Arthur Ray,United States,TV-14,93,Documentaries,This documentary digs deep to recount the saga of the superstar self-help guru convicted of negligent homicide in the deaths of three followers.
80118718,The Rezort,Steve Barker,"Dougray Scott, Jessica De Gouw, Martin McCann, Jassa Ahluwalia, Elen Rhys, Claire Goose","United Kingdom, Spain, Belgium",TV-MA,90,"Horror Movies, International Movies","After a global zombie war, the living dead are confined to a luxury island resort and hunted by tourists on safari – until the security system fails."
81047445,"Abdullah, The Final Witness",Hashim Nadeem Khan,"Sajid Hasan, Hameed Sheikh, Habibullah Panezai, Imraan Abbas, Sadia, Imran Tareen, Asal Deen, Yameen Shah",Pakistan,TV-14,88,"Dramas, International Movies","Inspired by real events, this drama follows a trucker jailed after driving five ill-fated travelers across Quetta, and the officer taking on his case."
81044856,The Doll,Rocky Soraya,"Shandy Aulia, Denny Sumargo, Sara Wijayanto, Vitta Mariana Barrazza, Demian Aditya, Faiza Mahnur, Hans Gunawan, Aslam Abad, Annette Edoarda, Wenty Mamenda",Indonesia,TV-MA,106,"Horror Movies, International Movies","Eerie things begin to happen after a man gives his wife a doll, unaware it once belonged to a girl who was murdered. The first of the ""Doll"" films."
80154682,A Boy Called Po,John Asher,"Christopher Gorham, Julian Feder, Kaitlin Doubleday, Andrew Bowen, Caitlin Carmichael, Sean Gunn, Bryan Batt, Fay Masterson, Brian George",United States,PG,94,"Dramas, Sci-Fi & Fantasy","After his wife's death, an overworked engineer struggles to care for his son with autism, who regresses into a fantasy world to escape real-life bullying."
80116307,Operation Chromite,John H. Lee,"Jung-jae Lee, Beom-su Lee, Liam Neeson, Se-yeon Jin, Jun-ho Jeong, Cheol-min Park",South Korea,NR,111,"Action & Adventure, Dramas, International Movies","To pave the way for a major amphibious invasion, a team of South Korean spies goes behind enemy lines to steal a map of North Korean coastal defenses."
80106440,Teenage Cocktail,John Carchietta,"Nichole Bloom, Fabianne Therese, Michelle Borth, Pat Healy, AJ Bowen, Joshua Leonard",United States,TV-MA,89,"Dramas, Independent Movies, LGBTQ Movies","Two teen girls form an intense bond and launch a lucrative webcam business, leading them to a dangerous encounter with a middle-aged married man."
80144144,Estar o no estar,Marcelo González,"Flavio Medina, Aislinn Derbez, Patricia Reyes Spíndola, Tiaré Scanda, Angélica Aragón, Horacio Castelo, Gonzalo Garcia Vivanco, Rubén González Garza, Iliana de la Garza, Mary Paz Mata",Mexico,TV-14,100,"Dramas, International Movies, Romantic Movies","An ill and addled man recalls what seems to be a brief but powerful past romance with a kindred spirit, a young Russian woman who lived a lonely life."
80106504,Little Sister,Zach Clark,"Addison Timlin, Ally Sheedy, Keith Poulson, Peter Hedges, Barbara Crampton, Kristin Slaysman, Molly Plunk",United States,NR,91,"Comedies, Dramas, Independent Movies","A former Goth studying to become a nun finds her faith tested when she returns home to visit her brother, who has been disfigured in the Iraq War."
80141335,The River Thief,N.D. Wilson,"Joel Courtney, Tommy Cash, Paul Johansson, Bas Rutten, Raleigh Cain, David Shannon",United States,NR,87,"Dramas, Independent Movies","A heedless teen drifter who falls for a small-town waitress makes the mistake of robbing a drug lord, putting his life and newfound love in jeopardy."
80115030,The Last Face,Sean Penn,"Javier Bardem, Charlize Theron, Adèle Exarchopoulos, Jared Harris, Jean Reno, Denise Newman, Merritt Wever, Sibongile Mlambo",United States,R,131,Dramas,Savage civil war and a dispute over humanitarian assistance threaten to unravel a checkered romance between an aid director and a doctor.
80113667,Aquarius,Kleber Mendonça Filho,"Sonia Braga, Maeve Jinkings, Irandhir Santos, Humberto Carrão, Zoraide Coleto, Carla Ribas, Fernando Teixeira, Buda Lira","Brazil, France",UR,146,"Dramas, International Movies","The final holdout in her historic beachside building in Brazil, a retired music critic refuses to sell her apartment to developers bent on demolition."
80098203,Little Men,Ira Sachs,"Greg Kinnear, Jennifer Ehle, Paulina García, Alfred Molina, Michael Barbieri, Theo Taplitz, Talia Balsam, Maliq Johnson, Anthony A. Flamminio, Madison Wright, John Procaccino","United States, Greece, Brazil",PG,85,"Dramas, Independent Movies",Jake and Tony become friends when Jake's dad inherits a home above Tony's mother's shop. Friendship is tested when Jake's dad raises the shop's rent.
80099306,Sniper: Special Ops,Fred Olen Ray,"Steven Seagal, Rob Van Dam, Tim Abell, Charlene Amoia, Daniel Booko, Jason-Shane Scott, Anthony Batarse, Gerald Webb",United States,R,86,"Action & Adventure, Dramas","After a mission to rescue a U.S. congressman from the Taliban ends with two men left behind, their sniper buddies go against orders to get them back."
80135276,Siren,Gregg Bishop,"Chase Williamson, Hannah Fierman, Justin Welborn, Hayes Mercure, Michael Aaron Milligan, Brittany S. Hall, Randy McDowell, Lindsey Garrett, William Mark McCullough, Patrick Wood",United States,TV-MA,83,Horror Movies,A groom-to-be and his pals celebrate with a debauched night out that ends with a supernatural assault by a stripper who is not what she appears to be.
80108616,Hell or High Water,David Mackenzie,"Jeff Bridges, Chris Pine, Ben Foster, Gil Birmingham, Marin Ireland, Katy Mixon, Dale Dickey, Kevin Rankin, William Sterchi",United States,R,102,"Dramas, Independent Movies","In a desperate bid to save their family ranch, two brothers stage a series of clever bank robberies with a pair of Texas Rangers in hot pursuit."
80195885,The Pass,Ben A. Williams,"Russell Tovey, Arinzé Kene, Lisa McGrillis, Nico Mirallegro, Rory J. Saper",United Kingdom,NR,87,"Dramas, Independent Movies, LGBTQ Movies",The lives and careers of two professional soccer players are profoundly impacted by a single moment of intimacy that took place between them.
80208908,Green White Green (And All the Beautiful Colours in My Mosaic of Madness),Abba T. Makama,"Ifeanyi Dike Jr., Jamal Ibrahim, Samuel Robinson, Cristabel Goddy, Okey Uzoeshi, Bimbo Manuel, Meg Otanwa, Eric Didie, Donatus Ekwuazi, Omoye Uzamere",Nigeria,TV-MA,102,"Comedies, Independent Movies, International Movies","Three young Nigerian bohemians, each from one of the country's major ethnic groups, explore the directions in which their lives could go."
80138615,Now More Than Ever: The History of Chicago,Peter Pardini,Chicago,United States,TV-MA,114,"Documentaries, Music & Musicals","This rockumentary tells the behind-the-scenes story of the Hall-of-Fame band Chicago, from their jazz-rock fusion roots to chart-topping pop hits."
80131236,Planetarium,Rebecca Zlotowski,"Natalie Portman, Lily-Rose Depp, Emmanuel Salinger, Amira Casar, Pierre Salvadori, Louis Garrel","France, Belgium",TV-MA,108,"Dramas, International Movies","In pre-World War II France, two sisters purport to be able to communicate with the dead and soon catch the eye of an ambitious filmmaker."
80139199,The Age of Shadows,Jee-woon Kim,"Kang-ho Song, Gong Yoo, Ji-min Han, Tae-goo Eom, Sung-rok Shin, Hee-soon Park, Young-ju Seo, Song Kang-ho",South Korea,TV-MA,140,"Action & Adventure, Dramas, International Movies","Formerly a Korean resistance fighter, a policeman working for Japan is tasked with tracking down resistance leaders before they acquire explosives."
80208830,The Arbitration,Niyi Akinmolayan,"Adesua Etomi, O.C. Ukeje, Ireti Doyle, Sola Fosudo, Somkele Iyamah, Lota Chukwu, Gregory Ojefua, Beverly Naya, Bimbo Ademoye, Pius Fatoke",Nigeria,TV-MA,101,"Dramas, International Movies",An arbitration panel is formed after a company CEO in Nigeria is sued for wrongful dismissal and rape by an employee with whom he had an affair.
80155790,The Rehearsal,Alison MacLean,"James Rolleston, Kerry Fox, Ella Edwards, Alice Englert",New Zealand,TV-MA,102,"Dramas, Independent Movies, International Movies",A drama student is torn between creative possibility and ethical boundaries when his girlfriend's family gets caught up in a sex scandal.
80154688,Autohead,Rohit Mittal,"Deepak Sampat, Ronjini Chakroborty, Vikrant Singh, Jhanvi Dwivedi, Ajay Mishra, Rohit Mittal, Sunny Banerjee, Ravidev Singh",India,TV-MA,97,"Dramas, International Movies, Thrillers",A production crew that thinks it's making a documentary about a humble Mumbai rickshaw driver unmasks a horrifying truth about their film's subject.
80117742,Hurricane Bianca,Matt Kugelman,"Roy Haylock, Bianca Leigh, Denton Blane Everett, Willam Belli, D.J. ""Shangela"" Pierce, Justin ""Alyssa Edwards"" Johnson, Molly Ryman, Ted Ferguson, Rachel Dratch, Alan Cumming, Margaret Cho, RuPaul",United States,TV-MA,85,"Comedies, Independent Movies, LGBTQ Movies","Fired for being gay, schoolteacher Richard returns in drag as force-of-nature Bianca, gets hired for the same job and plots sweet, scornful revenge."
80152741,Saheb Bibi Golaam,Pratim D. Gupta,"Anjan Dutt, Swastika Mukherjee, Ritwick Chakraborty, Parno Mittra, Bikram Chatterjee, Sohag Sen, Sumanta Mukherjee, Arun Mukhopadhyay",India,TV-MA,118,"Dramas, International Movies","A charming cabbie, a cop turned assassin and a housewife who’s also a hooker share one thing in common: a bizarre and violent afternoon in Kolkata."
80097375,The Land of the Enlightened,Pieter-Jan De Pue,Sohrab Nazari,"Belgium, Ireland, Netherlands, Germany, Afghanistan",TV-MA,84,"Documentaries, International Movies","In the rugged mountains of Afghanistan, armed bands of young boys survive by scavenging for old land mines, mining lapis lazuli and trading in opium."
80118002,Udta Punjab,Abhishek Chaubey,"Shahid Kapoor, Kareena Kapoor, Alia Bhatt, Diljit Dosanjh, Satish Kaushik, Suhail Nayyar, Prabhjyot Singh, Harpreet Singh, Manav Vij, Taran Bajaj",India,TV-MA,146,"Dramas, International Movies","Drug abuse and the darker side of Punjab rear their heads in the intense, interwoven tales of a cop, a doctor, a migrant worker and a rock star."
80153131,Don't Knock Twice,Caradog W. James,"Katee Sackhoff, Lucy Boynton, Richard Mylan, Nick Moran, Pascale Wilson, Javier Botet, Pooneh Hajimohammadi, Sarah Buckland",United Kingdom,R,93,"Horror Movies, International Movies",A recovering addict becomes her estranged daughter's only hope after the teen awakens a terrifying child-stealing witch from an urban legend.
80094258,The Confirmation,Bob Nelson,"Clive Owen, Maria Bello, Patton Oswalt, Jaeden Lieberher, Matthew Modine, Stephen Tobolowsky, Tim Blake Nelson, Robert Forster",Canada,PG-13,101,"Comedies, Dramas, Independent Movies",A divorced handyman with a drinking problem bonds with his 8-year-old son when a search for his stolen toolbox leads to a series of misadventures.
80059410,Hannibal Buress: Comedy Camisado,Lance Bangs,Hannibal Buress,United States,TV-MA,68,Stand-Up Comedy,"In a special packed with stealthy humor, Hannibal Buress tackles zipper etiquette, the legacy of steroids and the fallout from his Bill Cosby routine."
80157760,The Charnel House,Craig Moss,"Callum Blue, Nadine Velazquez, Makenzie Moss, Erik LaRay Harvey, Danielle Lauder, Andy Favreau, Kate Linder, Neil Thackaberry, Alden Tab",United States,R,93,"Horror Movies, Thrillers","After an architect transforms a slaughterhouse into trendy lofts, its new inhabitants discover that the structure is haunted by its evil past."
80123777,Mine,"Fabio Guaglione, Fabio Resinaro","Clint Dyer, Annabelle Wallis, Tom Cullen, Armie Hammer, Geoff Bell, Inés Píñar Mille, Juliet Aubrey, Luka Peros","United States, Spain, Italy",TV-MA,106,"Dramas, International Movies, Thrillers","When a Marine's mission goes awry, he must survive behind enemy lines – without stepping off a mine – among the harsh elements of a desert war zone."
81017530,The Rebound,Shaina Allen,"Orlando Carrillo, Mario Moran, Jeremie Phenom Thomas",United States,TV-MA,77,"Documentaries, Sports Movies","This documentary follows three players on the Miami Heat Wheels, who face long odds on the way to the national wheelchair basketball championship."
80103313,People You May Know,J.C. Falcón,"Sean Maher, Andrea Grano, Mark Cirillo, Nacho San José, Curt Hansen, Trey McCurley, Jimmy Shaw, Carmen Maura","United States, Spain",TV-MA,108,"Dramas, LGBTQ Movies",The lives of several friends are thrown into chaos when a woman becomes pregnant by her husband's gay best friend after a drunken one-night stand.
80159955,Force 2,Abhinay Deo,"John Abraham, Sonakshi Sinha, Tahir Raj Bhasin, Narendra Jha, Adil Hussain, Vikram Kapadia, Patricia Hittler, Genelia D'souza, Raj Babbar, Freddy Daruwala, Boman Irani",India,TV-MA,123,"Action & Adventure, International Movies","An ex-cop investigates the death of his best friend and two other spies, killings that lead to a mole operating from India's embassy in Budapest."
80214579,The Rift: The Dark Side of the Moon,Dejan Zečević,"Ken Foree, Katarina Čas, Dragan Mićanović, Monte Markham, Denis Murić, Miroljub Lešo, Sonja Vukićević, Ratko Turčinović, Mick Garris","Serbia, South Korea, Slovenia",TV-MA,92,"Horror Movies, Independent Movies, Sci-Fi & Fantasy","When a team of special agents is sent to recover the wreckage of a downed satellite in Serbia, their mission takes a horrifying turn."
80039717,"Crouching Tiger, Hidden Dragon: Sword of Destiny",Yuen Wo-Ping,"Michelle Yeoh, Donnie Yen, Harry Shum Jr., Natasha Liu Bordizzo, Jason Scott Lee, Eugenia Yuan, Roger Yuan, Juju Chan, Chris Pang, Woon Young Park, Darryl Quon","China, United States",TV-14,101,"Action & Adventure, Romantic Movies",Renowned warrior Yu Shu-Lien comes out of retirement to keep the legendary Green Destiny sword away from villainous warlord Hades Dai.
80100261,Kill Command,Steven Gomez,"Vanessa Kirby, David Ajala, Mike Noble, Bentley Kalu, Tom McKay, Kelly Gough, Osi Okerafor, Damian Kell, Tim Ahern, Deborah Rosan, Thure Lindhardt",United Kingdom,TV-MA,100,"Action & Adventure, Independent Movies, Sci-Fi & Fantasy","On a remote island, elite soldiers discover their training exercise is actually an experimental death trap teeming with efficiently lethal robots."
80992973,Bert Kreischer: The Machine,Ryan Polito,Bert Kreischer,United States,TV-MA,70,Stand-Up Comedy,"From his run-in with a grizzly bear to partying with the Russian mafia, the shirtless comic returns with laugh-out-loud tales in this stand-up special."
80057509,Trespass Against Us,Adam Smith,"Michael Fassbender, Brendan Gleeson, Lyndsey Marshal, Georgie Smith, Rory Kinnear, Killian Scott, Sean Harris, Kingsley Ben-Adir, Kacie Anderson, Gerard Kearns",United Kingdom,R,100,Dramas,"A man from a criminal family yearns to break away and find a better life, but his father's staunch opposition puts his dreams of freedom in jeopardy."
80118004,Magnus,Benjamin Ree,Magnus Carlsen,Norway,TV-PG,75,"Children & Family Movies, Documentaries, International Movies","This dramatic documentary explores the life and mind of Magnus Carlsen, the charismatic Norwegian prodigy who became world chess champion."
80117596,Mirzya,Rakeysh Omprakash Mehra,"Harshvardhan Kapoor, Saiyami Kher, Anuj Choudhry, Art Malik, Om Puri, K.K. Raina, Anjali Patil",India,TV-MA,129,"Dramas, International Movies, Music & Musicals",A modern love story is connected to an ancient folk tale as star-crossed lovers from different social classes are kept apart by their families.
80098490,Trash Fire,Richard Bates Jr.,"Adrian Grenier, Angela Trimbur, AnnaLynne McCord, Fionnula Flanagan, Matthew Gray Gubler, Ray Santiago, Sally Kirkland, Ezra Buzzington",United States,R,94,"Comedies, Dramas, Independent Movies",Surprise news that his girlfriend is pregnant sends loutish Owen on an ill-advised trip to reconnect with his twisted sister and sadistic grandmother.
80121386,Boy Missing,Mar Targarona,"Blanca Portillo, Antonio Dechent, Vicente Romero, Marc Domènech, Nausicaa Bonnín, Andrés Herrera, José Coronado, Macarena Gómez, Paco Manzanedo, Sergi Subirà",Spain,TV-MA,105,"International Movies, Thrillers","When her son is kidnapped and later found traumatized, a lawyer takes justice into her own hands, causing events that spiral out of control."
80158772,Growing Up Wild,Keith Scholey,Daveed Diggs,United States,G,78,"Children & Family Movies, Documentaries","Five baby animals from different parts of the world grow up learning to survive in the wild, nurtured by the love and guidance of their families."
80152627,Tini: The New Life of Violetta,Juan Pablo Buscarini,"Martina Stoessel, Jorge Blanco, Adrián Salzedo, Mercedes Lambre, Diego Ramos, Clara Alonso, Sofia Carson, Leonardo Cecchi, Ridder van Kooten, Beatrice Arnera, Georgina Amorós","Spain, Italy, Argentina",G,99,"Children & Family Movies, Music & Musicals","After completing a world tour, a teen pop star spends the summer at an Italian villa to recover from heartbreak and grow into a mature artist."
80149259,GANTZ:O,"Keiichi Sato, Yasushi Kawamura","Daisuke Ono, M・A・O, Tomohiro Kaku, Saori Hayami, Shuichi Ikeda, Kendo Kobayashi, Razor Ramon RG, Razor Ramon HG, Masane Tsukayama, Masaya Onosaka, Kenjiro Tsuda, Teruaki Ogawa, Hisanori Yoshida, Yuki Kaji",Japan,TV-MA,96,"Action & Adventure, Anime Features, Horror Movies",Teams of recently deceased people who've been revived and given high-tech weapons must cooperate to defeat an army of monsters in Tokyo and Osaka.
80107808,Kill Ratio,Paul Tanter,"Tom Hopper, Amy Huberman, Lacy Moore, Brian McGuinness, Luke Pierucci, Nick Dunning",United States,TV-MA,87,Action & Adventure,"Posing as a telecom salesman at a business conference, a CIA agent fights to protect a fledgling Eastern European democracy from a military coup."
80123910,Madaari,Nishikant Kamat,"Irrfan Khan, Jimmy Shergill, Vishesh Bansal, Tushar Dalvi, Nitish Pandey",India,TV-14,134,"Dramas, Independent Movies, International Movies","A bridge under construction collapses in Mumbai, killing a man's family and launching him on a crusade to bring those responsible to justice."
80103428,Rocky Handsome,Nishikant Kamat,"John Abraham, Diya Chalwad, Shruti Haasan, Nishikant Kamat, Sharad Kelkar, Nathalia Kaur",India,NR,119,"Action & Adventure, International Movies",A reclusive pawn shop owner sets his sights on revenge when vicious gangsters kidnap his drug-addicted neighbor's young daughter.
80113673,TE3N,Ribhu Dasgupta,"Amitabh Bachchan, Nawazuddin Siddiqui, Vidya Balan, Mukesh Chhabra, Sabyasachi Chakraborty, Prakash Belawadi, Tota Roy Chowdhury, Padmavati Rao, Suneel Sinha",India,TV-14,128,"Dramas, International Movies, Thrillers","Still desperate to find his granddaughter nearly a decade after her kidnapping, a devoted grandfather chases a dangerous new lead."
80106438,Operator,Logan Kibens,"Martin Starr, Mae Whitman, Nat Faxon, Cameron Esposito, Retta, Christine Lahti, Kate Cobb, Kristopher Lofton, Tim Hopper, Trevor Dawkins",United States,TV-MA,91,"Comedies, Dramas, Independent Movies","When a programmer uses his wife's sympathetic voice for his company's customer service app, he starts to rely more on her idealized self than her."
80159877,Alone in Berlin,Vincent Perez,"Emma Thompson, Brendan Gleeson, Daniel Brühl, Monique Chaumette, Joachim Bissmeier, Katrin Pollitt, Lars Rudolph, Uwe Preuss, Daniel Sträßer, Rainer Reiners, Mikael Persbrandt","United Kingdom, France, Germany",R,103,Dramas,"After learning of their son's death on the battlefield, a grieving Berlin couple embark on a quietly dangerous act of resistance against Adolf Hitler."
81043343,You're Everything To Me,Tolga Örnek,"Tolga Çevik, Cengiz Bozkurt, Melis Birkan, Tuna Çevik",Turkey,TV-PG,107,"Comedies, Dramas, Independent Movies","When an old fling shows up with their infant child, a dallying man-child must take on the role of father and create a fairytale world for his daughter."
80144372,Asura: The City of Madness,Sung-soo Kim,"Jung-min Hwang, Do-won Kwak, Man-sik Jung, Woo-sung Jung",South Korea,NR,133,"Action & Adventure, Dramas, International Movies","Caught between a corrupt mayor and a prosecutor intent on exposing political depravity, a police detective must decide whose side he's on."
80152155,La Coppia dei Campioni,Giulio Base,"Massimo Boldi, Massimiliano Tortora, Anna Maria Barbera, Massimo Ceccherini, Pia Lanciotti, Flora Canto",Italy,TV-MA,88,"Comedies, International Movies","After winning a shared trip to a soccer match, two colleagues who hold opposite world views find they're stuck traveling together for the duration."
80167461,The Fury of a Patient Man,Raúl Arévalo,"Antonio de la Torre, Luis Callejo, Ruth Díaz, Raúl Jiménez, Manolo Solo, Font García, Pilar Gómez, Alicia Rubio",Spain,NR,92,"International Movies, Thrillers","After his lover is killed in a jewelry store robbery, quiet José romances café owner Ana, who's unaware he has other motivations."
80134887,Me and the Alien,Jesús Magaña Vázquez,"Ines De Tavira, Juan Pablo Campa, Paco de la Fuente, Juan Ugarte, Carlos Aragón, Gloria Toba, Jessy Bulbo, Tato Alexander, Fabiola Guajardo, Arturo Carmona",Mexico,TV-MA,83,"Comedies, Dramas, International Movies","Hoping to pump up their sound, a punk band hires Pepe, a keyboardist with Down Syndrome, but tensions erupt when he steals the show with his talent."
80147513,Stronger Than the World,Afonso Poyart,"José Loreto, Cleo Pires, Milhem Cortaz, Jackson Antunes, Claudia Ohana, Rômulo Arantes Neto, Paloma Bernardi, Thaila Ayala, Rafinha Bastos, Felipe Titto",Brazil,NR,123,"Action & Adventure, Dramas, International Movies","After a tough upbringing, natural-born fighter José Aldo confronts his personal demons in his quest to become an MMA champion in this sports biopic."
80103818,David Brent: Life on the Road,Ricky Gervais,"Ricky Gervais, Doc Brown, Tom Basden, Jo Hartley, Tom Bennett, Andrew Brooke, Nina Sosanya, Andy Burrows, Kevin Bishop, Roisin Conaty, Diane Morgan, Ashley McGuire, Alexander Arnold, Mandeep Dhillon","United Kingdom, United States",TV-MA,97,"Comedies, International Movies","With ""The Office"" long in the past, middling salesman David Brent ditches work and goes on tour with his rock band in a disastrous stab at stardom."
81059656,E-Cigarettes: Miracle or Menace?,Emma Hatherley,Michael Mosley,United Kingdom,TV-14,52,Documentaries,This documentary investigates the surge in vaping culture and whether e-cigarettes can really help smokers kick the habit.
80106984,Personal Shopper,Olivier Assayas,"Kristen Stewart, Lars Eidinger, Sigrid Bouaziz, Anders Danielsen Lie, Ty Olwin, Hammou Graïa, Nora von Waldstätten, Benjamin Biolay, Audrey Bonnet, Pascal Rambert","France, Germany, Czech Republic, Belgium",R,105,"Dramas, International Movies, Thrillers","A psychic medium takes a job as personal shopper for a spoiled celebrity in order to contact the spirit of her brother, who owned her employer's home."
80104316,The Edge of Seventeen,Kelly Fremon Craig,"Hailee Steinfeld, Woody Harrelson, Kyra Sedgwick, Haley Lu Richardson, Blake Jenner, Hayden Szeto","United States, China",R,105,"Comedies, Dramas","When Nadine's best (and only) friend starts dating her detested older brother, the teenage cynic's life becomes even more unbearable."
81059649,Why Are We Getting So Fat?,"Milla Harrison-Hansley, Alicky Sussman",Giles Yeo,United Kingdom,TV-14,50,Documentaries,A Cambridge geneticist dispels misconceptions about living with obesity and explores why the epidemic continues to expand across the UK and America.
80141928,Before the Flood,Fisher Stevens,Leonardo DiCaprio,United States,PG,97,Documentaries,Leonardo DiCaprio crisscrosses the globe to investigate the consequences of man-made globe warming and the measures being taken to reverse it.
80198055,Emo the Musical,Neil Triffett,"Benson Jack Anthony, Jordan Hare, Rahart Adams, Jon Prasida, Lucy Barrett, Ben Bennett, Craig Hyde-Smith, Geraldine Viswanathan, Kevin Clayette, Bridie Carter",Australia,PG-13,94,"Dramas, International Movies, Music & Musicals","Expelled from private school for attempted suicide, emo Ethan enters the world of Seymour High and meets a cute Christian who's ready to convert him."
80163352,Master,Ui-seok Jo,"Byung-hun Lee, Dong-won Gang, Woo-bin Kim, Ji-won Uhm, Dal-su Oh, Kyung Jin, Gang Dong-won",South Korea,NR,143,"Action & Adventure, International Movies","Needing hard evidence to convict a company chairman of fraud, an investigator bargains with the company's tech expert to turn over his boss's ledger."
80217040,National Parks Adventure,Greg MacGillivray,Robert Redford,United States,TV-G,42,Documentaries,"Narrated by Robert Redford, this documentary tours the awe-inspiring landscapes, historic sites and untamed wilderness of America's great parks."
80171291,Paint It Black,Amber Tamblyn,"Alia Shawkat, Janet McTeer, Rhys Wakefield, Alfred Molina, Emily Rios, Nancy Kwan, John Roberts, Annabelle Attanasio, Ken Davitian",United States,R,96,Dramas,"In the wake of a young artist’s suicide, his pianist mother and his despairing girlfriend square off in a living nightmare beset by guilt and blame."
80093105,Heroes Wanted,Joaquín Mazón,"María León, Miki Esparbé, Jordi Sánchez, Andoni Agirregomezkorta, Juan Carlos Aduviri, Sílvia Abril, Carlos Areces, Joaquín Reyes",Spain,TV-MA,97,"Action & Adventure, Comedies, International Movies","When its special ops agency is wiped out, Spain hastily assembles a new team to defuse a terrorist plot. But who are these scrappy would-be heroes?"
80127604,Indiscretion,John Stewart Muller,"Mira Sorvino, Cary Elwes, Christopher Backus, Katherine McNamara, Lisa Gay Hamilton, Melora Walters, Buck Taylor, Shane Callahan",United States,TV-MA,99,"Dramas, Thrillers","After a weekend fling with artist Victor, Veronica, a psychiatrist and politician's wife, becomes the target of Victor's dangerous romantic obsession."
80156767,La Última Fiesta,"Leandro Mark, Nicolás Silbert","Nicolás Vázquez, Alan Sabbagh, Benjamín Amadeo, Eva De Dominici, César Bordón, Julian Kartun, Paula Carruega, Luciano Rossi, Ezequiel Campa",Argentina,TV-MA,104,"Comedies, International Movies",Three best buddies are thrown into a wild chase for a priceless painting that was stolen from a house they used to throw a huge party.
80159668,Maroon,Pulkit,"Manav Kaul, Devyani Cm, Saurabh Sachdeva, Sarika Singh, Suneel Sinha, Sumeet Vyas",India,TV-MA,94,"Dramas, Independent Movies, International Movies","When his wife goes missing, university professor Saurabh remains at home while the police investigate, but his grip on reality loosens as days pass."
80152745,The Hurt Business,Vlad Yudin,Kevin Costner,United States,PG-13,111,"Documentaries, Sports Movies","Featuring legendary and up-and-coming MMA fighters, this documentary details the history of the brutal sport and the fighters' struggles and triumphs."
80167843,The Reconquest,Jonás Trueba,"Francesco Carril, Itsaso Arana, Candela Recio, Pablo Hoyos, Aura Garrido",Spain,NR,108,"Dramas, International Movies, Romantic Movies","Years after they were childhood sweethearts, Manuela and Olmo share a night in Madrid, where they discuss their past and the possibility of a future."
80098200,Spectral,Nic Mathieu,"James Badge Dale, Emily Mortimer, Bruce Greenwood, Max Martini, Clayne Crawford, Cory Hardrict, Louis Ozawa Changchien, Jimmy Akingbola, Dylan Smith, Philip Bulcock","United States, Hungary",TV-14,108,"Action & Adventure, Sci-Fi & Fantasy","When an otherworldly force wreaks havoc on a war-torn European city, an engineer teams up with an elite Special Ops unit to stop it."
80156405,The Oath,Baltasar Kormákur,"Baltasar Kormákur, Hera Hilmar, Gísli Örn Garðarsson, Ingvar Eggert Sigurðsson, Margret Bjarnadottir, Gudrun Sesselja Arnardottir, Sigrún Edda Björnsdóttir, Joi Johannsson, Þorsteinn Bachmann",Iceland,TV-MA,104,"Action & Adventure, International Movies",The ordered life of a Reykjavik heart surgeon unravels when his daughter descends into a life of drugs and crime thanks to a sinister boyfriend.
80103392,Kickboxer: Vengeance,John Stockwell,"Alain Moussi, Jean-Claude Van Damme, Dave Bautista, Gina Carano, Georges St-Pierre, Sara Malakul Lane, Matthew Ziff, T.J. Storm, Fabricio Werdum, Cain Velasquez",United States,TV-MA,90,Action & Adventure,"After a skilled fighter falls in the ring, his younger brother emerges from the shadows to train and get revenge against a brutal champion."
80098288,Other People,Chris Kelly,"Jesse Plemons, Molly Shannon, Bradley Whitford, Maude Apatow, Madisen Beaty, John Early, Zach Woods, Paul Dooley, June Squibb",United States,NR,97,"Comedies, Dramas, Independent Movies","After a bad breakup, a struggling New York comedy writer tries to don a brave face and care for his dying mother in Sacramento."
80126997,Wives on Strike,Omoni Oboli,"Omoni Oboli, Kenneth Okonkwo, Kalu Ikeagwu, Uche Jumbo, Ufoma Ejenobor, Julius Agu, Udoka Oyeka, Chioma Chukwuka-Akpotha, Kehinde Bankole",Nigeria,TV-MA,92,"Comedies, Dramas, International Movies","A group of local women band together to save a terrified young girl from marriage, launching a hilarious strike against their frustrated husbands."
80117746,Blue Jay,Alex Lehmann,"Sarah Paulson, Mark Duplass, Clu Gulager",United States,TV-MA,81,"Dramas, Independent Movies, Romantic Movies","Two former high school sweethearts unexpectedly reunite in their old hometown, where they rediscover their magical bond and face a shared regret."
80142615,One in a Billion,Roman Gackowski,"Satnam Singh Bhamara, Mark Cuban, Adam Silver, Vivek Ranadivé",United States,TV-PG,70,"Documentaries, Sports Movies",Follow the journey of Satnam Singh Bhamara as he works to fulfill his dream of becoming the first India-born player to be drafted into the NBA.
80115673,Reggie Watts: Spatial,Benjamin Dickinson,Reggie Watts,United States,TV-MA,62,"Music & Musicals, Stand-Up Comedy","The comic innovator delivers a surreal set blending experimental songs, jokes about grits, guns and drugs, and other improvised comedy adventures."
80105691,The Model,Mads Matthiesen,"Maria Palm, Ed Skrein, Yvonnick Muller, Charlotte Tomaszewska, Virgile Bramly, Marco Ilsø, Dominic Allburn",Denmark,TV-MA,104,"Dramas, Independent Movies, International Movies","Danish teen Emma moves to Paris hoping to become a top model, but her dreams soon unravel when her affair with photographer Shane turns obsessive."
80104103,The Good Neighbor,Kasra Farahani,"James Caan, Logan Miller, Keir Gilchrist, Laura Innes, Edwin Hodge, Anne Dudek, Bailey Noble, Lili Reinhart, Mindy Sterling",United States,TV-MA,97,"Dramas, Independent Movies, Thrillers","Two tech-savvy teens plot to fool a cranky old neighbor into believing his house is haunted, but their cruel prank soon takes some unexpected turns."
80117080,Mercenary,Sacha Wolff,"Toki Pilioko, Iliana Zabeth, Mikaele Tuugahala, Laurent Pakihivatau, Petelo Sealeu, Maoni Talalua, Teotola Maka, Bessarion Udesiani",France,TV-MA,99,"Dramas, International Movies, Sports Movies","When he defies his cruel father and leaves New Caledonia to play rugby in France, young Soane learns hard lessons about life, love and success."
80115134,Dog Eat Dog,Paul Schrader,"Nicolas Cage, Willem Dafoe, Christopher Matthew Cook, Omar J. Dorsey, Louisa Krause, Melissa Bolona, Reynaldo Gallegos",United States,TV-MA,93,"Dramas, Thrillers",A delusional ex-con rejoins his unhinged former partners for one last job: kidnap the baby of a mobster's enemy for ransom.
80098284,Mr. Pig,Diego Luna,"Danny Glover, Maya Rudolph, José María Yazpik, Joel Murray, Angélica Aragón, Gabriela Araujo",Mexico,TV-MA,97,"Dramas, Independent Movies, International Movies",An aging California pig farmer whose property is on the brink of foreclosure makes a last-ditch trip across the border to sell his prized hog.
80022613,The Autopsy of Jane Doe,André Øvredal,"Emile Hirsch, Brian Cox, Ophelia Lovibond, Michael McElhatton, Parker Sawyers, Jane Perry, Olwen Catherine Kelly","United Kingdom, United States",R,86,"Horror Movies, Independent Movies, Thrillers",A father-son team of small-town coroners performs an autopsy on an unidentified woman with mysterious injuries and a terrifying secret.
80163263,Goon: Last of the Enforcers,Jay Baruchel,"Seann William Scott, Alison Pill, Liev Schreiber, Marc-André Grondin, Wyatt Russell, Elisha Cuthbert, Callum Keith Rennie, Jason Jones, Kim Coates, T.J. Miller",Canada,R,102,"Comedies, International Movies, Sports Movies","Injury and family push hockey player Doug Glatt into retirement, but his plans change when his beloved former team appoints his nemesis as captain."
80103374,War on Everyone,John Michael McDonagh,"Alexander Skarsgård, Michael Peña, Theo James, Tessa Thompson, Caleb Landry Jones, Paul Reiser, Stephanie Sigman, David Wilmot, Malcolm Barrett",United Kingdom,R,98,"Action & Adventure, Comedies","Terry and Bob excel at blackmailing small-time crooks. But when the two cops target a big score, they learn not all criminals are easily intimidated."
80151663,Oasis: Supersonic,Mat Whitecross,"Oasis, Alan McGee, Paul McGuigan, Liam Gallagher, Noel Gallagher",United Kingdom,R,122,"Documentaries, International Movies, Music & Musicals",This film details the rise of British rock group Oasis and the creativity and chaos that brothers Noel and Liam Gallagher brought to the iconic band.
80098103,The Innocents,Anne Fontaine,"Lou de Laâge, Agata Kulesza, Agata Buzek, Vincent Macaigne, Joanna Kulig, Katarzyna Dabrowska, Pascal Elso, Anna Prochniak","France, Poland",PG-13,115,"Dramas, International Movies","At the end of World War II, a French doctor with the Red Cross treats nuns at a Polish convent who were raped and impregnated by Russian soldiers."
80134885,07:19,Jorge Michel Grau,"Demián Bichir, Héctor Bonilla, Oscar Serrano, Azalia Ortiz, Octavio Michel, Carmen Beato",Mexico,TV-MA,93,"Dramas, International Movies","After a devastating earthquake hits Mexico City, trapped survivors from all walks of life wait to be rescued while trying desperately to stay alive."
80136548,Garfunkel and Oates: Trying to be Special,"Riki Lindhome, Jeremy Konner","Riki Lindhome, Kate Micucci, Anthony Jeselnik, Steve Agee",United States,TV-MA,62,"Music & Musicals, Stand-Up Comedy",Garfunkel and Oates put on a surprise-filled show in Seattle in hopes of raising enough money to make their own comedy special.
80097363,Lo and Behold: Reveries of the Connected World,Werner Herzog,Werner Herzog,United States,PG-13,98,Documentaries,"Filmmaker Werner Herzog presents a history of the internet, starting with its birth in 1969, and ponders the joys and sorrows of its social influence."
80131551,Mr. Church,Bruce Beresford,"Eddie Murphy, Britt Robertson, Natascha McElhone, Xavier Samuel, Lucy Fry, Christian Madsen, Natalie Coughlin, Madison Wolfe, Thom Barry, Mckenna Grace",United States,PG-13,105,Dramas,"A temporary personal chef, a terminally ill single mother and her young daughter form an unlikely bond that redefines the meaning of family."
80132411,Figures of Speech,Ari Levinson,Chris Pine,United States,TV-PG,92,Documentaries,"In this documentary, passionate high schoolers travel the country and come of age during a turbulent yearlong prep for a national speech competition."
80107030,Jeremiah Tower: The Last Magnificent,Lydia Tenaglia,"Jeremiah Tower, Anthony Bourdain, Mario Batali, Ruth Reichl","Mexico, United States",R,103,Documentaries,"This documentary profiles influential chef Jeremiah Tower, who played a pivotal role in the invention of a revolutionary new American cuisine."
80163222,A Christmas Special: Miraculous: Tales of Ladybug & Cat Noir,Thomas Astruc,"Cristina Vee, Bryce Papenbrook, Keith Silverstein, Mela Lee, Max Mittelman, Carrie Keranen, Stephanie Sheh, Selah Victor, Ben Diskin, Erin Fitzgerald, Grant George","France, South Korea, Japan",TV-Y7,22,Movies,Parisian teen Marinette transforms herself into superhero Ladybug to find her lonely secret crush Adrien when he runs away from home at Christmas.
80117628,Gabriel lglesias: I’m Sorry For What I Said When I Was Hungry,Manny Rodriguez,Gabriel Iglesias,United States,TV-14,88,Stand-Up Comedy,"Hawaiian-shirt enthusiast Gabriel ""Fluffy"" Iglesias finds the laughs in racist gift baskets, Prius-driving cops and all-female taco trucks."
80115102,For the Love of Spock,Adam Nimoy,"Leonard Nimoy, William Shatner, George Takei, Nichelle Nichols, Chris Pine, Zachary Quinto, Simon Pegg, Zoe Saldana, Jim Parsons, Jason Alexander, Neil deGrasse Tyson, J.J. Abrams","Canada, United States",TV-14,112,Documentaries,"The son of actor Leonard Nimoy directs this moving look at his father's portrayal of Spock, the iconic ""Star Trek"" character he played for 50 years."
80098467,White Girl,Elizabeth Wood,"Morgan Saylor, Brian 'Sene' Marc, Justin Bartha, Chris Noth, Adrian Martinez, India Menuez, Anthony Ramos, Ralph Rodriguez, Annabelle Dexter-Jones",United States,UR,90,"Dramas, Independent Movies","A college girl romping through New York City in search of cocaine and other highs finds something real to grasp, only to see it potentially slip away."
80098491,Yoga Hosers,Kevin Smith,"Harley Quinn Smith, Lily-Rose Depp, Johnny Depp, Justin Long, Austin Butler, Tyler Posey, Stan Lee, Jason Mewes, Adam Brody, Haley Joel Osment, Genesis Rodriguez",United States,PG-13,88,"Comedies, Horror Movies, Independent Movies","With an all-important high school party at stake, two teen yoga fanatics enlist a man hunter to help fight an army of monsters created by Nazis."
80155902,The Women's Balcony,Emil Ben-Shimon,"Evelin Hagoel, Igal Naor, Orna Banay, Einat Sarouf, Avraham Aviv Alush, Itzik Cohen, Yafit Asulin, Sharona Elimelech, Herzl Tobey, Haim Znati",Israel,TV-PG,100,"Comedies, Dramas, Faith & Spirituality","A conservative rabbi steps in to lead a congregation reeling from an accident, but his controversial plans incite a gender war among the congregation."
80105358,Miss Stevens,Julia Hart,"Lily Rabe, Timothée Chalamet, Lili Reinhart, Anthony Quintal, Oscar Nuñez, Rob Huebel",United States,NR,86,"Dramas, Independent Movies",Emotionally vulnerable teacher Rachel accompanies three students to a weekend drama competition and forms an unexpected bond with troubled teen Billy.
80108691,Total Frat Movie,Warren P. Sonoda,"Justin Deeley, Alex House, Steven Yaffee, Rebecca Dalton, Ann Pirvu, Nick Bateman, Tom Green, Jamie Johnston",United States,NR,94,Comedies,"A disbanded fraternity tries to get their act together by finding new members, but beer bongs, bad grades and a demented dean stand in their way."
80144803,Barry,Vikram Gandhi,"Devon Terrell, Anya Taylor-Joy, Jason Mitchell, Ashley Judd, Jenna Elfman, Ellar Coltrane, Avi Nash, Linus Roache, John Benjamin Hickey",United States,TV-MA,105,Dramas,"A young Barack Obama forges his identity while dealing with race, divergent cultures and ordinary life as a New York City college student."
80127459,Sister Cities,Sean Hanish,"Jacki Weaver, Troian Bellisario, Stana Katic, Michelle Trachtenberg, Jess Weixler, Alfred Molina, Amy Smart, Tom Everett Scott, Kaia Gerber, Aimee Garcia, Kathy Baker, Peter Jason",United States,TV-MA,88,Dramas,"After years of estrangement, four sisters gather in the wake of their mother's death, which may or may not have been a suicide."
80125782,A Family Man,Mark Williams,"Gerard Butler, Gretchen Mol, Alison Brie, Willem Dafoe, Alfred Molina, Maxwell Jenkins, Anupam Kher, Dustin Milligan","Canada, United States",R,110,Dramas,A ruthless corporate headhunter battles his rival for a promotion while dealing with a family crisis that threatens to derail his career.
80197310,Brave New Jersey,Jody Lambert,"Tony Hale, Anna Camp, Sam Jaeger, Heather Burns, Dan Bakkedahl, Raymond J. Barry, Erika Alexander, Mel Rodriguez, Evan Jonigkeit, Grace Kaufman",United States,TV-MA,92,"Comedies, Independent Movies",Small-town residents mistake an Orson Welles radio broadcast for news about an alien invasion and are emboldened to act as they await an apocalypse.
80218586,Dark Chocolate (Bengali Version),Agnidev Chatterjee,"Riya Sen, Mahima Chaudhry, Rajesh Sharma, Indrasish Roy, Mumtaz Sorcar, Sudip Mukherjee, Shataf Figar, Koushik Sen",India,TV-MA,91,"Dramas, International Movies, Thrillers","In this Bangla thriller inspired by a true story, the discovery of a charred corpse in the woods leads to a high-profile murder investigation."
80203788,Gelo,Manbhavan Singh,"Jaspinder Cheema, Pavan Malhotra, Gurjit Singh, Dilawar Sidhu, Aditya Sharma, Raj Dhaliwal",India,TV-MA,118,"Dramas, International Movies",A Punjabi woman who works on a farm must endure the difficulties of living in an oppressive class-based society and a dysfunctional community.
80227673,Kabali (Hindi Version),Pa. Ranjith,"Rajnikanth, Winston Chao, Radhika Apte, Nassar, Dhansika, Kalaiyarasan, Dinesh, John Vijay, Kishore Kumar G., Riythvika",India,TV-MA,148,"Action & Adventure, Dramas, International Movies","In this Hindi version of the Tamil blockbuster, a Tamil gang leader in Kuala Lumpur seeks justice for crimes committed against him and his family."
80098810,Sand Storm,Elite Zexer,"Lamis Ammar, Ruba Blal, Haitham Omari, Khadija Alakel, Jalal Masarwa","Israel, Germany, France",TV-PG,88,"Dramas, Independent Movies, International Movies","When a Bedouin patriarch takes a second bride, his first wife chafes against her changing status while his daughter chases her own dreams of autonomy."
80104182,At All Costs,Mike Nicoll,"Parker Jackson Cartwright, Gabe York",United States,TV-MA,81,"Documentaries, Sports Movies",This revealing documentary explores how the high-stakes world of Amateur Athletic Union basketball has professionalized youth sports in America.
81172747,A Trip to Jamaica,Robert O. Peters,"Ayo Makun, Funke Akindele, Nse Ikpe-Etim, Dan Davies, Paul Campbell, Chris Attoh, Rebecca Silvera, Eric Roberts, Joe Diaz, Alex Moore",Nigeria,TV-MA,99,"Comedies, International Movies",A newly engaged couple's romantic vacation in Jamaica turns into a mischievous adventure that tests their union in wild and unexpected ways.
80139397,The Trip to Spain,Michael Winterbottom,"Steve Coogan, Rob Brydon, Marta Barrio, Claire Keelan, Margo Stilley",United Kingdom,TV-MA,108,Comedies,Comedians Steve Coogan and Rob Brydon gorge on local delicacies and celebrity impressions as they reunite for a hilarious road trip through Spain.
80107019,The Unknown Girl,"Jean-Pierre Dardenne, Luc Dardenne","Adèle Haenel, Olivier Bonnaud, Jérémie Renier, Louka Minnella, Christelle Cornil, Olivier Gourmet, Fabrizio Rongione, Thomas Doret","Belgium, France",TV-MA,106,"Dramas, International Movies",A guilt-ridden doctor in a Belgian town tries to uncover the identity of a woman who died after being turned away from her office.
80124728,Ricardo O'Farrill: Abrazo navideño,"Raúl Campos, Jan Suter","Ricardo O'Farrill, Carlos Ballarta, Sofía Niño de Rivera, Chumel Torres, Marissa ""Chabe"" Lozano",Mexico,TV-MA,31,Stand-Up Comedy,"The expressive Ricardo O'Farrill uses his astute comedic sensibilities to tease Christmas traditions, and not even Santa Claus escapes unscathed."
80205065,Red Christmas,Craig Anderson,"Dee Wallace, Geoff Morrell, Sarah Bishop, Janis McGavin, David Collins, Bjorn Stewart, Gerard O'Dwyer, Deelia Meriel, Sam Campbell, Anthony Jensen, Robert Anderson",Australia,TV-MA,81,Horror Movies,A family Christmas gathering at an isolated Australian estate turns into the holiday from hell after a mysterious stranger turns up at the door.
80104420,Asperger's Are Us,Alex Lehmann,"Noah Britton, Ethan Finlan, Jack Hanke, New Michael Ingemi",United States,TV-14,83,Documentaries,A comedy troupe of four friends on the autism spectrum prepares for a final show before its members go their separate ways.
81001121,Gehenna: Where Death Lives,Hiroshi Katagiri,"Eva Swan, Simon Phillips, Justin Gordon, Doug Jones, Lance Henriksen, Matthew Edward Hegstrom, Patrick Gorman, Sean Sprawling, Masashi Odate","Japan, United States",TV-MA,107,"Horror Movies, Thrillers",Developers looking for a location to build a resort on Saipan stumble into a subterranean bunker from WWII where an evil force lies in wait.
80144453,Goldstone,Ivan Sen,"Aaron Pedersen, Alex Russell, Jacki Weaver, Cheng Pei-pei, David Gulpilil, Michelle Lim Davidson, David Wenham, Tommy Lewis, Tommy Caldwell",Australia,R,110,Thrillers,"In the Australian outback, an Indigenous cop on a missing persons case unearths a trafficking ring and runs afoul of political-industrial interests."
80135353,Line Walker,Jazz Boon,"Nick Cheung, Louis Koo, Francis Chun-Yu Ng, Charmaine Sheh, Hui Shiu Hung, Li Guangjie, Zhang Huiwen, Xing Yu, Cheng Taishen, Moses Chan, Louis Cheung","China, Hong Kong",TV-MA,109,"Action & Adventure, Dramas, International Movies",A Hong Kong intelligence officer tasked with finding undercover agents whose identities have been erased finds herself in the paths of rival triads.
80191513,The Worthy,Ali F. Mostafa,"Ali Suliman, Mahmoud Al Atrash, Samer al Masri, Rakeen Saad, Habib Ghuloom, Samer Ismail, Salah Hanoun, Maisa Abd Elhadi, Mohammad Al Ibrahimi, Nabeel Ahmad Alkoni","United Arab Emirates, Romania",TV-MA,99,"International Movies, Sci-Fi & Fantasy, Thrillers","In the near future, with civilization a thing of the past, a man puts his family in peril when he reluctantly lets outsiders into his compound."
80104240,Rainbow Time,Linas Phillips,"Linas Phillips, Melanie Lynskey, Timm Sharp, Tobin Bell, Jay Duplass, Lauren Weedman, Artemis Pebdani, Reagan Yates, Austin Fryberger",United States,NR,92,"Comedies, Dramas, Independent Movies","A developmentally disabled man obsessed with the Fonz, guns and all things kinky poses a challenge for his arrogant brother when he moves in with him."
80149282,The Violin Player,Bauddhayan Mukherji,"Ritwick Chakraborty, Adil Hussain, Nayani Dixit, Sonam Stobgais",India,NR,72,"Dramas, Independent Movies, International Movies","An unemployed Bollywood session violinist in Mumbai finally lands a small gig, but it's what happens on his way home that proves truly transformative."
80154176,Yo-Kai Watch: The Movie,Mark Risley,"Johnny Yong Bosch, Joey D'Auria, Alicyn Packard, Melissa Hutchison, Paul Greenberg, Brent Pendergrass","Japan, United States",TV-Y7,96,"Anime Features, Children & Family Movies","Nate's special Yo-Kai Watch is missing. He travels back in time to meet the watch's inventor, his grandfather. Together, they must restore history!"
80080617,Theo Von: No Offense,John Asher,Theo Von,United States,TV-MA,67,Stand-Up Comedy,"Southern charmer Theo Von offers up a twisted take on his dating mishaps, meeting Brad Pitt, chasing down fugitive chimpanzees and more."
80184868,The Black Room,Rolfe Kanefsky,"Natasha Henstridge, Lukas Hassel, Lin Shaye, Dominique Swain, Augie Duke, Caleb Scott, James Duval, Tiffany Shepis",United States,TV-MA,95,Horror Movies,A couple's new dream home morphs into a nightmare after they learn that an evil and lustful spirit resides in their basement.
81001278,Sebastian Maniscalco: Why Would You Do That,Joe DeMaio,Sebastian Maniscalco,United States,TV-MA,63,Stand-Up Comedy,"Sebastian Maniscalco delivers an expressive stand-up at the legendary Beacon Theatre on Whole Foods, family nicknames and dodging obnoxious neighbors."
80138681,Enter the Warriors Gate,Matthias Hoene,"Jeff Daniels, Jack O'Connell, Michelle Dockery, Scoot McNairy, Merritt Wever, Thomas Brodie-Sangster, Francis Ng, Ni Ni","France, China, Canada",PG-13,105,"Action & Adventure, International Movies, Sci-Fi & Fantasy","An avid gamer is magically transported to ancient China, where he must become a warrior in order to save the princess from an evil warlord."
80167488,Lady Bloodfight,Chris Nahon,"Amy Johnston, Muriel Hofmann, Jenny Wu, Kathy Wu, Jet Tranter, Mayling Ng",Hong Kong,R,101,Action & Adventure,An American travels to Hong Kong in hopes of winning a lucrative – but potentially deadly – all-female underground fighting tournament.
80142222,Operation Mekong,Dante Lam,"Eddie Peng, Zhang Hanyu, Carl Ng, Ken Lo, Pawarith Monkolpisit, Jonathan Wu","China, Hong Kong",TV-MA,124,"Action & Adventure, International Movies","In a dangerous area of the Mekong River, a drug raid ending in 13 deaths arouses the suspicions of a narcotics officer who sets out to find the truth."
80156927,Sky on Fire,Ringo Lam,"Daniel Wu, Joseph Chang, Amber Kuo, Zhang Jingchu, Ruoyun Zhang","China, Hong Kong",TV-MA,100,"Action & Adventure, International Movies",The security chief at a top-level medical facility must fight to ensure that revolutionary cancer research doesn't fall into the wrong hands.
80108759,David Cross: Making America Great Again!,Alex Coletti,David Cross,United States,TV-MA,73,Stand-Up Comedy,"Cross skewers Donald Trump, religious taboos and American swagger in a provocative night of comedy at the Paramount Theatre in Austin, Texas."
80057578,The Little Prince,Mark Osborne,"Jeff Bridges, Rachel McAdams, Paul Rudd, Bud Cort, Marion Cotillard, Benicio Del Toro, James Franco, Ricky Gervais, Paul Giamatti, Riley Osborne, Albert Brooks, Mackenzie Foy",France,PG,107,Children & Family Movies,"When an overscheduled girl befriends an eccentric aviator, he regales her with tales about the adventures of an unusual boy who lives on an asteroid."
80104648,Baaghi,Sabir Khan,"Tiger Shroff, Shraddha Kapoor, Sudheer Babu, Paras Arora, Sunil Grover, Sourav Chakraborty, Shaurya Bhardawaj",India,TV-14,127,"Action & Adventure, International Movies",A martial artist faces his biggest test when he has to travel to Bangkok to rescue the woman he loves from the clutches of his romantic rival.
80163159,Menorca,John Barnard,"Tammy Gillis, Sheila Campbell, Talia Pura, Dorothy Carroll, Logan Creran, Jason Wishnowski, Aaron Merke, Krystle Snow, Michael O'Sullivan","Canada, Spain",TV-MA,81,"Dramas, Independent Movies",A hedonistic soccer mom takes a voyage of self-discovery when she tries to reconnect with her son by returning his pet rock to a Mediterranean island.
80152442,Buster's Mal Heart,Sarah Adina Smith,"Rami Malek, DJ Qualls, Kate Lyn Sheil, Sukha Belle Potter, Toby Huss, Lin Shaye, Mark Kelly, Bruce Bundy, Teresa Yenque, Sandra Ellis Lafferty, Nicholas Pryor",United States,TV-MA,98,"Independent Movies, Thrillers","On the run from authorities, a troubled man recalls the mysterious events – and the strange drifter – that inspired his unusual transformation."
80161232,Madre,Aaron Burns,"Daniela Ramírez, Cristobal Tapia Montt, Aida, Matías Bassi, Nicolás Durán, Ignacia Allamand",Chile,TV-MA,95,"International Movies, Thrillers","Pregnant and overwhelmed, Diana hires a caretaker for her son with severe autism. But she soon begins to fear the new nanny has sinister intentions."
80097431,Jeff Foxworthy and Larry the Cable Guy: We’ve Been Thinking...,Jay Karas,"Jeff Foxworthy, Larry the Cable Guy",United States,TV-14,75,Stand-Up Comedy,Grammy-nominated comedians Jeff Foxworthy and Larry the Cable Guy bring their distinctive brand of humor to a packed crowd in Minneapolis.
80057691,XOXO,Christopher Louie,"Sarah Hyland, Graham Phillips, Chris D'Elia, Hayley Kiyoko, Brett DelBuono, Ryan Hansen, Ian Anthony Dale, Ione Skye, Colin Woodell, LaMonica Garrett, Brianne Howey",United States,TV-MA,92,Dramas,"The lives of a budding DJ, his loyal pal, a hopeless romantic, a jaded has-been and a troubled couple intersect at an electronic dance music festival."
80163366,Pekak,Mohd Khairul Azri Bin Md Noor,"Zahiril Adzim, Sharifah Amani, Amerul Affendi, Sharifah Sakinah, Iedil Putra, Zaidi Omar, Joe Flizzow, Chew Kin-Wah",Malaysia,TV-MA,95,"Dramas, International Movies","Desperate to escape her tyrannical father, a rebellious teen befriends a deaf drug pusher who's saving up his money for cochlear implants."
81036530,Drink Drank Drunk,Yeung Yat-Tak,"Carlos Chan, Ken Hung, Deep Ng, Michelle Wai, Yee Tong, Felix Lok, Kin-Yan Lee",Hong Kong,TV-MA,92,"Comedies, International Movies","Too hungover to report as a witness in a criminal trial the day after his birthday party, a young man and his pals do some unexpected soul-searching."
80163054,Sadie's Last Days on Earth,Michael Seater,"Morgan Taylor Campbell, Clark Backo, Ricardo Hoyos, Munro Chambers, Paula Brancati, Helene Joy, Peter Keleghan, George Stroumboulopoulos, John Ralston, Emilia McCarthy",Canada,TV-14,94,"Comedies, Sci-Fi & Fantasy","High schooler Sadie Mitchell believes the world is about to end – literally. Before it does, she sets out to kiss a boy and win back her best friend."
80134952,Bad Rap,Salima Koroma,"Jonathan Park, Awkwafina, David Lee, Richard Lee","United States, Canada",TV-MA,83,"Documentaries, Music & Musicals",Four young Asian-American rappers strive to achieve success on their own terms in a musical genre that often treats them as outsiders.
80162179,Camera Store,Scott Marshall Smith,"John Larroquette, John Rhys-Davies, Paul Ben-Victor, David James Elliott, Laura Silverman, Cheryl Ladd, Justin Lieberman, Maddie McCormick",United States,TV-MA,104,"Comedies, Dramas","With the digital revolution just around the corner, the employees of Bibideaux camera store strive to stay relevant amid unstoppable change."
80087354,Emelie,Michael Thelin,"Sarah Bolger, Joshua Rush, Carly Adams, Thomas Bair, Susan Pourfar, Chris Beetem",United States,TV-MA,82,"Horror Movies, Thrillers","A suburban couple hires a new sitter to watch their three kids for the night, unaware that the young woman isn't who she claims to be."
80099083,Fitoor,Abhishek Kapoor,"Aditya Roy Kapoor, Katrina Kaif, Tabu, Rahul Bhatt, Lara Dutta, Akshay Oberoi, Aditi Rao Hydari, Ajay Devgn",India,TV-14,124,"Dramas, International Movies, Romantic Movies",A young artist falls for an aristocratic young woman whose bitter mother has trained her in the art of breaking hearts.
80104257,Mohenjo Daro,Ashutosh Gowariker,"Hrithik Roshan, Sonakshi Sinha, Pooja Hegde, Kabir Bedi, Arunoday Singh, Kishori Shahane, Narendra Jha, Nitish Bharadwaj",India,TV-14,168,"Action & Adventure, Dramas, International Movies","A courageous villager moves to the ancient city of Mohenjo Daro, where he falls for the daughter of a priest and does battle with a tyrant."
80234464,Attitude Test,"Fabrizio Copano, Augusto Matte","Belén Soto, Denise Rosenthal, Constanza Piccoli, Fabiola Alarcón, Lucas Balmaceda, Agustín Silva, Camilo Carmona, Ingrid Cruz, Elvis Fuentes, Samuel Landea",Chile,TV-14,88,"Comedies, Independent Movies, International Movies","Four high school seniors steal an important college entrance exam and go on vacation to ""study,"" but accidentally lose the exam while partying."
80153897,Hide and Seek,Liu Jie,"Wallace Huo, Qin Hailu, Regina Wan, Jessie Li, Dong Zijian, Li Yiqing, Fan Qianhui",China,TV-14,104,"International Movies, Thrillers","While living a comfortable life with his wife and child, a germophobic man realizes his estranged brother may have committed a terrible crime."
80138469,Railroad Tigers,Ding Sheng,"Jackie Chan, Zitao Huang, Jaycee Chan, Wang Kai, Hiroyuki Ikeuchi, Sang Ping, Alan Ng, Xu Fan, Darren Wang",China,TV-14,124,"Action & Adventure, Comedies, International Movies","During World War II, a Chinese railroad worker leads a group of brave resistance fighters against the forces of Japanese occupation."
80118930,I'll Sleep When I'm Dead,Justin Krook,Steve Aoki,United States,TV-MA,80,"Documentaries, Music & Musicals","Superstar DJ Steve Aoki reflects on the driving force behind his career: his ambitious father, Benihana founder and perennial daredevil Rocky Aoki."
80162142,Hot Property,Max McGill,"MyAnna Buring, Tom Rhys Harries, Ella Smith, Sam Phillips, Kate Bracken",United Kingdom,TV-MA,82,"Comedies, Independent Movies","When a resourceful but flighty Londoner is threatened with eviction, she vows to do whatever it takes to defeat a greedy real estate agent."
80168033,SHOT! The Psycho-Spiritual Mantra of Rock,Barney Clay,Mick Rock,"United Kingdom, United States",TV-MA,98,"Documentaries, Music & Musicals",Aptly named iconic rock photographer Mick Rock reconstructs his journey through the thrilling and murky universe of rock 'n' roll history.
80124099,Boyka: Undisputed,Todor Chapkanov,"Scott Adkins, Teodora Duhovnikova, Alon Aboutboul, Julian Vergov, Brahim Achabbakhe, Paul Chahidi, Petio Petkov, Valentin Ganev, Vlado Mihailov","Bulgaria, United States",R,90,Action & Adventure,The fourth film in the action franchise finds Boyka taking on brutal gangsters to protect the widow of a man he unintentionally killed in the ring.
80094096,Wazir,Bejoy Nambiar,"Amitabh Bachchan, Farhan Akhtar, Aditi Rao Hydari, Manav Kaul, Neil Nitin Mukesh, John Abraham",India,TV-MA,98,"Dramas, International Movies, Thrillers","Helping an amputee grandmaster settle the score for his tragic past, a grieving detective unravels a conspiracy more complicated than he imagined."
80190149,All Hallows' Eve,Charlie Vaughn,"Lexi Giovagnoli, Ashley Argota, John DeLuca, Diane Salinger, Martin Klebba, Tracey Gold, Dee Wallace, Pilot Paisley-Rose, Daniel Cooksley, Vincent Giovagnoli, Dillon Cavitt",United States,TV-G,92,"Children & Family Movies, Independent Movies","Instead of summoning the spirit of her dearly departed mother, a charming teen accidentally awakens a vengeful witch who wants to destroy her town."
80190148,Annabelle Hooper and the Ghosts of Nantucket,Paul Serafini,"Bailee Madison, Robert Capron, Rachel Resheff, Mavrick Moreno, Whitney Goin, Gary Weeks, Juliana Harkavy, Kevin B. McGlynn, Jamison Stern, Mia Matthews, Bianca Matthews",United States,TV-PG,92,Children & Family Movies,"While vacationing on picturesque Nantucket, a crafty teenage mystery writer contends with two thieves as she tries to solve a ghostly conundrum."
80147321,Below Her Mouth,April Mullen,"Erika Linder, Natalie Krill, Sebastian Pigott, Mayko Nguyen, Tommie-Amber Pirie, Melanie Leishman, Andrea Stefancikova, Daniela Barbosa",Canada,TV-MA,91,"Dramas, Independent Movies, International Movies",An engaged fashion editor begins a torrid affair with a female roofer that threatens to turn both of their lives upside down.
80151962,Handsome Devil,John Butler,"Fionn O'Shea, Nicholas Galitzine, Andrew Scott, Michael McElhatton, Moe Dunford, Ruairí O'Connor, Jay Duffy, Mark Lavery, Jamie Hallahan, Ardal O'Hanlon, Amy Huberman",Ireland,TV-MA,95,"Comedies, Dramas, International Movies","A self-described outsider is sent to a rugby-obsessed boarding school, where he forms an unexpected bond with the star player."
80190146,Jessica Darling's It List,Ali Scher,"Chloe East, Emma Rayne Lyle, Jane Widdop, Jane Sibbett, Eric Lutes, Blair Fowler, Ashley Liao, Eva Bella, Kimrie Lewis-Davis, Abraham Benrubi",United States,TV-G,80,"Children & Family Movies, Comedies","Armed with popularity tips from her beautiful older sister, precocious Jessica Darling prepares to navigate the treacherous world of seventh grade."
80114501,Opening Night,Isaac Rentz,"Topher Grace, Alona Tal, Anne Heche, Taye Diggs, Rob Riggle, Paul Scheer, J.C. Chasez, Lauren Lapkus, Lesli Margherita, Brian Huskey",United States,TV-MA,84,"Comedies, Independent Movies, Music & Musicals","Once a rising star on Broadway, Nick is now the perennially pestered production manager for a new musical dedicated to rock music's one-hit wonders."
80187107,Raising the Bar,Clay Glen,"Kelli Berglund, Lili Karamalikis, Tess Fowler, Emily Morris, Peta Shannon, Adam Tuominen, Caetlyn Collins, Jack Tomich, Isabelle Andary-Geslin, Rachel D'Sena",Australia,TV-G,97,"Children & Family Movies, Dramas, Sports Movies",A teenager who gave up her spot in an elite U.S. gymnastics program when her family moved to Australia enters a competition to help a new friend.
80167646,The Blind Christ,Christopher Murray,"Michael Silva, Bastián Inostroza, Ana María Henríquez, Mauricio Pinto, Pedro Godoy, Hermelinda Cayo, Héctor Mella, Gonzalo Villalobos, Noelia Rubio","Chile, France",TV-MA,86,"Dramas, Independent Movies, International Movies",A man claiming he had a divine revelation as a child treks across the Chilean desert to perform a miracle on a friend badly injured in a remote town.
80185861,The Truth About Alcohol,David Briggs,Javid Abdelmoneim,United Kingdom,TV-14,58,"Documentaries, International Movies","Emergency room doctor Javid Abdelmoneim endeavors to learn the truth about alcohol, both its benefits and risks, by exploring the science of drinking."
80109260,APEX: The Story of the Hypercar,"J.F. Musial, Josh Vietze",Zachary Levi,United States,NR,86,Documentaries,"A visionary carmaker introduces his fuel-efficient, high-performance hypercar to a market filled with big-name competitors like Ferrari and Porsche."
80202076,The Tiger Hunter,Lena Khan,"Danny Pudi, Jon Heder, Rizwan Manji, Karen David, Iqbal Theba, Sam Page, Kevin Pollak, Parvesh Cheena, Michael McMillian",United States,TV-14,94,"Comedies, Dramas, Independent Movies","It's 1979, and engineer Sami is excited to leave his Indian village for a job in Chicago. But he soon runs into problems achieving his American dream."
80091879,Hush,Mike Flanagan,"John Gallagher Jr., Kate Siegel, Michael Trucco, Samantha Sloyan, Emma Graves",United States,R,82,"Horror Movies, Thrillers",A deaf writer who retreated into the woods to live a solitary life must fight for her life in silence when a masked killer appears in her window.
80105690,The Lighthouse of the Orcas,Gerardo Olivares,"Maribel Verdú, Joaquín Furriel, Joaquín Rapalini","Spain, Argentina",TV-MA,110,"Dramas, International Movies, Romantic Movies",A mother travels to Patagonia with her autistic son with the hopes that a ranger and a pod of wild orcas can help him find an emotional connection.
80161104,The 4th Company,"Mitzi Vanessa Arreola, Amir Galvan Cervera","Adrian Ladron, Andoni Gracia, Hernán Mendoza, Gabino Rodríguez, Darío T. Pie, Manuel Ojeda","Mexico, Spain",TV-MA,117,"Action & Adventure, Dramas, International Movies","In a violent prison in 1970s Mexico, a young inmate lands a spot on a football team that doubles as an enforcer squad for a corrupt administration."
80098839,The Eyes of My Mother,Nicolas Pesce,"Kika Magalhães, Olivia Bond, Will Brill, Flora Diaz, Paul Nazak, Clara Wong, Diana Agostini",United States,R,76,"Horror Movies, Independent Movies","At the remote farmhouse where she once witnessed a traumatic childhood event, a young woman develops a grisly fascination with violence."
80227115,Bir Baba Hindu,Sermiyan Midyat,"Sermiyan Midyat, Şafak Sezer, Nicole Faria, Burak Satıbol","Turkey, India",TV-14,107,"Action & Adventure, Comedies, International Movies",A Istanbul mobster falls for an Indian yoga instructor whose abduction takes him on a wild rescue mission to Mumbai.
80227113,Ekşi Elmalar,Yılmaz Erdoğan,"Yılmaz Erdoğan, Farah Zeynep Abdullah, Songül Öden, Şükran Ovalı, Devrim Yakut, Şükrü Özyıldız, Fatih Artman, Cezmi Baskın, Caner Cindoruk, Ersin Korkut",Turkey,TV-PG,109,"Dramas, International Movies","In an eastern Turkish town, suitors knock on the door of the mayor and father of three beautiful daughters who choose to follow their own paths."
80227116,Görümce,Kıvanç Baruönü,"Eda Ece, Dilşah Demir, Gupse Özay, Buğra Gülsoy",Turkey,TV-14,104,"Comedies, International Movies, Music & Musicals","When his jealous sister plots to wreck his engagement, a young man does everything he can to protect his betrothed from her devious schemes."
80227114,Küçük Esnaf,Bedran Güzel,"İbrahim Büyükak, Zeynep Koçak, Gupse Özay, Cengiz Bozkurt",Turkey,TV-14,100,"Comedies, International Movies","As an honest locksmith scrambles to pay his late father's hefty debt to the mafia, he crosses paths with a woman in similar trouble and falls for her."
80157889,CRD,Kranti Kanade,"Mrinmayee Godbole, Vinay Sharma, Saurabh Saraswat, Isha Keskar, Abhay Mahajan, Geetika Tyagi",India,TV-MA,110,"Comedies, Dramas, Independent Movies","At odds with his radical instructor's ruthless methods, a drama student assembles his own troupe of misfit actors ahead of a prestigious competition."
80048940,Special Correspondents,Ricky Gervais,"Eric Bana, Ricky Gervais, Vera Farmiga, Kelly Macdonald, Kevin Pollak, America Ferrera, Raúl Castillo, Benjamin Bratt","Canada, United Kingdom, United States",TV-MA,101,Comedies,"When they lose their passports, a bickering radio team invents phony reports from a combat zone in a ruse that becomes increasingly complicated."
80096782,American Honey,Andrea Arnold,"Sasha Lane, Shia LaBeouf, Riley Keough, McCaul Lombardi, Arielle Holmes","United Kingdom, United States",R,163,"Dramas, Independent Movies","A teenage girl leaves her dull life in Oklahoma to join a raucous band of travelling magazine sellers on an alcohol-, drug- and sex-filled road trip."
80158042,Dear Zindagi,Gauri Shinde,"Alia Bhatt, Shah Rukh Khan, Ira Dubey, Yashaswini Dayama, Gautmik, Raj Bhansali, Rohit Saraf, Atul Kale, Kunal Kapoor, Angad Bedi, Ali Zafar, Aditya Roy Kapoor",India,TV-PG,149,"Comedies, Dramas, International Movies",A young cinematographer with a bright professional future and a lack of empathy learns the importance of balancing ambition with humanity.
80117684,Shepherds and Butchers,Oliver Schmitz,"Steve Coogan, Andrea Riseborough, Garion Dowds, Robert Hobbs, Deon Lotz, Marcel Van Heerden, Lauren Steyn","South Africa, United States, Germany",R,106,"Dramas, International Movies","When a young prison guard commits murder in South Africa, an ardent lawyer aims to prove he was psychologically unbalanced by his role in executions."
80106337,The 101-Year-Old Man Who Skipped Out on the Bill and Disappeared,"Felix Herngren, Måns Herngren","Robert Gustafsson, Jens Hultén, Caroline Boulton, Colin McFarlane, Cory Peterson, Jay Simpson, David Schaal",Sweden,TV-MA,108,"Comedies, International Movies","In need of money, an eccentric ex-spy and his younger octogenarian partner embark on an international quest for a valuable Soviet soda formula."
80174097,Boy Bye,Chris Stokes,"Wendy Raquel Robinson, Ross Fleming, Shondrella Avery, Tammy Townsend, Omar Gooding, Tracy Davis, Veronika Bozeman, Kelly Perine, Valarie Pettiford",United States,TV-MA,86,"Comedies, Romantic Movies","Single entrepreneur Veronica finally starts to believe in love after meeting sexy Lance, but she soon discovers he's hiding something from her."
80112518,"I, Daniel Blake",Ken Loach,"Dave Johns, Hayley Squires, Briana Shann, Dylan McKiernan, Kate Rutter, Sharon Percy, Kema Sikazwe, Steven Richens","United Kingdom, France, Belgium",R,100,"Dramas, Independent Movies","While fighting for his welfare benefits following a job-ending heart attack, a widowed carpenter befriends a single mother in a similar plight."
81035844,30 Days of Luxury,Hani Hamdi,"Taher Farouz, Sad Al-Saghir, Ahmad Faloks, Soleiman Eid, Mahmood El-Laithi, Hesham Ismail, Shaima Saif, Nermin Maher, Sofinar",Egypt,TV-14,91,"Comedies, International Movies","With the help of his friends, a man breaks out of prison in hopes of restoring a lively nightclub."
81035842,Because We're Heading Out,Khaled El Halafawy,"Hassan El Raddad, Emy Samir Ghanim, Bayyumi Fuad, Taher Abu Lela, Nesreen Ameen, Mourad Makram, Diaa El-Merghani, Juditta Salem-Wolff",Egypt,TV-14,99,"Comedies, International Movies",Trouble and high jinks ensue when a man and woman stumble on a bag full of money while out on the town.
80097516,Friend Request,Simon Verhoeven,"Alycia Debnam-Carey, William Moseley, Connor Paolo, Brit Morgan, Brooke Markham, Sean Marquette, Liesl Ahlers, Shashawnee Hall, Susan Danford",Germany,R,92,"Horror Movies, International Movies",A popular college student's love of social media becomes her biggest regret when a mysterious account marks each of her friends for a grisly demise.
80180225,Porto,Gabe Klinger,"Anton Yelchin, Lucie Lucas, Françoise Lebrun, Paulo Calatré","Portugal, France, Poland, United States",TV-MA,77,"Dramas, Independent Movies, Romantic Movies","In a coastal Portuguese city, an erotic encounter ensues between an American expat and a French student, resonating through their lives years later."
81086640,Shortcut Safari,Amitabha Singh,"Jimmy Shergill, Aashi Rawal, Stuti Dwivedi, Deah Tandon, Sharvil Patel, Hardil Kanabar, Mann Patel, Ugam Khetani, Manmeet Singh, Nazia Davison",India,TV-PG,101,"Action & Adventure, Comedies, Dramas",Unexpected wildlife adventures and valuable life lessons await seven city kids when they suddenly become lost in the forest during a school field trip.
80141254,Bibi & Tina: Girls Versus Boys,Detlev Buck,"Lina Larissa Strahl, Lisa-Marie Koroll, Tilman Pörzgen, Philipp Laude, Charly Hübner, Louis Held, Benjamin Lutzke, Max von der Groeben, Kostja Ullmann, Michael Maertens, Fabian Buch, Winnie Böwe",Germany,TV-14,107,"Children & Family Movies, Music & Musicals","At summer camp, young Bibi and her friends are pitted against the boys in a treasure hunt. But what's a witch to do when she loses her powers?"
80168301,The Wedding Party,Kemi Adetiba,"Adesua Etomi, Banky Wellington, Richard Mofe-Damijo, Sola Sobowale, Iretiola Doyle, Alibaba Akporobome, Zainab Balogun, Beverly Naya, Enyinna Nwigwe",Nigeria,TV-14,101,"Comedies, Dramas, International Movies","As their big day arrives, a couple's lavish wedding plans turn into a nightmare of exes, fighting parents and uninvited guests."
80098475,Belgica,"Felix Van Groeningen, Felix van Groeningen","Stef Aerts, Tom Vermeir, Charlotte Vandermeersch, Hélène Devos, Boris Van Severen, Sara De Bosschere, Dominique Van Malder, Sam Louwyck, Stefaan De Winter, Silvanus Saow","Belgium, France",NR,127,"Dramas, International Movies","Two brothers become partners in a modest nightclub and turn it into the hottest spot in town, but their exhilarating run of success comes at a price."
80156683,Arctic Heart,Marie Madinier,"Charlotte Le Bon, Guillaume Canet, Anne Le Ny, Patrick d'Assumçao, Damien Chapelle, Xavier Beauvois, Vincent Launay-Franceschini","France, Belgium",TV-14,81,"Dramas, International Movies, Romantic Movies","Madly in love with a brilliant scientist studying an immunizing protein produced by penguins, a timid med student offers her body to his research."
80141185,Our Lovers,Miguel Ángel Lamata,"Eduardo Noriega, Michelle Jenner, Fele Martínez, Amaia Salamanca",Spain,TV-MA,92,"Comedies, Dramas, International Movies","A love-challenged man and a woman he meets at a bookshop bar begin dating, but only at the shop – and without knowing anything about each other."
80171982,The Chosen,Antonio Chavarrías,"Alfonso Herrera, Hannah Murray, Henry Goodman, Julian Sands, Frances Barber, Emilio Echevarría, Alejandro Calva, Elvira Mínguez, Roger Casamajor, Luis Rosales, Javier Godino, Alexander Holtmann, Brontis Jodorowsky","Spain, Mexico",TV-14,111,"Dramas, International Movies, Thrillers","In 1937, Spanish revolutionary Ramón trains as a Soviet spy, impersonating a wealthy Belgian as part of a plot to assassinate Leon Trotsky in Mexico."
80156856,We Are Family,Gabriel Julien-Laferrière,"Julie Gayet, Thierry Neuvic, Julie Depardieu, Lucien Jean-Baptiste, Claudia Tagbo, Philippe Katerine, Chantal Ladesou, Arié Elmaleh, Nino Kirtadze, Caterina Murino, Teïlo Azaïs, Louvia Bachelier, Violette Guillon, Sadio Diallo, Benjamin Douba-Paris, Lilian Dugois, Luna Aglat, Chann Aglat","France, Belgium",TV-MA,99,"Comedies, International Movies","Fed up with being shuffled around, a boy from a big blended family decides that the kids should live in one house and the parents take turns visiting."
80108518,Azhar,Anthony D'Souza,"Emraan Hashmi, Prachi Desai, Nargis Fakhri, Lara Dutta, Kunaal Roy Kapur, Gautam Gulati, Anikie Maguire, Kulbhushan Kharbanda, Rajesh Sharma, Shernaz Patel, Veerendra Saxena",India,TV-PG,129,"Dramas, International Movies, Sports Movies","This biopic traces the tumultuous life and career of top cricket player Mohammad Azharuddin, who led India's national team in the 1990s."
80149145,Macho,Antonio Serrano,"Miguel Rodarte, Cecilia Suárez, Aislinn Derbez, Renato López, Mario Iván Martínez, Valeria Vera, David Zorrilla, Ana de la Reguera, Manolo Cardona, Ofelia Medina",Mexico,TV-MA,101,"Comedies, International Movies, LGBTQ Movies",A famous designer who's always pretended to be gay finds himself in crisis mode when threatened with exposure as the woman-chasing straight guy he is.
80106743,Kevin Hart: What Now?,Leslie Small,"Kevin Hart, Don Cheadle, Halle Berry, Ed Helms, David Meunier",United States,R,96,Stand-Up Comedy,"Frenetic comic Kevin Hart hits Philadelphia and dishes on suburban wildlife, jean shorts and the fine art of getting even with a 7-year-old."
80233085,Hedgehogs,Huang Jianming,"Anthony Padilla, Ian Hecox, Jenn McAllister, Jon Heder, Chevy Chase","United States, China",PG,94,Children & Family Movies,"When a hedgehog suffering from memory loss forgets his identity, he ends up on a big city journey with a pigeon to save his habitat from a human threat."
80141156,Love O2O,Tianyu Zhao,"Jing Boran, Angelababy, Yu Bai, Li Qin, Li Xian, Seven Tan, Janice Wu, Jayden Wang, Cheng Yi, Li Jiuxiao",China,TV-14,103,"International Movies, Romantic Movies, Sci-Fi & Fantasy",A college stud tries to level up his relationship with a computer science major after becoming attracted to her skills in an online role-playing game.
80207445,The Legend of Michael Mishra,Manish Jha,"Arshad Warsi, Aditi Rao Hydari, Kayoze Irani, Boman Irani",India,TV-PG,118,"Comedies, Dramas, International Movies","After a life of crime, a notorious kidnapper tries to change his ways and turn over a new leaf to win the heart of the woman he loves."
80987611,A Billion Colour Story,Padmakumar Narasimhamurthy,"Dhruva Padmakumar, Gaurav Sharma, Vasuki",India,TV-PG,104,"Dramas, Independent Movies, International Movies",The curious child of idealistic interfaith parents observes an increasingly intolerant world as his family faces financial strain.
80245329,Metro,Ananda Krishnan,"Yogi Babu, Bobby Simha, Shirish",India,TV-14,116,"Dramas, International Movies, Thrillers","Disgusted by the gold-chain snatchers in his home city of Chennai, a man vows to combat the criminal menace by taking the law into his own hands."
80124313,Sairat,Nagraj Manjule,"Rinku Rajguru, Akash Thosar, Arbaz Shaikh, Tanaji Galgunde, Suresh Vishwakarma",India,TV-14,173,"Dramas, International Movies, Romantic Movies","When two college students – a rich man’s daughter and a fisherman’s son – defy social edicts by falling in love, violence erupts in their village."
80156408,Una,Benedict Andrews,"Rooney Mara, Ben Mendelsohn, Riz Ahmed, Ruby Stokes, Natasha Little, Tara Fitzgerald, Tobias Menzies","United Kingdom, Canada, United States",R,94,"Dramas, International Movies","A young woman tracks down the older man who preyed on her as a child, forcing them both to confront the damage done by what happened 15 years earlier."
80131414,Born to Be Free,Gayane Petrosyan,"Casting a light on the mistreatment of sea mammals, this documentary follows the plight of 18 Beluga whales kept in captivity for years.","United Kingdom, Russia",TV-14,74,"Documentaries, International Movies","Casting a light on the mistreatment of sea mammals, this documentary follows the plight of 18 Beluga whales kept in captivity for years."
80144890,Couples Counseling,Alexandre Reinecke,"Zezé Polessa, Daniel Dantas, Paulo Vilhena, Fernanda Paes Leme, Juliana Mesquita",Brazil,TV-MA,88,"Comedies, Dramas, International Movies",A seasoned couples therapist comes to realize she might need help with her own marriage after meeting a new pair of young clients.
80106786,Dancing Quietly,Philipp Eichholtz,"Martina Schöne-Radunski, Hans-Heinrich Hardt, Sebastian Fräsdorf, Claudia Jacob, Deleila Piasko, Tobias Borchers, Ruth Bickelhaupt",Germany,TV-MA,70,"Dramas, Independent Movies, International Movies","After years of battling a deep depression, a young woman attempts to pass an important exam with the help of a fellow student."
80115101,Deuces,Jamal Hill,"Larenz Tate, Meagan Good, Lance Gross, Antonique Smith, La La Anthony, Rick Gonzalez, Rotimi, Andra Fuller",United States,TV-MA,88,Dramas,"Assigned to go undercover to take down an impenetrable crime ring, a detective finds himself falling under the sway of its enigmatic leader."
80141261,Don't Look Down,Daniel Gordon,Richard Branson,United Kingdom,TV-MA,93,"Documentaries, International Movies","Aided by dramatic reconstructions and archive footage, Sir Richard Branson recounts his daring attempts to break hot air balloon records."
80125512,Lavender,Ed Gass-Donnelly,"Abbie Cornish, Diego Klattenhoff, Justin Long, Dermot Mulroney, Lola Flanery, Sarah Abbott, Liisa Repo-Martell, Peyton Kennedy","Canada, United States",NR,93,"Dramas, International Movies, Thrillers","After discovering old fractures in her skull, a photographer recovering from amnesia becomes increasingly haunted by a sinister childhood secret."
80104237,The Tenth Man,Daniel Burman,"Alan Sabbagh, Julieta Zylberberg, Usher Barilka, Elvira Onetto, Adrián Stoppelman, Dan Breitman, Elisa Carricajo",Argentina,TV-MA,81,"Dramas, International Movies","After spending much of his adult life in New York, an affable economist returns home to Buenos Aires and tries to reconnect with his aloof father."
80093107,Toro,Kike Maíllo,"Mario Casas, Luis Tosar, José Sacristán, Claudia Canal, José Manuel Poga, Ingrid García Jonsson, Luichi Macías",Spain,NR,106,"Dramas, International Movies, Thrillers",Ex-con Toro's brother and former partner in crime makes a desperate plea for help that may put Toro back behind bars ... if he survives at all.
70299204,Kidnapping Mr. Heineken,Daniel Alfredson,"Jim Sturgess, Sam Worthington, Ryan Kwanten, Anthony Hopkins, Mark van Eeuwen, Thomas Cocquerel, Jemima West, David Dencik","Netherlands, Belgium, United Kingdom, United States",R,95,"Action & Adventure, Dramas, International Movies","When beer magnate Alfred ""Freddy"" Heineken is kidnapped in 1983, his abductors make the largest ransom demand in history."
80057969,Love,Gaspar Noé,"Karl Glusman, Klara Kristin, Aomi Muyock, Ugo Fox, Juan Saavedra, Gaspar Noé, Isabelle Nicou, Benoît Debie, Vincent Maraval, Déborah Révy","France, Belgium",NR,135,"Cult Movies, Dramas, Independent Movies",A man in an unsatisfying marriage recalls the details of an intense past relationship with an ex-girlfriend when he gets word that she may be missing.
80046728,Moonwalkers,Antoine Bardou-Jacquet,"Ron Perlman, Rupert Grint, Robert Sheehan, Stephen Campbell Moore, Eric Lampaert, Kevin Bishop, Tom Audenaert, Erika Sainte","France, Belgium",R,96,"Action & Adventure, Comedies, International Movies","A brain-addled war vet, a failing band manager and a Stanley Kubrick impersonator help the CIA construct an epic scam by faking the 1969 moon landing."
80057700,The Runner,Austin Stark,"Nicolas Cage, Sarah Paulson, Connie Nielsen, Wendell Pierce, Bryan Batt, Peter Fonda, Dana Gourrier",United States,R,90,"Dramas, Independent Movies",A New Orleans politician finds his idealistic plans for rebuilding after a toxic oil spill unraveling thanks to a sex scandal.
80045922,6 Years,Hannah Fidell,"Taissa Farmiga, Ben Rosenfield, Lindsay Burdge, Joshua Leonard, Jennifer Lafleur, Peter Vack, Dana Wheeler-Nicholson, Jason Newman, Molly McMichael",United States,NR,80,"Dramas, Independent Movies, Romantic Movies","As a volatile young couple who have been together for six years approach college graduation, unexpected career opportunities threaten their future."
80058026,Hell and Back,"Tom Gianas, Ross R. Shuman","Nick Swardson, Mila Kunis, Bob Odenkirk, T.J. Miller, Rob Riggle, Susan Sarandon, Danny McBride, Jennifer Coolidge, John Farley, Maria Bamford",United States,R,86,"Action & Adventure, Comedies, Independent Movies","When best friends break a blood oath, one of them is cast away to hell, and the other two must save him from the misfits of the underworld."
80162141,Hard Tide,"Robert Osman, Nathanael Wiseman","Nathanael Wiseman, Mem Ferda, Alexandra Newick, Oliver Stark, Kat Gellin, Andy Lucas, Ralph Brown, Beverly Hills",United Kingdom,TV-MA,79,"Dramas, Independent Movies",A drug dealer who's been emulating his father's successful criminal career is forced to go on the run with a young girl in this fact-based thriller.
80095641,Elstree 1976,Jon Spira,"Paul Blake, Jeremy Bulloch, John Chapman, Anthony Forrest, Laurie Goode, Garrick Hagon, Derek Lyons, Angus MacInnes, David Prowse, Pam Rose",United Kingdom,TV-PG,102,Documentaries,"Then and now footage of bit players who appeared in ""Star Wars"" tells the story of how the film and its legions of fans changed their lives forever."
80052612,Man Up,Ben Palmer,"Lake Bell, Simon Pegg, Ophelia Lovibond, Olivia Williams, Rory Kinnear, Henry Lloyd-Hughes, Ken Stott, Sharon Horgan, Harriet Walter, Stephen Campbell Moore, Dean-Charles Chapman, Phoebe Waller-Bridge","United Kingdom, France",R,88,"Comedies, International Movies, Romantic Movies","A single woman seizes an opportunity when, while standing under a train station clock, she meets a stranger who mistakes her for his blind date."
80019931,"Monster High: Boo York, Boo York",William Lau,"Karen Strassman, Celeste Henderson, Wendee Lee, TJ Smith, America Young, Rachel Staman, Laura Bailey",United States,TV-Y7,72,"Children & Family Movies, Music & Musicals",Cleo is invited to a gala in the big city celebrating a magical comet and brings her best friends along. But the sinister Nefera has other plans.
81002864,Single,Raditya Dika,"Raditya Dika, Annisa Rawles, Chandra Liow, Pandji Pragiwaksono, Babe Cabita, Elvira Devinamira, Tinna Harahap, Pevita Pearce, Rinna Hassim, Dede Yusuf, Dewi Hughes",Indonesia,TV-PG,127,"Comedies, International Movies, Romantic Movies","Unemployed and immature, a somewhat pathetic bachelor sets his sights on finding a date for the wedding of his younger, more successful brother."
80060037,Much Loved,Nabil Ayouch,"Loubna Abidar, Asmaa Lazrak, Halima Karaouane, Sara El Mhamdi Elaaloui, Abdellah Didane, Danny Boushebel, Carlo Brandt, Camélia Montassere","France, Morocco",TV-MA,104,"Dramas, Independent Movies, International Movies",Four friends who make their living as prostitutes in Morocco deal with both the dangers and stigma that come with their profession.
80059432,SMOSH: The Movie,Alex Winter,"Ian Hecox, Anthony Padilla, Jenna Marbles, Grace Helbig, Harley Morenstein, Jillian Nelson, Brittany Ross, Michael Ian Black, Steve Austin",United States,PG-13,83,Comedies,"To keep his teen crush from spotting him in an embarrassing YouTube video, Anthony and his friend Ian must enter the virtual world and alter the clip."
80066798,Keith Richards: Under the Influence,Morgan Neville,Keith Richards,United States,TV-PG,82,"Documentaries, Music & Musicals","In a documentary with unparalleled access, discover the people and sounds that inspired rock 'n' roll legend Keith Richards from childhood to today."
80037280,The Witch,Robert Eggers,"Anya Taylor-Joy, Ralph Ineson, Kate Dickie, Harvey Scrimshaw, Ellie Grainger, Lucas Dawson, Bathsheba Garnett, Sarah Stephens, Julian Richings, Wahab Chaudhry","United Kingdom, Canada, United States",R,92,"Horror Movies, Independent Movies","Believing that a witch has cursed their family, pilgrims homesteading on the edge of a primeval New England forest become increasingly paranoid."
81003984,Barça Dreams,Jordi Llompart,"Johan Cruyff, Andrés Iniesta, Gary Lineker, Xavi Hernández, Lionel Messi, Pau Gasol",Spain,TV-14,122,"Documentaries, International Movies, Sports Movies",Explore the history and philosophies behind one of the world's most beloved – and successful – soccer franchises: FC Barcelona.
80205314,Lorai: Play to Live,Parambrata Chatterjee,"Prasenjit Chatterjee, Payel Sarkar, Indrasish Roy, Kanchan Mullick, Kharaj Mukherjee, Gargi Roychowdhury, Deepankar De, Biswajit Chakraborty, Bharat Kaul, Rajat Ganguly",India,TV-14,155,"Dramas, International Movies, Sports Movies","Under a government initiative, a retired alcoholic soccer player is sent to establish a soccer team in a politically troubled area."
80106140,A Noble Intention,Joram Lürsen,"Gijs Scholten van Aschat, Jacob Derwig, Rifka Lodeizen, Juda Goslinga, Zeb Troostwijk, Elisabeth Hesemans, Joosje Duk",Netherlands,NR,111,"Dramas, International Movies","In 1888 Amsterdam, a headstrong violin maker finds himself immersed in peril and tragedy after challenging businessmen who threaten his community."
80106137,Bon Bini Holland,Jelle de Jonge,"Jandino Asporaat, Liliana de Vries, Teun Kuilboer, Sergio IJssel, Dennis Rudge, Alpha Oumar Barry, Phi Nguyen",Netherlands,TV-14,88,"Comedies, International Movies","On the island of Curaçao, an amiable scam artist angers gangsters and flees to Holland, where his conscience is torn between a woman and a new scheme."
80102579,Full Out,Sean Cisterna,"Jennifer Beals, Ana Golja, Art Hindle, Jake Epstein, Ramona Milano, Trevor Tordjman, Lamar Johnson, Asha Bromfield, Sarah Fisher","Canada, United States",TV-PG,88,"Children & Family Movies, Dramas, Sports Movies","After a debilitating accident ends her Olympic dreams, gymnast Ariana Berlin finds recovery and hope in the world of hip-hop and college athletics."
80114419,Off Course,Nacho G. Velilla,"Yon González, Julián López, Blanca Suárez, Malena Alterio, Úrsula Corberó, Miki Esparbé, Younes Bachir, Javier Cámara, Carmen Machi, José Sacristán",Spain,TV-MA,107,"Comedies, International Movies","Fed up with the uselessness of their degrees and swayed by a TV commercial, two Spaniards head to Berlin for work but find it not quite as advertised."
81002592,Jackpot,Dustin Nguyen,"Chi Tai, Lan Ngoc, Dustin Nguyen, Thu Trang",Vietnam,TV-14,92,"Comedies, Dramas, International Movies",A lottery ticket salesperson faces an ethical dilemma after setting aside a soon-to-be winning ticket for a customer to pick up and pay for later.
80084834,Heneral Luna,Jerrold Tarog,"John Arcilla, Mon Confiado, Arron Villaflor, Joem Bascon, Archie Alemania, Art Acuña, Alex Medina, Nonie Buencamino, Lorenz Martinez, Jeffrey Quizon, Alvin Anson, Mylene Dizon, Bing Pimentel, Leo Martinez, Ketchup Eusebio, Ronnie Lazaro, Paulo Avelino",Philippines,R,118,"Dramas, International Movies",Flashbacks reveal Gen. Antonio Luna's tireless fight for Filipino independence from the U.S. and his leadership in the Philippine-American War in 1899.
80067754,Equals,Drake Doremus,"Nicholas Hoult, Kristen Stewart, Jacki Weaver, Guy Pearce, Rebecca Hazlewood, Scott Lawrence, Kai Lennox, Rizwan Manji","United States, Indonesia",PG-13,102,"Dramas, Romantic Movies, Sci-Fi & Fantasy",Two young lovers depart from the norm simply by having romantic feelings for each other in a society where humans have been relieved of all emotions.
80045783,Manson Family Vacation,J. Davis,"Jay Duplass, Linas Phillips, Leonora Pitts, Adam Chernick, Davie-Blue, Suzanne Ford, Tobin Bell",United States,NR,85,"Comedies, Dramas, Independent Movies","The pleasant family life of an L.A. attorney is disrupted by the sudden arrival of his brother, who is obsessed with the Charles Manson murders."
80081372,A Tale of Love and Darkness,Natalie Portman,"Natalie Portman, Gilad Kahana, Amir Tessler, Moni Moshonov, Ohad Knoller, Makram Khoury, Neta Riskin, Alexander Peleg, Rotem Keinan, Tomer Kapon","Israel, United States",PG-13,98,"Dramas, International Movies","Based on the memoirs of author Amos Oz, this poetic drama shares his family's tale of suffering and survival in the early years of independent Israel."
80064515,The Hateful Eight,Quentin Tarantino,"Samuel L. Jackson, Kurt Russell, Jennifer Jason Leigh, Walton Goggins, Demián Bichir, Tim Roth, Michael Madsen, Bruce Dern, James Parks, Dana Gourrier, Channing Tatum, Zoë Bell",United States,R,168,"Action & Adventure, Thrillers","Years after the Civil War, a bounty hunter and his captive are waylaid by a Wyoming blizzard and hole up in a way station with six dicey strangers."
80062011,Walt Disney Animation Studios Short Films Collection,"Chris Buck, Jennifer Lee, Patrick Osborne, Lauren MacMullan, John Kahrs, Nathan Greno, Byron Howard, Stevie Wermers, Dean Wellins, Kevin Deters, Roger Allers, Mike Gabriel, Mark Henn","Kristen Bell, Josh Gad, Jonathan Groff, Idina Menzel, Geoffrey Jones, Alfre Woodard, Carrie Harrington, Tim Hodge, David Murray, Sarah Chalke, Dave Foley, Derek Richardson, Betty White, Zachary Levi, Mandy Moore",United States,TV-G,90,Children & Family Movies,"This collection of 12 short films from Disney includes ""Frozen Fever,"" the Mickey Mouse short ""Get a Horse!"" and Oscar winners ""Paperman"" and ""Feast."""
80205231,Baahubali: The Beginning (English Version),S.S. Rajamouli,"Prabhas, Rana Daggubati, Anushka Shetty, Tamannaah Bhatia, Sathyaraj, Nassar, Ramya Krishnan, Sudeep",India,TV-14,138,"Action & Adventure, Dramas, International Movies",Villagers in the kingdom of Mahismati rescue a baby who is destined to embark on a heroic quest in this English version of S.S. Rajamouli's epic.
80017286,While We're Young,Noah Baumbach,"Ben Stiller, Naomi Watts, Adam Driver, Amanda Seyfried, Charles Grodin, Adam Horovitz, Dree Hemingway, Brady Corbet, Maria Dizzia, Matthew Maher, Peter Yarrow, Dean Wareham",United States,R,97,"Comedies, Dramas, Independent Movies","A documentary filmmaker struggling with a creative block meets a vibrant young hipster couple who, initially, bring new energy into his life and work."
70295169,Hunter's Prayer,Jonathan Mostow,"Sam Worthington, Odeya Rush, Amy Landecker, Allen Leech, Verónica Echegui","United States, Spain, Germany",R,91,"Action & Adventure, Independent Movies",A hired gun has second thoughts when he's contracted to kill a teenage girl whose father's shady business dealings put her life in danger.
80039050,I'll See You in My Dreams,Brett Haley,"Blythe Danner, Martin Starr, June Squibb, Rhea Perlman, Mary Kay Place, Malin Akerman, Sam Elliott, Aarti Mann, Mark Adair-Rios, Ashley Spillers",United States,PG-13,96,"Comedies, Dramas, Independent Movies","After the passing of her dog, a long-widowed senior citizen is in need of companionship. Two very different possibilities present themselves."
70295176,Tracers,Daniel Benmayor,"Luciano Acuna Jr., Adam Rayner, Marie Avgeropoulos, Rafi Gavron, Taylor Lautner, Sam Medina, Amirah Vann, Johnny M. Wu, Josh Yadon, Christian Steel",United States,PG-13,94,Action & Adventure,"When a bike messenger falls into debt with organized criminals, a sexy woman draws him into her high-stakes world of parkour, teaching him new skills."
80038442,Results,Andrew Bujalski,"Guy Pearce, Cobie Smulders, Kevin Corrigan, Giovanni Ribisi, Anthony Michael Hall, Brooklyn Decker, Constance Zimmer, Tishuan Scott",United States,R,105,"Comedies, Independent Movies","After an ugly divorce, a wealthy but unhappy man trains at a local gym and develops a strange relationship with the owner and a captivating trainer."
80039069,Sleeping with Other People,Leslye Headland,"Jason Sudeikis, Alison Brie, Adam Scott, Jason Mantzoukas, Natasha Lyonne, Adam Brody, Amanda Peet",United States,R,101,"Comedies, Dramas, Independent Movies","Many years after hooking up in college, two people cross paths and realize they are both serial philanderers who need each other's help to reform."
80046779,Anjelah Johnson: Not Fancy,Jay Karas,Anjelah Johnson-Reyes,United States,TV-14,64,Stand-Up Comedy,"The actress, comedian and YouTube sensation riffs on everything from nail salons and Gypsies to Mexican moms and super-sleuthing Liam Neeson."
81035749,The Gospel of Luke,David Batty,"Selva Rasalingam, Karima Gouit, Mourad Zaoui, El Mahmoudi M'Barek, Abdelilah Wahbi, Abdelaziz N'Mila, Ait Youssef Youssef, Mohamed El Korchi, Ramdane Aala","United States, United Kingdom, Morocco",TV-14,205,"Dramas, Faith & Spirituality",Word-for-word Bible texts of the entire book of Luke are narrated and re-enacted in this epic production of the Gospel's accounts of Jesus's life.
81035750,The Gospel of Mark,David Batty,"Selva Rasalingam, Mourad Zaoui, El Mahmoudi M'Barek, Abdelilah Wahbi, Abdelaziz N'Mila, Ait Youssef Youssef",,TV-14,123,"Dramas, Faith & Spirituality","See Jesus from a disciple's point of view in this first-ever, word-for-word film adaptation of the Gospel of Mark, lauded for its historical accuracy."
80043834,Sinister 2,Ciarán Foy,"Shannyn Sossamon, John Beasley, James Ransone, Tate Ellington, Robert Daniel Sloan, Dartanian Sloan, Lucas Jade Zumann, Lea Coco","United States, United Kingdom",R,97,Horror Movies,"A single mother and her twin sons move into a rural house, unaware of its history of being inhabited by an evil spirit that preys upon young children."
80089199,A Family Affair,Tom Fassaert,Tom Fassaert,"Netherlands, Denmark, South Africa",TV-PG,111,"Documentaries, International Movies",The filmmaker hunts for the missing puzzle pieces of his family history during a visit with a complex and controversial figure: his grandmother.
80043049,Anthony Jeselnik: Thoughts and Prayers,Adam Dubin,Anthony Jeselnik,United States,TV-MA,59,Stand-Up Comedy,There's no subject too dark as the comedian skewers taboos and riffs on national tragedies before pulling back the curtain on his provocative style.
80044545,Beasts of No Nation,Cary Joji Fukunaga,"Idris Elba, Abraham Attah, Kurt Egyiawan, Jude Akuwudike, Emmanuel ""King Kong"" Nii Adom Quaye, Ama K. Abebrese, Kobina Amissah Sam, Francis Weddey, Richard Pepple",United States,NR,137,"Dramas, Independent Movies","When civil war tears his family apart, a young West African boy is forced to join a unit of mercenary fighters and transform into a child soldier."
80070182,Circle,"Aaron Hann, Mario Miscione","Julie Benz, Mercy Malick, Carter Jenkins, Molly Jackson, Michael Nardelli, Sara Sanderson, Kevin Sheridan, Cesar Garcia, Lisa Pelikan, Zachary James Rukavina, Lawrence Kao, Jordi Vilasuso, Kaiwi Lyman-Mersereau, Michael McLafferty, Allegra Masters, Autumn Federici, John Edward Lee, Matt Corboy",United States,NR,86,"Dramas, Independent Movies, Sci-Fi & Fantasy","When a group of strangers is seized and awaits execution, they face the impossible task of choosing the one person among them worthy of being spared."
80203782,Aisa Yeh Jahaan,Biswajeet Bora,"Palash Sen, Ira Dubey, Yashpal Sharma, Tinnu Anand, Prisha Dabbas, Kymsleen Kholie, Satish Sharma",India,TV-14,127,"Dramas, Independent Movies, International Movies","During a vacation with her parents, away from her concrete urban existence, a young girl learns to appreciate the joys of connecting with nature."
80126016,Belief: The Possession of Janet Moses,David Stubbs,"Kura Forrester, William Davis, Tina Cook, Hariata Moriarty",New Zealand,TV-MA,90,"Documentaries, International Movies","This documentary tries to reconstruct, through a series of interviews, a family's misguided attempt to heal a woman's pain through exorcism."
80202089,Calendar Girls,Madhur Bhandarkar,"Akanksha Puri, Avani Modi, Kyra Dutt, Ruhi Singh, Satarupa Pyne, Mita Vashisht, Keith Sequeira, Deepak Wadhwa, Indraneil Sengupta, Vikram Sakhalkar",India,TV-14,126,"Dramas, International Movies",Five calendar models try to navigate the twists and turns thrown in their path by the seductive and ruthless world of glamour.
80201825,Gour Hari Dastaan: The Freedom File,Ananth Narayan Mahadevan,"Vinay Pathak, Konkona Sen Sharma, Ranvir Shorey, Tannishtha Chatterjee, Rajit Kapoor, Vikram Gokhale, Vipin Sharma, Rahul Vohra, Saurabh Shukla, Asrani",India,TV-14,109,"Dramas, Independent Movies, International Movies",A former freedom fighter is forced to navigate the corridors of a disinterested bureaucracy to prove that he fought in India's freedom movement.
80123744,Blind Date,Clovis Cornillac,"Mélanie Bernier, Clovis Cornillac, Lilou Fogli, Philippe Duquesne, Grégoire Oestermann, Oscar Copp, Boris Terral, Manu Payet",France,TV-14,91,"Comedies, International Movies, Romantic Movies","A passionate pianist and a soulful puzzle maker who treasures silence aren't the best neighbors, but things get interesting when they start to date."
80075009,Suburra,Stefano Sollima,"Pierfrancesco Favino, Elio Germano, Claudio Amendola, Alessandro Borghi, Greta Scarano, Giulia Gorietti, Jean-Hugues Anglade, Antonello Fassari, Lidia Vitale","Italy, France",NR,135,"Dramas, International Movies, Thrillers",A grueling battle over turning a seaside town near Rome into a gambling paradise exposes criminal rivalries and endemic corruption on a grand scale.
81016322,Filosofi Kopi The Movie,Angga Dwimas Sasongko,"Chicco Jerikho, Rio Dewanto, Julie Estelle, Jajang C. Noer, Slamet Rahardjo, Otig Pakis, Arash Buana, Hazel Raditya, Dimas Harya, Westny Dj",Indonesia,TV-PG,118,"Dramas, International Movies",The level-headed owner of a struggling coffee shop finds his future at risk when his partner – a talented but cocky barista – makes a major bet.
80048200,Fishtail,Andrew Renzi,Harry Dean Stanton,United States,NR,61,Documentaries,Harry Dean Stanton narrates this documentary that follows two modern-day cowboys as they welcome new calves at Montana's Fishtail Basin Ranch.
81024713,Judge Singh LLB,Atharv Baluja,"Ravinder Grewal, B.N. Sharma, Sardar Sohi, Chandan Prabhakar, Anita Devgan, Harpal Singh, Hardeep Gill, Surbhi Mahendru",India,TV-14,137,"Comedies, Dramas, International Movies","Framed by a politician for committing murder, a lower-class boy hires the only counsel he can afford: a lawyer with no courtroom experience."
70303495,Phantom,Kabir Khan,"Saif Ali Khan, Katrina Kaif, Sabyasachi Chakraborty, Mohammed Zeeshan Ayyub, Sohaila Kapoor, Denzil Smith",India,TV-14,129,"Action & Adventure, International Movies",India's primary intelligence agency sends an enigmatic operative on a top-secret mission to avenge the 11/26 terrorist attack on Mumbai.
80084767,Saadey CM Saab,Vipin Parashar,"Harbhajan Mann, Kashish Singh, Gurpreet Guggi, Rahul Singh, Dev Gill, Inder Bajwa",India,TV-14,131,"Comedies, Dramas, International Movies",Three old friends who have always hated politics are in for a shock when the friend who dislikes politics the most is somehow elected head minister.
80084667,What the Jatt!!,Saket Behl,"Harish Verma, Isha Rikhi, Vipul Roy, Binnu Dhillon, Poonam Rajput, B.N. Sharma, Satti Sembi",India,TV-14,140,"Comedies, International Movies, Romantic Movies","A peasant from Punjab and his best friend pose as detectives, filmmakers and more while trying to retrieve stolen money in this romantic comedy."
80062096,April and the Extraordinary World,"Christian Desmares, Franck Ekinci","Angela Galuppo, Paul Giamatti, Susan Sarandon, Tony Hale, J.K. Simmons, Tony Robinow, Mark Camacho, Tod Fennell, Carlos Alazraqui, Kari Wahlgren","France, Canada, Belgium",PG,107,"Action & Adventure, Comedies, International Movies","After the world's top scientists disappear, orphaned April secretly forges ahead with a family experiment and gets tangled up in a vast conspiracy."
80031038,Barbie in Princess Power,Zeke Norton,"Kelly Sheridan, Britt Irvin, Michael Kopsa, Rebecca Husain, Kira Tozer",United States,TV-Y,74,Children & Family Movies,"A princess with a predictable life finds herself transformed by a magical butterfly's kiss into Super Sparkle, a crime-fighting superhero."
80065930,Barbie in Rock 'N Royals,Karen J. Lloyd,"Kelly Sheridan, Chiara Zanni, Bethany Brown, Devyn Dalton, Michael Dobson, Brynna Drummond, Rachel Harrison, Alessandro Juliani, Peter Kelamis, Omari Newton, Ingrid Nilson, Nicole Oliver, Shaun Smyth, Kira Tozer",United States,TV-Y,83,Children & Family Movies,"When royal Princess Courtney trades places with famous rock star Erika, two worlds collide while both learn to appreciate new friends and experiences."
80075828,Miss Hokusai,Keiichi Hara,"Anne Watanabe, Yutaka Matsushige, Gaku Hamada, Kengo Kora, Jun Miho, Shion Shimizu, Michitaka Tsutsui, Ethan Murray, Kevin T. Collins, Barbara Goodson, Cindy Robinson, Mike Pollock, Robbie Daymond, Marc Diraison, Richard Epcar, Erica Lindbeck",Japan,PG-13,90,Anime Features,"Herself a talented artist, O-Ei works with her father, Tetsuzo, later known as Hokusai, on the woodblock prints that would make Edo famous worldwide."
80063290,Phantom Boy,"Jean-Loup Felicioli, Alain Gagnol","Marcus D'Angelo, Vincent D'Onofrio, Fred Armisen, Jared Padalecki, Joey Camen, Brian T. Delaney, Melissa Disney, Bill Lobley, Amanda Céline Miller, Dana Snyder, Stephanie Sheh","France, Belgium",PG,85,"Action & Adventure, Dramas, International Movies",A boy whose illness allows him to float outside his body uses his newfound skill to help a cop take on a madman who's terrorizing New York City.
80094453,Chatô: The King of Brazil,Guilherme Fontes,"Marco Ricca, Andrea Beltrão, Letícia Sabatella, Leandra Leal, Gabriel Braga Nunes, Paulo Betti, Marcos Oliveira, Eliane Giardini",Brazil,NR,105,"Dramas, International Movies","The romanticized life of media mogul Assis Chateaubriand depicts him as the star of a televised trial, where his passions and achievements are judged."
80092849,My Big Night,Álex de la Iglesia,"Raphael, Mario Casas, Pepón Nieto, Blanca Suárez, Hugo Silva, Carmen Machi, Luis Callejo, Carlos Areces, Enrique Villén, Santiago Segura, Jaime Ordoñez, Tomás Pozzi, Carolina Bang, Ana Polvorosa, Luis Fernández",Spain,TV-MA,97,"Comedies, International Movies",An unemployed man gets a job as an extra at the shooting of a New Year's Eve TV special that's beset by crises and seems to go on forever.
80038288,Umrika,Prashant Nair,"Suraj Sharma, Tony Revolori, Smita Tambe, Adil Hussain, Rajesh Tailang, Prateik Babbar, Pramod Pathak, Amit Sial, Sauraseni Maitra",India,TV-14,96,"Dramas, Independent Movies, International Movies","An ambitious man leaves his small Indian village for America. But when his letters to home stop coming, his brother sets out on his own adventure."
80057565,The Sea of Trees,Gus Van Sant,"Matthew McConaughey, Naomi Watts, Ken Watanabe, Katie Aselton, Jordan Gavaris",United States,PG-13,111,Dramas,"A brooding American unable to cope with personal crisis travels to ""suicide forest"" near Mount Fuji, where he meets a fellow lost wanderer."
81002597,Yes or No 2.5,Kirati Nakintanon,"Supanart Jittaleela, Pimpakan Bangchawong, Chansakorn Kittiwattanakorn, Sunanta Yoonniyom",Thailand,TV-PG,107,"International Movies, LGBTQ Movies, Romantic Movies","Roommates Wine and Pie find their lives turned upside down when two more ladies move in next door, bringing up past heartaches and new attractions."
80080491,Into the Forest,Patricia Rozema,"Ellen Page, Evan Rachel Wood, Max Minghella, Callum Keith Rennie, Michael Eklund, Wendy Crewson",Canada,R,102,"Dramas, International Movies, Sci-Fi & Fantasy","In the near future, two frightened sisters fight for survival after losing their father during a deadly, quietly looming apocalypse."
80046777,Krisha,Trey Edward Shults,"Krisha Fairchild, Alex Dobrenko, Robyn Fairchild, Chris Doubek, Victoria Fairchild, Bryan Casserly, Chase Joliet, Atheena Frizzell, Augustine Frizzell, Bill Wise, Olivia Grace Applegate, Trey Edward Shults",United States,R,81,"Dramas, Independent Movies","After 10 years away from her family, Krisha returns for Thanksgiving, but bitter grudges and troubling addictions threaten to ruin the event."
80147529,Harold and Lillian: A Hollywood Love Story,Daniel Raim,"Harold Michelson, Lillian Michelson, Mel Brooks, Francis Ford Coppola, Danny DeVito",United States,TV-14,95,Documentaries,"Storyboard artist Harold Michelson and his film researcher wife, Lillian, recall the influence they had on 60 years of Hollywood's biggest hits."
80159876,Girls und Panzer der Film,Tsutomu Mizushima,"Mai Fuchigami, Ai Kayano, Mami Ozaki, Ikumi Nakagami, Yuka Iguchi, Misato Fukuen, Mikako Takahashi, Kana Ueda, Mika Kikuchi, Maya Yoshioka",Japan,TV-14,121,"Action & Adventure, Anime Features, International Movies",The girls of Ōarai High must face off against a formidable university team in a fierce tank battle to once again avoid closure of their school.
80107037,Ludo,"Qaushiq Mukherjee, Nikon","Ranodeep Bose, Soumendra Bhattacharya, Subholina Sen, Ananya Biswas",India,TV-MA,88,"Horror Movies, Independent Movies, International Movies","Needing a secluded place for a late-night tryst, two couples stow away in a mall after hours, but are quickly ensnared in a gruesome and deadly game."
80080109,De Palma,"Noah Baumbach, Jake Paltrow",Brian De Palma,United States,R,110,Documentaries,"Iconoclastic film director Brian DePalma takes a look back at the production of such classic movies as ""Carrie,"" ""Scarface"" and ""The Untouchables."""
80081990,Dream/Killer,Andrew Jenks,"Bill Ferguson, Ryan Ferguson",United States,TV-MA,109,Documentaries,This riveting crime doc follows Bill as he confronts America's broken judicial system after his son is falsely sentenced to 40 years in prison.
81215439,"Liar, Liar, Vampire",Vince Marcello,"Rahart Adams, Brec Bassinger, Tiera Skovbye, Larissa Albuquerque, Sarah Grey, Drew Tanner, Pauline Egan, Alex Zahara, Samuel Patrick Chu",United States,TV-PG,68,"Children & Family Movies, Comedies","When a shy teen transfers to a new school, he elects to mix things up by playing along with the rumor that he's a vampire."
81214214,The Massively Mixed-Up Middle School Mystery,Will Eisenberg,"Garrett Ryan, Adam Hochstetter, Haley Tju, Brianne Tju, Jenna Ortega, Aaron Eisenberg, Celestial, Richard Balin",United States,TV-G,40,"Children & Family Movies, Comedies","After the school principal gets pranked, a curious crew of preteen super sleuths tests their detective skills to solve an underwater ruse."
80079470,Naomi and Ely's No Kiss List,Kristin Hanggi,"Victoria Justice, Pierson Fode, Matthew Daddario, Ryan Ward, Griffin Newman, Monique Coleman, Danny Flaherty",United States,NR,91,"Comedies, Dramas, LGBTQ Movies","Naomi and her gay best friend, Ely, have been inseparable since childhood, but their bond faces its biggest test yet when they fall for the same guy."
80046819,Suffragette,Sarah Gavron,"Carey Mulligan, Helena Bonham Carter, Brendan Gleeson, Anne-Marie Duff, Ben Whishaw, Romola Garai, Meryl Streep, Finbar Lynch, Natalie Press, Samuel West, Geoff Bell, Amanda Lawrence, Shelley Longworth","United Kingdom, France",PG-13,107,"Dramas, International Movies","At the beginning of the 20th century, circumstances drive a young, idealistic suffragette to find radical approaches to fighting male oppression."
80075824,Only the Dead,"Bill Guttentag, Michael Ware",Michael Ware,"Australia, Iraq",TV-MA,76,"Documentaries, International Movies","Given unprecedented access to soldiers and terrorists alike, journalist Michael Ware presents an epic, uncensored, intimate account of the Iraq War."
80196044,The Crew,Julien Leclercq,"Sami Bouajila, Guillaume Gouix, Youssef Hajdi, Redouane Behache, Kahina Carina, David Saracino, Alice de Lencquesaing, Baya Belal, Steve Tientcheu, Kaaris",France,TV-MA,81,"Action & Adventure, International Movies","After an unexpected misstep, a crew of skilled Parisian robbers find themselves forced to carry out a daring heist for a powerful crime organization."
80058424,John Mulaney: The Comeback Kid,Rhys Thomas,John Mulaney,United States,TV-MA,62,Stand-Up Comedy,"Armed with boyish charm and a sharp wit, the former ""SNL"" writer offers sly takes on marriage, his beef with babies and the time he met Bill Clinton."
80060034,Green Room,Jeremy Saulnier,"Anton Yelchin, Imogen Poots, Patrick Stewart, Alia Shawkat, Joe Cole, Callum Turner, Macon Blair, David W. Thompson, Mark Webber, Eric Edelstein, Kai Lennox",United States,R,95,"Horror Movies, Thrillers","At the end of their low-budget tour, a punk band accepts a gig at an isolated rural club, only to discover that their hosts are neo-Nazis."
80057750,ABCD 2,Remo D'Souza,"Prabhu Deva, Varun Dhawan, Shraddha Kapoor, Lauren Gottlieb, Sushant Pujari, Punit Pathak, Dharmesh Yelande, Raghav Juyal",India,TV-14,146,"Dramas, International Movies, Music & Musicals","After being accused of cheating on a reality TV show, a dance troupe seeks to redeem itself by winning the World Hip-Hop Dance Championship."
80058851,Gaddar: the Traitor,Amitoj Mann,"Harbhajan Mann, Manpneet Grewal, Ashish Duggal, Girja Shankar, Shavinder Mahal, Rupinder Roopi, Anita Meet, Tarsem Paul, Balkaran Wadding, Bobby Sandhu",India,TV-MA,126,"Dramas, International Movies, Thrillers",An Indian man who has become a major business mogul in Canada must return to his homeland where he's reviled due to being wrongly branded a traitor.
80067906,Katti Batti,Nikhil Advani,"Imran Khan, Kangana Ranaut, Abhishek Saha, Mithila Palkar, Vivan Bhatena, Suhaas Ahuja, Nicole Faria, Adaar Malik",India,TV-14,132,"Comedies, Dramas, International Movies","After falling in love during college, architect Maddy and free spirit Payal have five wonderful years together, until a mystery suddenly divides them."
81015100,Sommore: The Reign Continues,Kevin Layne,Sommore,United States,TV-MA,93,Stand-Up Comedy,"Self-proclaimed ""Queen of Comedy"" Sommore storms the stage to deliver a riotous stand-up performance in Charlotte, North Carolina."
80076581,Stink!,Jon J. Whelan,Jeffrey Hollender,United States,TV-PG,91,Documentaries,"After noting a strange odor in his child’s pajamas, a single dad’s search for the source uncovers potentially toxic secrets of the chemical industry."
80079229,Kis Kisko Pyaar Karoon,"Abbas Alibhai Burmawalla, Mastan Alibhai Burmawalla","Kapil Sharma, Arbaaz Khan, Varun Sharma, Sharat Saxena, Supriya Pathak, Manoj Joshi, Manjari Fadnis, Simran Kaur Mundi, Elli Avram, Jamie Lever",India,TV-PG,132,"Comedies, International Movies","A man's decision to marry three women, to keep them from committing suicide, complicates his relationship with his girlfriend."
80080145,Moor,Jami,"Hameed Sheikh, Samiya Mumtaz, Shaz Khan, Abdul Qadir, Shabbir Rana, Sultan Hussain, Ayaz Samoo, Nayyar Ejaz, Sonia Hussain","Pakistan, United States",TV-14,135,"Dramas, Independent Movies, International Movies","A railway stationmaster tries to cope with his wife's death, his estrangement from his son and the corrupt world in which he lives."
80216215,Warehoused,Jack Zagha Kababie,"José Carlos Ruiz, Hoze Meléndez",Mexico,TV-14,92,"Comedies, Dramas, International Movies",A soon-to-be-retiring Mr. Lino teaches 20-something Nin the strict rules of his new warehouse job in this dramedy about the absurdities of work life.
80144358,A Grand Night In: The Story of Aardman,Richard Mears,Julie Walters,United Kingdom,TV-PG,59,Documentaries,"Aardman Animations icons Wallace & Gromit, Morph and more join fans and collaborators for a retrospective celebrating the studio's 40th anniversary."
80093212,Spanish Affair 2,Emilio Martínez Lázaro,"Dani Rovira, Clara Lago, Karra Elejalde, Carmen Machi, Belén Cuesta, Berto Romero, Rosa María Sardà, Alfonso Sánchez, Alberto López, Josep Maria Riera",Spain,NR,107,"Comedies, International Movies, Romantic Movies",Spanish provincialism is put into the spotlight as a man from the Basque Country embarks on a mission to keep his daughter from marrying a Catalan.
81035845,Regatta,Mohamed Samy,"Amr Saad, Ilham Shaheen, Rania Yousef",Egypt,TV-MA,100,"Action & Adventure, Dramas, International Movies",Inside one of Cairo's most impoverished areas exists a place where criminals control everything and everyone.
80059440,The Chosen Ones,David Pablos,"Nancy Talamantes, Óscar Torres, Leidi Gutiérrez, José Santillán Cabuto, Edward Coward, Alicia Quiñonez, Raquel Presa, Susana Pérez, Gisela Madrigal, Jorge Calderon, Felipe Tututi","Mexico, France",NR,107,"Dramas, Independent Movies, International Movies","Young Ulises falls in love with teen Sofia, even as he is forced to lure her into his family's prostitution ring. Now he'll do anything to rescue her."
80087897,4th Man Out,Andrew Nackman,"Evan Todd, Parker Young, Chord Overstreet, Jon Gabrus, Kate Flannery, Brooke Dillman, Jennifer Damiano, Jordan Lane Price, Alex Rennie, Jake Epstein",United States,NR,86,"Comedies, LGBTQ Movies","A young mechanic comes out to his extremely straight best friends. Once they get used to the idea, they're determined to help him find the right guy."
80038335,Jen Kirkman: I'm Gonna Die Alone (And I Feel Fine),Lance Bangs,Jen Kirkman,United States,TV-MA,78,Stand-Up Comedy,"Jen Kirkman delivers some sharp, hilarious truths about divorce, kids, sex and turning 40 in this Netflix original comedy special."
80011852,The Other One: The Long Strange Trip of Bob Weir,Mike Fleiss,Bob Weir,United States,TV-14,84,"Documentaries, Music & Musicals",This chronicle of Bob Weir highlights his brotherhood with Jerry Garcia and his success as a member of one of the world's most influential bands.
80080768,The Blackcoat's Daughter,Osgood Perkins,"Emma Roberts, Kiernan Shipka, Lucy Boynton, Lauren Holly, James Remar, Greg Ellwand, Elana Krausz, Heather Tod Mitchell, Peter James Haworth, Emma Holzer","Canada, United States",R,95,"Horror Movies, Independent Movies, Thrillers","When their parents fail to pick them up for winter break, two students stay on at an all-girls boarding school in the company of a terrible presence."
80057278,Gabbar Is Back,Krish,"Akshay Kumar, Shruti Haasan, Sunil Grover, Kareena Kapoor, Ishita Vyas, Suman Talwar, Jaideep Ahlawat, Shruti Bapna",India,TV-14,128,"Action & Adventure, Dramas, International Movies","After a vengeful college professor targets corruption in the government, he adopts the name ""Gabbar"" and becomes a hero to a weary public."
80082660,The Apostate,Federico Veiroj,"Álvaro Ogalla, Marta Larralde, Bárbara Lennie, Vicky Peña, Juan Calot, Kaiet Rodriguez, Andrés Gertrúdix, Joaquín Climent, Álvaro Roig, Tino Martinez, Mercedes Hoyos","Spain, France, Uruguay",TV-MA,80,"Comedies, Dramas, International Movies",A young man determined to renounce Catholicism by having his baptismal records excised is thwarted by church bureaucracy and his own inner conflicts.
80028359,Russell Madness,Robert Vince,"David Milchard, John Ratzenberger, Will Sasso, Mason Vale Cotton, John Hennigan, Sean Giambrone, Charles Robinson, Mckenna Grace, Kate Reinders, Fred Willard",United States,PG,93,"Children & Family Movies, Comedies, Sports Movies","A spunky terrier named Russell with serious wrestling chops becomes a sports phenomenon with the help of his coach, a monkey named Hunk."
80208082,Kill Hitler! The Luck of the Devil,Frédéric Tonolli,Jean-Baptiste Marcenac,France,TV-14,53,"Documentaries, International Movies","From politicians to officers, many attempted to kill Hitler – and failed. This documentary delves into the details of how their plots unraveled."
80990814,Ringan,Makarand Mane,"Shashank Shende, Sahil Joshi, Suhas Sirsat, Kalyanee Mulay, Vijay Salve, Umesh Jagtap, Shantanu Gangane, Abhay Mahajan, Vitthal Patil, Ketan Pawar",India,TV-14,103,"Dramas, International Movies","Desperate to save his land, an indebted farmer journeys to Pandharpur to seek divine blessing with his small son, who searches for his mother."
80990813,Waiting,Anu Menon,"Naseeruddin Shah, Kalki Koechlin, Rajat Kapoor, Rajeev Ravindranathan, Ratnabali Bhattacharjee, Suhasini, Arjun Mathur",India,TV-14,94,"Dramas, International Movies","While visiting his comatose wife in the hospital, a serene old professor befriends a vibrant young woman whose husband has also fallen into a coma."
80176698,Abby Sen,Atanu Ghosh,"Abir Chatterjee, Raima Sen, Arunima Ghosh, Priyanka Sarkar, Sujan Mukherjee, Kanchan Mullick, Biswanath Basu, Bhaswar Chatterjee, Swagata Basu, Tuhin Mitra, Paran Banerjee, Kharaj Mukherjee, Chiranjit",India,TV-PG,127,"Comedies, Dramas, International Movies","After losing his seventh job in a row, a TV producer and sci-fi buff travels back in time to 1980, where his employment prospects improve."
80165850,Dharam Sankat Mein,Fuwad Khan,"Paresh Rawal, Annu Kapoor, Alka Badola Kaushal, Auritra Ghosh, Manoj Raghubir Sharma, Rushita Pandya, Murli Sharma, Naseeruddin Shah",India,TV-PG,127,"Comedies, International Movies","After learning he was adopted from a Muslim couple, a Hindu man seeks his birth father but finds he must confront his bigotry to realize his quest."
80068117,Drishyam,Nishikant Kamat,"Ajay Devgn, Shriya Saran, Tabu, Rajat Kapoor, Ishita Dutta, Mrunal Jadhav, Prasanna Ketkar, Yogesh Sonam, Prathamesh Parab, Rishabh Chaddha",India,TV-14,162,"Dramas, International Movies, Thrillers",An unexceptional man becomes a murder suspect when the son of a high-ranking police official who harassed his daughter goes missing.
80106505,Loev,Sudhanshu Saria,"Shiv Pandit, Dhruv Ganesh, Siddharth Menon, Rishabh Chaddha",India,TV-MA,89,"Dramas, Independent Movies, International Movies",Lives are upended when a hiking trip leads a Wall Street hotshot to explore his true feelings for an old pal who’s disenchanted with his boyfriend.
80083589,Pyaar Ka Punchnama 2,Luv Ranjan,"Kartik Aaryan, Nushrat Bharucha, Sonalli Sehgall, Sunny Singh, Ishita Raj, Omkar Kapoor",India,TV-MA,136,"Comedies, Dramas, International Movies",Three young bachelors find the reality of relationships to be far removed from the idea of true romance that they had once pursued.
80093103,Palm Trees in the Snow,Fernando González Molina,"Mario Casas, Adriana Ugarte, Macarena García, Alain Hernández, Laia Costa, Emilio Gutiérrez Caba, Berta Vázquez, Daniel Grao",Spain,TV-MA,163,"Dramas, International Movies, Romantic Movies","Finding a tantalizing clue in an old letter, a young woman journeys to her family's tropical plantation to uncover generations of secrets."
80102305,Terra,"Yann Arthus-Bertrand, Michael Pitiot",Vanessa Paradis,France,TV-PG,98,"Documentaries, International Movies",This visually arresting documentary essay reflects on our relationship to other living creatures as humanity becomes more isolated from nature.
80107370,Thithi,Raam Reddy,"Thammegowda S., Channegowda, Abhishek H.N., Pooja, Singri Gowda","India, United States",TV-MA,123,"Dramas, Independent Movies, International Movies","In a South Indian village, a centenarian's funeral brings together his free-spirited son, inheritance-hungry grandson and girl-crazy great-grandson."
80095233,Zinzana,Majid Al Ansari,"Ali Suliman, Saleh Bakri, Yasa, Ali Al-Jabri, Mansoor Alfeeli, Ahd","United Arab Emirates, Jordan",NR,96,"Dramas, International Movies, Thrillers","Recovering alcoholic Talal wakes up inside a small-town police station cell, where he's subject to the mind games of a psychotic sadist."
81010874,That Thing Called Tadhana,Antoinette Jadaone,"Angelica Panganiban, JM de Guzman",Philippines,TV-MA,91,"International Movies, Romantic Movies","A devastating breakup with her boyfriend may be the start of a new beginning for Mace, thanks to an adventurous and kind stranger named Anthony."
80075018,The Love Affair,Nuel Naval,"Richard Gomez, Dawn Zulueta, Bea Alonzo, Tom Rodriguez, Tetchie Agbayani, Al Tantay, Ana Capri, Ina Feleo",Philippines,TV-MA,127,"Dramas, International Movies, Romantic Movies","Feeling betrayed by their romantic partners' infidelity, Adrianne and Vince struggle to forgive while finding comfort with each other."
80079265,Halo: The Fall of Reach,Ian Kirby,"Jen Taylor, Steve Downes, Michelle Lukes, Britt Baron, Travis Willingham, John Bently, Todd Haberkorn, Cole Jensen",United States,TV-14,65,"Action & Adventure, Sci-Fi & Fantasy",Witness the origins of Master Chief and the Spartan program as a group of children transform into enhanced soldiers and fight a powerful alien threat.
80038296,Aziz Ansari Live at Madison Square Garden,Aziz Ansari,Aziz Ansari,United States,TV-MA,58,Stand-Up Comedy,"Stand-up comedian and TV star Aziz Ansari (""Parks and Recreation"") delivers his sharp-witted take on immigrants, relationships and the food industry."
80011848,My Own Man,David Sampliner,David Sampliner,United States,NR,82,Documentaries,"When a man discovers he will be the father to a boy, his fear and insecurities send him on an emotional, humorous quest for his own manhood."
80085013,Everyday I Love You,Mae Czarina Cruz,"Enrique Gil, Liza Soberano, Gerald Anderson, Aiko Melendez, Carmina Villaroel, Ariel Rivera, Marissa Delgado, Liza Lorena",Philippines,TV-PG,124,"International Movies, Romantic Movies","While patiently waiting for her boyfriend to come out of his coma, Audrey finds herself falling for the caring and successful Ethan."
80049193,Kid Kulafu,Paul Soriano,"Robert Villar, Alessandra de Rossi, Cesar Montano, Alex Medina, Jake Macapagal, Khalil Ramos, Jomari Angeles, Kokoy DeSantos",Philippines,TV-14,108,"Dramas, International Movies, Sports Movies","Growing up in poverty and political turmoil, he found his way out in the ring. The early years of world-famous boxer Manny Pacquiao unfolds in this biopic."
80131168,Hiroshima: The Real History,Lucy van Beek,John Sessions,United Kingdom,TV-PG,95,Documentaries,This detailed examination of the 1945 Hiroshima bombing includes the prelude to and aftermath of history's controversial first use of atomic weapons.
80095531,Zubaan,Mozez Singh,"Vicky Kaushal, Sarah-Jane Dias, Raaghav Chanana, Manish Chaudhary, Meghna Malik, Malkeet Rauni, Anita Shabdish, Chittaranjan Tripathy",India,TV-MA,111,"Dramas, International Movies, Music & Musicals","A scrappy but poor boy worms his way into a tycoon's dysfunctional family, while facing his fear of music and the truth about his past."
80095806,Danny Says,Brendan Toller,"Danny Fields, Iggy Pop, Alice Cooper, Judy Collins, Tommy Ramone, Jac Holzman, Lenny Kaye, Wayne Kramer, John Cameron Mitchell, Jann Wenner",United States,TV-MA,103,"Documentaries, Music & Musicals","This documentary profiles eccentric publicist Danny Fields, who helped launch the careers of innovative new artists who would become musical icons."
80058460,He Never Died,Jason Krawczyk,"Henry Rollins, Booboo Stewart, Kate Greenhouse, Jordan Todosey, David Richmond-Peck, James Cade, Don Francks, Steven Ogg","United States, Canada",R,97,"Comedies, Horror Movies",A reclusive immortal who needs human flesh but tries to stay clean finds himself cast back into society by a gang of thugs and his estranged daughter.
80081274,Angry Indian Goddesses,Pan Nalin,"Amrit Maghera, Rajshri Deshpande, Pavleen Gujral, Anushka Manchanda, Sandhya Mridul, Sarah-Jane Dias, Tannishtha Chatterjee, Adil Hussain, Arjun Mathur, Anuj Choudhry","India, Germany",TV-MA,104,"Dramas, Independent Movies, International Movies","A photographer invites a close-knit group of female pals to her Goa home to announce her engagement, which stirs up a riot of emotion in all of them."
80134515,Bana Masal Anlatma,Burak Aksak,"Hande Doğandemir, Fatih Artman, Devrim Yakut, Cengiz Bozkurt, Erdal Tosun, Berat Yenilmez, Ercan Yazgan, Sadi Celil Cengiz, Cihan Ercan, Burcu Biricik, Tarık Ünlüoğlu, Gürkan Uygun, Gökçe Bahadır",Turkey,TV-14,103,"Comedies, International Movies, Romantic Movies","Minibus driver Riza is a steady presence in his close-knit neighborhood, until he brings home a dreamy beauty and throws everything into chaos."
80134516,Çarsi Pazar,Muharrem Gülmez,"Erdem Yener, Ayhan Taş, Emin Olcay, Muharrem Gülmez, Elif Nur Kerkük, Tarık Papuççuoğlu, Suzan Aksoy, Doğa Konakoğlu, Esin Eden, Deniz Özerman",Turkey,TV-14,97,"Comedies, International Movies",The slacker owner of a public bath house rallies his community to save it when a big developer comes to town to close it down and open a new mall.
80134500,Dügün Dernek 2: Sünnet,Selçuk Aydemir,"Ahmet Kural, Murat Cemcir, Rasim Öztekin, Devrim Yakut, Barış Yıldız, Ulaş Torun, Şinasi Yurtsever, Erdal Tosun",Turkey,TV-MA,107,"Comedies, International Movies",Ismail and his old screwball crew land themselves in hot water when his grandson's circumcision evolves into a buzz-making citywide event.
80134604,Hayat Öpücügü,Şenol Sönmez,"Ali Sunal, Hatice Şendil, Ayda Aksel, Ahmet Saraçoğlu, Janset, Zerrin Sümer, Somer Karvan, Ali Çelik",Turkey,TV-14,98,"Comedies, Dramas, International Movies","High-strung Metin finally stops seeing doom and gloom around every corner when he meets vivacious Hayat, but she has her own soul-searching to do."
80134436,Kara Bela,Burak Aksak,"Cengiz Bozkurt, Seda Bakan, Erkan Kolçak Köstendil, Cihan Ercan, Berat Yenilmez, İştar Gökseven, Erdal Tosun, Tarık Ünlüoğlu",Turkey,TV-14,101,"Comedies, International Movies",The uneventful life of middle-aged Kudret turns upside down when a road trip turns into a wild race for survival with killers in hot pursuit.
80134514,Kocan Kadar Konus,Kıvanç Baruönü,"Ezgi Mola, Murat Yıldırım, Gülenay Kalkan, Ebru Cündübeyoğlu, Eda Ece, Begüm Öner, Gül Arıcı, Muhammet Uzuner",Turkey,TV-14,104,"Comedies, International Movies, Romantic Movies",A 30-year-old who's never taken the traditional path to love is tutored by her friends and family before reconnecting with her high school crush.
80134420,Mucize,Mahsun Kırmızıgül,"Talat Bulut, Mert Turak, Mahsun Kırmızıgül, Erdem Yener, Erol Demiröz, Ali Sürmeli, Meral Çetinkaya, Büşra Pekin",Turkey,TV-14,136,"Dramas, International Movies","Sent away from his family to a remote mountain town, teacher Mahir helps the villagers build a school – and inspires a path to hope for them all."
80134501,Niyazi Gül Dörtnala,Hakan Algül,"Ata Demirer, Demet Akbağ, Şebnem Bozoklu, Levent Ülgen",Turkey,TV-14,102,"Comedies, International Movies","Seeking the formula behind a magical elixir bequeathed to him by his father, a veterinary professor gets embroiled in a mobster's horse-racing scheme."
80160357,The Boss's Daughter,Olivier Loustau,"Christa Théret, Olivier Loustau, Florence Thomassin, Patrick Descamps, Stéphane Rideau, Pierre Berriau, Deborah Grall, Vincent Martinez",France,TV-MA,98,"Dramas, International Movies, Romantic Movies","While working together, a married textile foreman and his boss’s daughter have a torrid love affair, stirring up hostility among the factory crew."
80156925,Christmas in the Smokies,Gary Wheeler,"Sarah Lancaster, Barry Corbin, Alan Powell, Jill Wagner, Danny Vinson, Gregory Alan Williams, Rebecca Koon, Brett Rice",United States,TV-G,88,"Children & Family Movies, Dramas, Romantic Movies","In the Smoky Mountains, an ambitious woman works to save her family's historic berry farm as her ex, a country music star, returns to town."
80223227,Ishqedarriyaan,V. K. Prakash,"Suhasini Mulay, Kavin Dave, Evelyn Sharma",India,TV-14,130,"Dramas, International Movies, Romantic Movies",A young millionaire is willing to do anything to make the schoolteacher he loves happy. Even if it means helping her marry someone else.
80238297,Kaakan,Kranti Redkar,"Jitendra Joshi, Urmila Kanitkar, Ashutosh Gaikwad, Ashok Shinde, Madhavi Juvekar",India,TV-14,132,"Dramas, International Movies, Romantic Movies","Star-crossed lovers from different social strata struggle to overcome differences in class and family expectation, as well as a long separation."
80223228,Rahasya,Manish Gupta,"Kay Kay Menon, Ashish Vidyarthi, Tisca Chopra, Mita Vashisht, Bikramjeet Kanwarpal, Ashwini Kalsekar, Kunal Sharma, Nimai Bali",India,TV-14,117,"Dramas, International Movies","The murder of a teenage girl found dead in her bedroom opens up a twisted investigation that leads into a dark, murky labyrinth of secrets and lies."
80196367,Tarif de nuit,Julien Seri,"Jonathan Howard, Jonathan Demurger, Fanny Valette, Jess Liaudin",France,TV-MA,81,"International Movies, Thrillers","A night out in Paris quickly unravels when two friends provoke the wrong taxi driver, who's after something bigger than cab fare."
80238294,The Plan,Keerthi,"Anant Nag, Koustubh Jayakumar, Hemanth, Shreeram, Jay, Sanath, Pramod Shetty, Harish Roy",India,TV-MA,124,"Dramas, International Movies, Thrillers","After being sent to a remote prison, three young men suffer under the watchful eye of their jailer and make a meticulous plan to escape."
80238292,The Silence,Gajendra Ahire,"Raghuvir Yadav, Nagraj Manjule, Anjali Patil, Kadambari Kadam, Mihiresh Joshi, Mugdha Chaphekar, Vedashree Mahajan",India,TV-MA,91,"Dramas, International Movies","After encountering a scene of sexual violence, a woman is forced to confront traumatic experiences of abuse that have shaped her life."
80223190,Welcome 2 Karachi,Ashish R. Mohan,"Arshad Warsi, Jacky Bhagnani, Lauren Gottlieb, Dalip Tahil, Pavan Malhotra, Ayub Khoso, Adnan Shah",India,TV-MA,124,"Comedies, International Movies","Denied a U.S. visa, two dim Indian men decide to sneak into America on a boat. Fate, however, leaves them stranded on a beach – in Karachi, Pakistan."
80144119,My Honor Was Loyalty,Alessandro Pepe,"Leone Frisa, Paolo Vaccarino, Francesco Migliore, Albrecht Weimer, Giulia Dichiaro, Alessandra Oriti Niosi, Andreas Segeritz",Italy,,115,Dramas,"Amid the chaos and horror of World War II, a committed German soldier fights a private battle with his own conscience."
80092850,It's Now or Never,Maria Ripoll,"Dani Rovira, María Valverde, Jordi Sánchez, Joaquín Núñez, Alicia Rubio, Clara Lago, Anna Gras, Gracia Olayo, Melody, Marta Pérez",Spain,NR,91,"Comedies, International Movies, Romantic Movies","When Eva and Alex decide to wed in England, where they met three years earlier, obstacles including a labor strike and a volcano keep them apart."
80093127,Retribution,Dani de la Torre,"Luis Tosar, Javier Gutiérrez, Elvira Mínguez, Fernando Cayo, Goya Toledo, Paula del Río, Marco Sanz, Antonio Mourelos, Ricardo de Barreiro",Spain,NR,100,"International Movies, Thrillers",A dishonest banker pays the ultimate price for his wrongdoings when he is held hostage in his own speeding car by a bomb-making extortionist.
81035847,The Republic of Imbaba,Ahmed Al-Badry,"Bassem Samra, Ola Ghanem, Ahmad Wafiq, Feryal Youssef, Ayman Kandil, Inas Ezz El Din, Mohamed Farouk",,TV-MA,90,"Dramas, International Movies","Living on the edges of Cairo’s Embabah neighborhood, several residents seek to better their circumstances following the January 25 Revolution."
80114804,Cosmos Laundromat: First Cycle,Mathieu Auvray,"Pierre Bokma, Reinout Scholten van Aschat",Netherlands,TV-MA,12,"Dramas, International Movies, Sci-Fi & Fantasy","Despondent on a desolate island, a suicidal sheep is thrown a lifeline by a quirky salesman, who offers him the gift of a lifetime."
80015210,Ralphie May: Imperfectly Yours,Anthony Pierce,Ralphie May,United States,NR,69,Stand-Up Comedy,"Comedian Ralphie May takes to the Las Vegas stage with his raw, rollicking take on men's fashion, racism, sex and even waffles. Filmed live in 2013."
80161640,I Am Michael,Justin Kelly,"James Franco, Zachary Quinto, Emma Roberts, Charlie Carver, Avan Jogia, Daryl Hannah, Lesley Ann Warren, Jefferson Mays, Jan Maxwell, Ahna O'Reilly",United States,TV-MA,102,"Dramas, LGBTQ Movies",Gay activist Michael Glatze begins a painful journey when he decides to renounce his sexuality for his religion in this drama based on true story.
80038420,Advantageous,Jennifer Phang,"Jacqueline Kim, James Urbaniak, Freya Adams, Ken Jeong, Jennifer Ehle, Samantha Kim, Troi Zee, Olivia Horton, Jennifer Ikeda, Mercedes Griffeth",United States,NR,92,"Dramas, Independent Movies, Sci-Fi & Fantasy","In order to keep her job at a biomedical engineering firm that prizes youth, a middle-aged woman must submit to a drastic experimental procedure."
80173234,Amar Akbar & Tony,Atul Malhotra,"Rez Kempton, Sam Vincenti, Martin Delaney, Karen David, Laura Aikman, Goldy Notay, Meera Syal, Nina Wadia, Tanveer Ghani, Amrita Acharia",United Kingdom,TV-MA,92,"Comedies, Dramas, International Movies","The brotherly bond between three childhood friends – one Sikh, one Muslim and one Catholic – is tested by the often comic absurdities of adulthood."
80076698,Ip Man 3,Wilson Yip,"Donnie Yen, Zhang Jin, Lynn Hung, Patrick Tam, Karena Ng, Kent Cheng, Bryan Leung, Louis Cheung, Danny Chan, Mike Tyson, Babyjohn Choi","China, Hong Kong",PG-13,105,"Action & Adventure, Dramas, International Movies","Martial arts master Ip springs into action when his son's school is threatened by a shady American, then defends his status as wing chun champion."
80038159,The Stanford Prison Experiment,Kyle Patrick Alvarez,"Billy Crudup, Michael Angarano, Ezra Miller, Tye Sheridan, Keir Gilchrist, Olivia Thirlby, Nelsan Ellis, Thomas Mann, Moises Arias, Gaius Charles",United States,R,122,"Dramas, Independent Movies, Thrillers","Conducting a study on the psychology of incarceration, a Stanford professor assigns guard and prisoner roles to 24 male test subjects in a mock jail."
80037691,Cop Car,Jon Watts,"Kevin Bacon, James Freedson-Jackson, Hays Wellford, Camryn Manheim, Shea Whigham, Sean Hartley, Kyra Sedgwick, Loi Nguyen",United States,R,88,Thrillers,Two mischievous boys get thrust into a game of cat and mouse with a murderous psychopath after they decide to steal a police officer’s cruiser.
80094358,The Real Miyagi,Kevin Derek,Fumio Demura,"United States, Canada, Japan, Panama",TV-PG,81,"Documentaries, Sports Movies","A look at the life of karate master Fumio Demura shows how he spread the discipline in the West, winning countless devotees and influencing Hollywood."
80104706,Mr. Gaga: A True Story of Love and Dance,Tomer Heymann,Ohad Naharin,"Israel, Sweden, Germany, Netherlands",TV-14,102,"Documentaries, International Movies",World-renowned choreographer Ohad Naharin is profiled in this vivid documentary that mixes rehearsal footage with insights about his influence.
81092767,Love Is a Story,Cristina Jacob,"Raluca Aprodu, Dragos Bucur, Ducu Darie",Romania,TV-MA,105,"International Movies, Romantic Movies","Two young artists, a violin player and an actress, fight to achieve their dreams and keep their relationship together during Christmastime."
80048218,He Named Me Malala,Davis Guggenheim,Malala Yousafzai,"United States, United Arab Emirates",PG-13,89,Documentaries,"This documentary tells the story of a teenage Pakistani girl shot for her advocacy of women's education, her survival, and her continued efforts."
80245626,Pedal the World,Felix Starck,Felix Starck,Germany,TV-MA,85,"Documentaries, International Movies, Sports Movies","Over the course of one memorable and adventure-filled year, Felix Starck documents his 18,000-kilometer bicycle journey across 22 countries."
80158920,Lens,Jayaprakash Radhakrishnan,"Jayaprakash Radhakrishnan, Anand Sami, Aswathy Lal, Misha Ghoshal",India,TV-MA,109,"Dramas, Independent Movies, International Movies","Addicted to webcams and voyeurism, a married man gets more than he bargained for when an online stranger tries to force him to watch a suicide."
80093213,Spy Time,Javier Ruiz Caldera,"Imanol Arias, Quim Gutiérrez, Alexandra Jiménez, Berto Romero, Carlos Areces, Eduardo Gómez, Dani El Rojo, Emilio Gutiérrez Caba, Rossy de Palma, Sílvia Abril",Spain,TV-MA,93,"Action & Adventure, Comedies, International Movies","When his girlfriend dumps him for being a bore, a working stiff discovers that his father is a secret agent and a dangerous thug is targeting them."
80103623,The Heroes of Evil,Zoe Berriatúa,"Emilio Palacios, Jorge Clemente, Beatriz Medina, Macarena Gómez, Olivia Baglivi, Paula Soldevila, Nacho Coronado, Beatriz Olivares",Spain,NR,99,"Dramas, International Movies","Three teenage misfits find camaraderie in sex, violence and petty crime. But what starts as a lark soon threatens to damage them beyond repair."
80048977,The Invitation,Karyn Kusama,"Logan Marshall-Green, Emayatzy Corinealdi, Aiden Lovekamp, Michelle Krusiec, Mike Doyle, Jordi Vilasuso, Jay Larson, Marieh Delfino, Tammy Blanchard, Michiel Huisman, Lindsay Burdge, John Carroll Lynch",United States,NR,100,"Horror Movies, Independent Movies, Thrillers","A man accepts an invitation to a dinner party hosted by his ex-wife, an unsettling affair that reopens old wounds and creates new tensions."
80228239,Guy Martin: Last Flight of the Vulcan Bomber,James Woodroffe,"Guy Martin, Kevin Stone, Shaun Dooley",United Kingdom,TV-G,57,"Documentaries, International Movies",Guy Martin assists in preparing the last airworthy Vulcan bomber for a farewell tour while revealing the stories behind the iconic aircraft.
80049094,Amy,Asif Kapadia,"Amy Winehouse, Lauren Gilbert",United Kingdom,R,128,"Documentaries, International Movies, Music & Musicals",Rare home videos and interviews with Amy Winehouse's inner circle offer an intimate look at her journey from charismatic teen to troubled star.
80049177,Barely Lethal,Kyle Newman,"Hailee Steinfeld, Jessica Alba, Samuel L. Jackson, Sophie Turner, Dove Cameron, Toby Sebastian, Gabriel Basso, Thomas Mann, Rachael Harris, Dan Fogler, Steve-O, Rob Huebel, Finesse Mitchell, Jaime King",United States,PG-13,99,"Action & Adventure, Comedies",A girl raised to be a government assassin just wants to be a normal teen – so she runs away and pretends to be a high school exchange student.
80025495,Dark Places,Gilles Paquet-Brenner,"Charlize Theron, Nicholas Hoult, Chloë Grace Moretz, Tye Sheridan, Sterling Jerins, Corey Stoll, Christina Hendricks, Drea de Matteo, Sean Bridgers, Andrea Roth","United States, United Kingdom, France",R,113,"Dramas, International Movies, Thrillers","Years after surviving a brutal crime as a child, Libby Day comes to believe that the brother she testified against for committing it may be innocent."
80023689,Ex Machina,Alex Garland,"Domhnall Gleeson, Alicia Vikander, Oscar Isaac, Sonoya Mizuno, Claire Selby, Symara Templeman, Gana Bayarsaikhan, Tiffany Pisani, Corey Johnson, Evie Wray, Deborah Rosan",United Kingdom,R,108,"Dramas, Independent Movies, International Movies","A coder at a tech company wins a week-long retreat at the compound of his company's CEO, where he's tasked with testing a new artificial intelligence."
80038337,Mississippi Grind,"Anna Boden, Ryan Fleck","Ryan Reynolds, Ben Mendelsohn, Sienna Miller, Analeigh Tipton, Alfre Woodard, James Toback, Robin Weigert",United States,R,109,"Dramas, Independent Movies",A gambler mired in debt thinks another cardsharp may just be his good luck charm as the two head for New Orleans to buy into a high-stakes poker game.
80053475,Mojave,William Monahan,"Garrett Hedlund, Oscar Isaac, Louise Bourgoin, Walton Goggins, Mark Wahlberg, Fran Kranz",United States,R,93,"Dramas, Independent Movies, Thrillers",A lethal game of cat and mouse stretches from the desert to Tinseltown after Hollywood bad boy Thomas runs afoul of a cunning and dangerous drifter.
80022605,Remember,Atom Egoyan,"Christopher Plummer, Bruno Ganz, Jürgen Prochnow, Heinz Lieven, Henry Czerny, Dean Norris, Martin Landau","Canada, Mexico, Germany, South Africa",R,95,"Action & Adventure, Dramas","Following the written instructions of his friend, senile Zev crosses the country to find and murder the Nazi who killed their families in Auschwitz."
80029901,Slow West,John Maclean,"Kodi Smit-McPhee, Michael Fassbender, Ben Mendelsohn, Caren Pistorius, Rory McCann, Andrew Robertt, Edwin Wright, Kalani Queypo","United Kingdom, New Zealand",R,84,"Action & Adventure, Dramas, International Movies","Determined to find the woman he loves, a Scottish teenager braves the Western frontier of 19th-century America, with bounty hunters hot on his trail."
80037478,The End of the Tour,James Ponsoldt,"Jason Segel, Jesse Eisenberg, Becky Ann Baker, Anna Chlumsky, Joan Cusack, Mamie Gummer, Ron Livingston, Mickey Sumner",United States,R,106,"Dramas, Independent Movies","""Rolling Stone"" reporter David Lipsky shadows famed writer David Foster Wallace in this fictionalized account of their revealing five-day encounter."
80145512,Victor,Brandon Dickerson,"Patrick Davis, Lisa Vidal, Josh Pence, José Zúñiga, Haley Ramm, Matt Angel, J. Michael Trautmann, Lobo Sebastian",United States,PG-13,110,Dramas,"In 1962 Brooklyn, a Puerto Rican teen who joins a gang is seduced by violence and heroin. But can his mother's love and faith in God save him?"
80073823,Room,Lenny Abrahamson,"Brie Larson, Jacob Tremblay, Joan Allen, Sean Bridgers, Tom McCamus, William H. Macy, Cas Anvar, Amanda Brugel, Wendy Crewson, Sandy McMaster","Ireland, Canada, United Kingdom, United States",R,118,"Dramas, Independent Movies","Kidnapped, confined to a tiny room and raped, a young woman gives birth to a son. When he reaches his fifth birthday, she begins plotting an escape."
80028208,Tig,"Kristina Goolsby, Ashley York",Tig Notaro,United States,TV-14,92,"Documentaries, Stand-Up Comedy",Comedian Tig Notaro announced her cancer diagnosis at what became a legendary stand-up set in 2012. Follow her search for humor amid devastating news.
80049979,The Adderall Diaries,Pamela Romanowsky,"James Franco, Ed Harris, Amber Heard, Jim Parrack, Timothée Chalamet, Wilmer Valderrama, Cynthia Nixon, Christian Slater, Michael Cristofer, Danny Flaherty, Adam LeFevre",United States,R,87,"Dramas, Thrillers",Author Stephen Elliott has a problem separating his own life from incidents in the life of a convicted murderer about whom he's writing a book.
80106928,Lusers,Ticoy Rodriguez,"Carlos Alcántara, Pablo Granados, Felipe Izquierdo, Gaby Espino, Cristián de la Fuente, Marcela Guerty, Claudio Torres","Argentina, Chile, Peru",NR,100,"Comedies, International Movies, Sports Movies",Three men from different nations must find their way out of the Amazon jungle – on foot – when they get lost on the way to Brazil's World Cup Final.
80081277,Colonia,Florian Gallenberger,"Emma Watson, Daniel Brühl, Michael Nyqvist, Richenda Carey, Vicky Krieps, Jeanne Werner, Julian Ovenden, August Zirner, Martin Wuttke, Stefan Merki","Germany, France, Luxembourg, United Kingdom, United States",R,110,"Dramas, Independent Movies, International Movies","When her boyfriend is caught up in a Chilean coup, a young woman tries to free him from a prison camp posing as a commune by joining it voluntarily."
80097221,Gridlocked,Allan Ungar,"Dominic Purcell, Cody Hackman, Stephen Lang, Trish Stratus, Danny Glover, Vinnie Jones, Saul Rubinek, Richard Gunn, Steve Byers, James A. Woods",Canada,R,114,Action & Adventure,"An embittered cop is tasked with baby-sitting a spoiled actor, but the two must learn to fight together when they run afoul of a group of mercenaries."
80148179,My Scientology Movie,John Dower,Louis Theroux,United Kingdom,TV-MA,99,Documentaries,"After speaking with former Scientology members and being stonewalled by higher-ups, filmmaker Louis Theroux hires actors to re-create alleged events."
80106989,Summer of '92,Kasper Barfoed,"Ulrich Thomsen, Henning Jensen, Mikkel Boe Følsgaard, Cyron Melville, Esben Smed Jensen, Gustav Dyekjaer Giese, Jon Lange, Allan Hyde, Johannes Lassen, Morten Vang Simonsen","Denmark, United Kingdom",NR,94,"Dramas, International Movies, Sports Movies","When a quirk of fate kicks the Danish national soccer team into the European Championship final, the coach must whip his unprepared squad into shape."
80044731,Chris Tucker Live,Phil Joanou,Chris Tucker,United States,TV-MA,92,Stand-Up Comedy,"Filmed in his hometown of Atlanta, Chris Tucker showcases his stand-up comedic chops as he shares his experiences from childhood to the big time."
80992111,Soul Robbers,Juan Antonio de la Riva,"Sofía Sisniega, Natasha Dupeyron, Ana Sofía Durán, Javier Escobar, Luis Gatica, Juan Ángel Esparza, Jorge Luis Moreno, Arnulfo Reyes Sanchez, Tizoc Arroyo, José Enot, Ricardo Dalmacci, Harding Junior, Claudine Sosa, Pablo Valentín",Mexico,TV-MA,88,"Horror Movies, International Movies","During Mexico's War of Independence, a group of men face unimaginable horrors when they attempt to steal from the seemingly helpless Cordero sisters."
80094964,Ho Mann Jahaan,Asim Raza,"Adeel Hussain, Mahira Khan, Sheheryar Munawar, Sonya Jehan, Bushra Ansari, Nimra Bucha, Arshad Mahmud, Jamal Shah",Pakistan,TV-PG,170,"Dramas, International Movies, Romantic Movies","Three friends in modern-day Karachi navigate their post-college lives, while struggling to balance their passion for music with familial obligations."
80187323,Wrong No.,Yasir Nawaz,"Javed Sheikh, Danish Taimoor, Janita Asma, Nayyar Ejaz, Qavi Khan, Shafqat Cheema, Sohai Ali Abro, Nadeem Jafri",Pakistan,TV-14,133,"Comedies, International Movies, Romantic Movies",Two identical strangers pursue their respective dreams after exchanging lives and getting out from under the thumb of their controlling loved ones.
80053140,King Jack,Felix Thompson,"Charlie Plummer, Cory Nichols, Christian Madsen, Danny Flaherty, Erin Davie, Chloe Levine",United States,NR,81,"Dramas, Independent Movies","Already coping with a bully, a mercurial older brother and summer school, 15-year-old Jack is saddled with his young cousin for an eventful weekend."
80105672,Road to Yesterday,Ishaya Bako,"Genevieve Nnaji, Oris Erhuero, Majid Michel",Nigeria,NR,96,"Dramas, International Movies","Their marriage failing, Victoria and Izu try to reconnect during a road trip. But bringing long-repressed secrets to light threatens yet more discord."
80108386,X: Past Is Present,"Hemant Gaba, Pratim D. Gupta, Sudhish Kamath, Nalan Kumarasamy, Anu Menon, Sandeep Mohan, Qaushiq Mukherjee, Rajshree Ojha, Raja Sen, Abhinav Shiv Tiwari, Suparn Verma","Anshuman Jha, Rajat Kapoor, Pooja Ruparel, Piaa Bajpai, Huma Qureshi, Usha Uthup, Radhika Apte, Swara Bhaskar",India,NR,105,"Dramas, Independent Movies, International Movies","When a middle-aged filmmaker meets an alluring stranger at a party, he's haunted by troubling memories of his past relationships."
80085300,You Carry Me,Ivona Juka,"Lana Baric, Vojislav Brajovic, Natasa Janjic, Goran Hajdukovic, Helena Beljan, Juraj Dabic, Natasa Dorcic, Sebastian Cavazza, Ana Begic, Krunoslav Saric","Croatia, Slovenia, Serbia, Montenegro",NR,157,"Dramas, International Movies","A soap opera producer, director and makeup artist each face wrenching family turmoil, from teen rebellion and marital infidelity to Alzheimer's."
80079428,Miss Sharon Jones!,Barbara Kopple,Sharon Jones,United States,TV-MA,94,"Documentaries, Music & Musicals",This uplifting documentary follows R&B singer Sharon Jones's battle with pancreatic cancer while keeping her band intact for a return to the stage.
81037985,Love You... Love You Not,Sridhar Jetty,"Chelsea Islan, Hamish Daud, Miller Khan, Kemal Pahlevi, R.R. Melati Pinaring, Fico Fachriza, Reynold Hamzah, Rizka Dwi Septiana, Arkanda Saezario Wicaksono",Indonesia,TV-14,115,"Comedies, International Movies, Romantic Movies",A love triangle gets complicated when a female English tutor unknowingly gets between a hot-tempered guy and his off-to-the-United States girlfriend.
80213400,Don Quixote: The Ingenious Gentleman of La Mancha,"Mahin Ibrahim, Austin Kolodney, Will Lowell, David Beier, Dave Dorsey, Xu Zhang, Alana Waksman, Jon YonKondy, Drue Metz, Brandon Somerhalder","Carmen Argenziano, Horatio Sanz, Luis Guzman, Vera Cherny, Lorena McGregor, Reinaldo Zavarce, Jacquie Barnbrook, Anthony Skordi, Lin Shaye, James Franco",United States,TV-14,83,"Comedies, Independent Movies","In this modern adaptation of a Spanish classic, an eccentric, elderly gentleman sets out with his honest sidekick to right the wrongs of the world."
80081958,Semana Santa,Alejandra Márquez Abella,"Tenoch Huerta, Anajosé Aldrete, Esteban Ávila, David Thornton, Jimena Cuarón, Lakshmi Picazo",Mexico,NR,87,"Dramas, International Movies","A single mother, her boyfriend and her 8-year-old son take a weeklong resort vacation, during which secrets and relationship strains take their toll."
81047899,Surga Yang Tak Dirindukan,Kuntz Agus,"Fedi Nuril, Laudya Cynthia Bella, Raline Shah, Sandrinna Michelle, Kemal Pahlevi, Tanta Ginting, Zaskia Adya Mecca, Landung Simatupang, Ray Sitoresmi, Vitta Mariana Barrazza",Indonesia,TV-14,121,"Dramas, Faith & Spirituality, International Movies","After saving an unwed expectant mother who's injured in a car accident, a happily married man takes her as his second wife – without telling his first."
80057599,Legend,Brian Helgeland,"Tom Hardy, Emily Browning, David Thewlis, Duffy, Christopher Eccleston, Chazz Palminteri, Paul Bettany, Taron Egerton, Colin Morgan, Tara Fitzgerald","United Kingdom, France, United States",R,132,"Dramas, International Movies, Thrillers",Identical twins and notorious gangsters Reggie and Ronnie Kray elude the authorities in 1960s London while transfixing and terrifying the public.
80049358,Steve Jobs,Danny Boyle,"Michael Fassbender, Kate Winslet, Seth Rogen, Jeff Daniels, Michael Stuhlbarg, Katherine Waterston, Perla Haney-Jardine, Sarah Snook, John Ortiz, Adam Shapiro","United Kingdom, United States",R,122,Dramas,"By keying in on three crucial points in his career, this biopic shows the human foibles and visionary fearlessness of the man who made the Mac."
80228321,Phir Se,"Ajay Bhuyan, Kunal Kohli","Kunal Kohli, Jennifer Winget, Sumona Chakravarti, Sushmita Mukherjee, Kanwaljit Singh, Dalip Tahil, Rajit Kapoor",India,TV-14,118,"International Movies, Romantic Movies","The paths of a man and a woman, who have both been recently divorced from their spouses, intersect at an art exhibition in London."
80105342,Harry and Snowman,Ron Davis,Harry DeLeyer,United States,TV-PG,83,"Documentaries, Sports Movies","With only a strong will and a cheap horse, a former agent of the Dutch underground in World War II sets out to become a champion show jumper."
80128690,The Similars,Isaac Ezban,"Gustavo Sánchez Parra, Cassandra Ciangherotti, Fernando Becerril, Humberto Busto, Carmen Beato, Santiago Torres, María Elena Olivares, Catalina Salas, Luis Alberti, Alberto Estrella, Pablo Guisa Koestinger",Mexico,NR,90,"Horror Movies, Independent Movies, International Movies","Stranded in a transit station one stormy night in 1968, eight strangers begin to fall victim to seizures, only to wake up disturbingly altered."
80081960,Very Big Shot,Mir-Jean Bou Chaaya,"Alain Saadeh, Fouad Yammine, Tarek Yaacoub, Alexandra Kahwaji, Wissam Fares, Georges Hayeck, Fadi Abi Samra, Marcel Ghanem","Lebanon, Qatar",TV-MA,109,"Comedies, Dramas, International Movies","When three brothers struggling to go straight become targets of a criminal underworld, they use the making of a movie as a front to transport drugs."
80032636,Dragonheart 3: The Sorcerer,Colin Teague,"Julian Morris, Tamzin Merchant, Ben Kingsley, Jassa Ahluwalia, Jonjo O'Neill, Dominic Mafham, Roger Ashton-Griffiths, Jake Curran, Duncan Preston, Ozama Oancea",United States,PG-13,97,"Action & Adventure, Sci-Fi & Fantasy","When an aspiring knight crosses paths with a dragon, the two form an unlikely alliance in a high-stakes battle against a malicious sorcerer."
81084305,Jeff Dunham: Unhinged in Hollywood,Michael Simon,Jeff Dunham,United States,TV-MA,71,Stand-Up Comedy,Unfiltered ventriloquist Jeff Dunham brings his ragtag crew of puppet pals to Hollywood for big laughs about celebrity culture and California living.
80095807,Riot,John Lyde,"Matthew Reese, Dolph Lundgren, Danielle Chuchran, Chuck Liddell, Michael Flynn, Renny Grames, Eve Mauro, Melanie Stone, Michaela McAllister, Amy Sturdivant",United States,TV-MA,88,Action & Adventure,"Seeking vengeance for the murder of his wife, a cop robs a bank in order to be thrown into prison with the Russian kingpin who ruined his life."
80066084,Tremors 5:  Bloodline,Don Michael Paul,"Michael Gross, Jamie Kennedy, Ernest Ndhlovu, Lawrence Joffe, Zak Hendrikz, Natalie Becker, Emmanuel Castis, Brandon Auret, Daniel Janks","South Africa, United States",PG-13,99,"Comedies, Horror Movies, Sci-Fi & Fantasy","When he is hired to capture a deadly creature terrorizing South Africa, survivalist Burt Gummer brings along a new tech-savvy partner."
80999981,Back to the 90s,Yanyong Kuruaungkoul,"Dan Aaron Ramnarong, Pimchanok Leuwisetpaiboon, Chanintorn Jitpreeda, Chonlakarn Puangnoy, Achita Pramoj Na Ayudhya, Vichuda Pindum, Kriengsak Hrientong, Likit Sittiphun",Thailand,TV-14,111,"Comedies, International Movies, Romantic Movies","When a teenager is transported back to his parents’ high school days, he has the chance to alter the events that led to their unhappy marriage."
80016588,Chappie,Neill Blomkamp,"Sharlto Copley, Hugh Jackman, Sigourney Weaver, Dev Patel, Ninja, Yo-Landi Visser, Jose Pablo Cantillo, Brandon Auret, Johnny Selema, Maurice Carpede","South Africa, United States",R,121,"Action & Adventure, Sci-Fi & Fantasy","In a futuristic society where a robot police force keeps crime at bay, a lone droid gains the power of artificial intelligence."
80147318,Radiopetti,Hari Viswanath,"Lakshmanan, TVV Ramanujam, Shobana, Nivas Adithan, Indhumathi, Baby Maya, Master Rohan",India,TV-PG,83,"Dramas, International Movies","An elderly, hearing-impaired Indian man stays connected to the world of the past through the beloved valve radio he has owned since childhood."
80119555,Blinky Bill: The Movie,Deane Taylor,"Ryan Kwanten, Rufus Sewell, Toni Collette, Robin McLeavy, David Wenham, Barry Humphries, Richard Roxburgh, Deborah Mailman, Barry Otto","Australia, United States",PG,91,Children & Family Movies,Happy koala Blinky Bill and some spunky pals travel the Outback following clues to help him find his long-lost father and finally bring him home.
80044834,Lila & Eve,Charles Stone III,"Viola Davis, Jennifer Lopez, Andre Royo, Shea Whigham, Aml Ameen, Chris Chalk, Will Brittain, Michole Briana White, Julius Tennon, Gino Vento, Yolonda Ross",United States,R,94,"Dramas, Thrillers","After each of them loses a child to murder, two women who meet in a support group initiate their own investigation when the police are no help."
80038446,The Lovers,Roland Joffé,"Josh Hartnett, Bipasha Basu, Tamsin Egerton, James Mackay, Alice Englert, Simone Kessell, Abhay Deol, Aegina De Vas, Andrea Deck","Belgium, India, Australia",R,109,"Action & Adventure, Dramas, Independent Movies","A magical ring holds the key to life, death and love for a marine archaeologist who seems to live two lives in different centuries and countries."
80065220,French Dirty,"Wade Allain-Marcus, Jesse Allain-Marcus","Wade Allain-Marcus, Arjun Gupta, Melina Lizette, Elsa Biedermann, Katie Blake, Santana Dempsey",United States,NR,72,"Dramas, Independent Movies","An aimless, unemployed millennial hangs out with his pals and resists growing up, until an affair with his best friend's girl forces him to change."
80061160,Be Here Now,Lilibet Foster,Andy Whitfield,"United States, Australia",TV-MA,110,Documentaries,"Trace the brave journey of actor Andy Whitfield, who received a devastating cancer diagnosis while starring in the series ""Spartacus: Blood and Sand."""
80092925,A Second Chance,Cathy Garcia-Molina,"John Lloyd Cruz, Bea Alonzo, Dimples Romana, Janus del Prado, James Blanco, Ahron Villena, Beatriz Saw, Shamaine Centenera, Khalil Ramos, Billy Crawford, Al Tantay, Arci Muñoz",Philippines,TV-14,130,"Dramas, International Movies, Romantic Movies","Following their storybook wedding, Popoy and Basha find married life – and starting a business together – more challenging than they ever imagined."
80094723,Beauty and the Bestie,Wenn V. Deramas,"Vice Ganda, Coco Martin, James Reid, Nadine Lustre, Karla Estrada, Ryan Bang, Badjie Mortiz, Alonzo Muhlach, Marco Masa, Lassy Marquez, MC Calaquian",Philippines,TV-14,119,"Action & Adventure, Comedies, International Movies","Finding himself in a desperate situation, undercover agent Emman asks his former best friend, Erika, to join him on a dangerous mission."
80065327,The Breakup Playlist,Dan Villegas,"Piolo Pascual, Sarah Geronimo, Rio Locsin, Dennis Padilla, Badjie Mortiz, Teddy Corpuz, Anna Luna, Jett Pangan, Cris Villonco, Maris Racal",Philippines,TV-14,118,"Dramas, International Movies, Romantic Movies",A rock musician and a law student whose true passion is music fall in love and pursue a romance that complicates both of their blossoming careers.
80050106,You're My Boss,Antoinette Jadaone,"Toni Gonzaga, Coco Martin, Freddie Webb, Gloria Sevilla, Adam Chan, Noel Trinidad, Pepe Herrera, Jerald Napoles, Deniese Aguilar, Via Antonio",Philippines,TV-PG,117,"Comedies, International Movies, Romantic Movies","Pong, a corporate assistant, poses as his company’s president in order to help Georgina, a marketing executive, close a crucial business deal."
80013282,Ralphie May: Unruly,John Asher,Ralphie May,United States,TV-MA,83,Stand-Up Comedy,"Filmed in front of a raucous crowd, comedian Ralphie May unleashes his hilariously raunchy perspective in his first Netflix original stand-up special."
80119235,Jonas,Lô Politi,"Jesuíta Barbosa, Laura Neiva, Criolo, Ana Cecília Costa, João Fábio Cabral, Ariclenes Barroso, Karol Conká, Chay Suede, Luciana Souza, Chris Couto, Roberto Berindelli",Brazil,NR,97,"Dramas, International Movies","During Carnival, two teens from different classes meet years after being kept apart. Bad decisions lead the boy to hide with the girl inside a float."
80071048,Operações Especiais,Tomas Portella,"Cleo Pires, Marcos Caruso, Thiago Martins, Fabrício Boliveira, Fabiula Nascimento, Antonio Pedro Tabet, Fábio Lago, Analú Prestes, Gillray Coutinho, Augusto Madeira",Brazil,TV-MA,99,"Action & Adventure, International Movies","In a crime-plagued area of Rio de Janeiro, a team of honest cops, including a determined rookie, fights corruption and mistrust on all sides."
80023667,Marvel Super Hero Adventures: Frost Fight!,Mitch Schauer,"Mick Wingert, Matthew Mercer, Travis Willingham, Fred Tatasciore, Grey DeLisle, Troy Baker, Antony Del Rio, Trevor Devall, Kevin Michael Richardson, Steve Blum, Jane Singer",United States,PG,74,"Children & Family Movies, Sci-Fi & Fantasy","In this Christmas-themed special, Captain America and the Avengers battle Loki and Ymir, who plot to steal Santa Claus' powers and conquer the world."
80013271,Black Sea,Kevin MacDonald,"Jude Law, Scoot McNairy, Ben Mendelsohn, Bobby Schofield, Tobias Menzies, Michael Smiley, Grigoriy Dobrygin, David Threlfall, Jodie Whittaker, Karl Davies","United Kingdom, United States, Russia",R,114,"Action & Adventure, Dramas, International Movies","A hard-driving submarine captain is hired to steal gold from a sunken Nazi sub, but there's no honor among thieves during this underwater heist."
80201612,Daagdi Chaawl,Chandrakant Kanse,"Ankush Chaudhari, Makrand Deshpande, Pooja Sawant, Sanjay Khapre, Yatin Karyekar, Kamlesh Sawant, Sandeep Gaikwad, Digvijay Rohidas",India,TV-14,118,"Action & Adventure, Dramas, International Movies",A simple man's peaceful life is complicated when an incident brings him in contact with a gangster and launches his journey into the underworld.
80082749,A Heavy Heart,Thomas Stuber,"Peter Kurth, Lena Lauzemis, Lina Wendel, Edin Hasanovic, Marko Dyrlich, Peter Schneider, Reiner Schöne, Udo Kroschwald",Germany,NR,109,"Dramas, Independent Movies, International Movies","Long past his heyday, a still-virile boxer tries to reconnect with his daughter as he confronts the onset of a terminal, degenerative neural disorder."
80065214,"Aram, Aram",Christopher Chambers,"John Roohinian, Levon Sharafyan, Sevak Hakoyan, David Villada, Mike Ghader, Razmik Mansuryan, Lorita Meg, Amy Sanders, Alla Tumanian",United States,TV-14,79,"Dramas, Independent Movies","Newly orphaned Aram leaves Beirut to live with his grandfather in Los Angeles, and overwhelmed by culture shock, he falls prey to an Armenian gang."
80157565,The Memory of Water,Matías Bize,"Elena Anaya, Benjamín Vicuña, Néstor Cantillana, Sergio Hernández, Silvia Marty, Etienne Bobenrieth, Antonia Zegers, Pablo Cerda","Chile, Spain, Argentina, Germany",NR,88,"Dramas, International Movies","When the accidental death of a couple's young son sends them grieving in opposite directions, they're forced to re-examine their life and marriage."
80046696,Sister Code,Corey Grant,"Drew Sidora, Eva Marcille, Amber Rose, Marcus T. Paulk, Erica Ash, Essence Atkins, Amin Joseph, Rolonda Watts, Brooklyn McLinn, Don Hale Jr., Duane Martin, Anne-Marie Johnson",United States,R,95,"Comedies, Dramas, Romantic Movies","After the death of their beloved mother, three foster sisters find their bond tested by old grudges, career tensions and a startling revelation."
81012294,Ten Years,"Jevons Au, Zune Kwok, Chow Kwun-wai, Ng Ka-Leung, Wong Fei-Pang","Wong Jing, Lau Ho-Chi, Leung Kin-Ping",Hong Kong,TV-MA,102,"Dramas, Independent Movies, International Movies","Five shorts reveal a fictional Hong Kong in 2025, depicting a dystopian city where residents and activists face crackdowns under iron-fisted rule."
80080618,Guilty,Meghna Gulzar,"Irrfan Khan, Konkona Sen Sharma, Neeraj Kabi, Sohum Shah, Atul Kumar, Gajraj Rao, Prakash Belawadi, Shishir Sharma, Tabu",India,TV-MA,127,"Dramas, International Movies","When a teen and her family's hired servant turn up dead, inept police bungle the inquiry and wind up fingering a controversial prime suspect."
81059812,World's Weirdest Homes,Storm Theunissen,Charlie Luxton,,TV-PG,49,Movies,"From a bubble-shaped palace to an island built on plastic bottles, tour the world’s most fantastically bizarre residences."
80060060,Chauthi Koot,Gurvinder Singh,"Suvinder Vikky, Rajbir Kaur, Gurpreet Kaur Bhangu, Taranjit Singh, Harleen Kaur, Kanwaljeet Singh, Harnek Aulakh, Tejpal Singh, Gulshan Saggi","India, France",TV-14,116,"Dramas, Independent Movies, International Movies",Related tales of a family seeking refuge and two men on a train to Amritsar evoke the dreadful unease surrounding Hindu-Sikh tensions in 1980s Punjab.
80091866,Dilwale,Rohit Shetty,"Shah Rukh Khan, Kajol, Kriti Sanon, Kabir Bedi, Varun Dhawan, Boman Irani, Johnny Lever, Varun Sharma, Sanjay Mishra, Vinod Khanna, Mukesh Tiwari, Pankaj Tripathi, Shawar Ali",India,TV-14,154,"Action & Adventure, Dramas, International Movies","A young couple falls in love, but conflicting loyalties drive them apart. Years later, fate intervenes and hands them a second chance."
80095530,Haraamkhor,Shlok Sharma,"Nawazuddin Siddiqui, Shweta Tripathi, Harish Khanna, Irfan Khan, Trimala Adhikari, Mohd Samad",India,NR,93,"Dramas, Independent Movies, International Movies","A selfish, manipulative schoolteacher takes advantage of a schoolgirl's vulnerability to gratify his dark, narcissistic desires."
80160347,Mariah Carey's Merriest Christmas,James Yukich,"Mariah Carey, Lacey Chabert, Kelsey Grammer, Billy Gardell, Fina Strazza, Kenneth Edmonds, Cameron Mathison, Brennan Elliott",United States,TV-G,38,"Children & Family Movies, Music & Musicals","Pop music superstar Mariah Carey hosts this all-star holiday celebration with special guests and a celebrity reading of ""The Night Before Christmas."""
80081410,"Trailer Park Boys: Drunk, High and Unemployed: Live in Austin","Gary Howsam, Mike Smith, John Paul Tremblay, Robb Wells","Mike Smith, John Paul Tremblay, Robb Wells, John Dunsworth, Pat Roach, Tom Green, Verne Troyer, Jonathan Torrens",Canada,TV-MA,74,"Comedies, International Movies","Ricky, Julian and Bubbles bring their trailer park humor out onto the stage for a night of bravado, schemes and an intoxicated acting demo."
80042368,A Very Murray Christmas,Sofia Coppola,"Bill Murray, Miley Cyrus, George Clooney, Chris Rock, Amy Poehler, Michael Cera, Maya Rudolph, Rashida Jones, Jason Schwartzman, Paul Shaffer, Jenny Lewis, Phoenix",United States,TV-14,57,"Comedies, Music & Musicals","Bill Murray rounds up an all-star cast for an evening of music, mischief and barroom camaraderie in this irreverent twist on holiday variety shows."
80087891,Anesthesia,Tim Blake Nelson,"Sam Waterston, Tim Blake Nelson, Jessica Hecht, Kristen Stewart, Corey Stoll, K. Todd Freeman, Glenn Close, Gretchen Mol, Michael Kenneth Williams, Gloria Reuben, Mickey Sumner, Yul Vazquez, Hannah Marks, Ben Konigsberg",United States,R,90,"Dramas, Independent Movies","After a popular professor is attacked on a New York street, the story of how a series of intertwined events led to the life-altering assault unfolds."
80044536,Diary of a Chambermaid,Benoît Jacquot,"Léa Seydoux, Vincent Lindon, Clotilde Mollet, Hervé Pierre, Mélodie Valemberg, Patrick d'Assumçao, Vincent Lacoste, Joséphine Derenne, Dominique Reymond","France, Belgium",NR,96,"Dramas, International Movies","An attractive young woman goes to work as a chambermaid for a troublesome couple. The wife is unreasonable, and the husband won't stop hitting on her."
80082739,Fifty,Biyi Bandele,"Dakore Akande, Ireti Doyle, Nse Ikpe-Etim, Omoni Oboli",Nigeria,NR,101,"Dramas, International Movies","In Lagos, Nigeria, four successful women on the verge of 50 take stock of their lives and loves over the course of one week."
80083594,Marco Polo: One Hundred Eyes,Alik Sakharov,"Tom Wu, Benedict Wong, Michelle Yeoh",United States,TV-MA,29,Movies,A defiant warrior-monk arrives at Kublai Khan's court in chains and soon earns his tragic nickname in this 30-minute origin story.
80052828,Backtrack,Michael Petroni,"Adrien Brody, Sam Neill, Robin McLeavy, Bruce Spence, Jenni Baird, Chloe Bayliss, Anna Lise Phillips, George Shevtsov","Australia, United Kingdom, United Arab Emirates, Canada",R,90,"Dramas, Thrillers","Haunted by visions of the dead, psychologist Peter returns home to confront a long-ago trauma. But will the trip exorcise or embolden the ghosts?"
81172897,Iyore,Frank Rajah Arase,"Rita Dominic, Joseph Benjamin, Okawa Shaznay, Paul Obazele, Yemi Blaq, Bukky Wright",Nigeria,TV-14,141,"Dramas, International Movies, Romantic Movies",A tragic romance unfolds during a teacher's lessons on the Benin empire after they begin to mirror her love life when her childhood love reappears.
80126996,The First Lady,Omoni Oboli,"Omoni Oboli, Alexx Ekubo, Chinedu Ikedieze, Joseph Benjamin, Yvonne Jegede, Anthony Monjaro, Taiwo Familoni, Jude Chukwuka, Emilyn Johnson-Ekpo, Udoka Oyeka",,TV-MA,107,"Dramas, International Movies","Dreaming of a better life, an imperiled prostitute crosses paths with a wealthy company heir who’s been transformed into a child by his evil uncle."
81036535,Lang Tong,Sam Loh,"William Lawandi, Angeline Yap, Vivienne Tseng, Esther Goh, Alan Tan",Singapore,TV-MA,82,"International Movies, Thrillers","After seducing a philandering con man, a rebellious young woman enlists his help in carrying out a heinous crime against her sister."
80142140,Daemonium,Pablo Parés,"Walter Cornás, Dany Casco, Caro Angus, Rocío Rodríguez Presedo, Chucho Fernández, Amanda Nara, Maite Zumelzú",Argentina,NR,115,"Action & Adventure, Horror Movies, International Movies","In a realm where magic and technology intersect, a shifty, cigar-smoking wizard finds himself in the middle of a war with the powers of hell."
80058480,The Lobster,Yorgos Lanthimos,"Colin Farrell, Jessica Barden, Rachel Weisz, Olivia Colman, Ashley Jensen, Ariane Labed, Aggeliki Papoulia, John C. Reilly, Léa Seydoux, Michael Smiley, Ben Whishaw","Ireland, United Kingdom, Greece, France, Netherlands",R,119,"Comedies, International Movies, Romantic Movies","In a near-future world, single people are hunted and forced to find mates within 45 days, or be turned into animals and banished to the wilderness."
80039655,Mike Epps: Don't Take It Personal,L. Frazier,Mike Epps,United States,TV-MA,60,Stand-Up Comedy,Mike Epps tears up the stage at L.A.'s historic Orpheum Theatre in a special packed with blistering impressions and unapologetically raunchy swagger.
80090672,Bob's Broken Sleigh,Jay Surridge,"Cole Howard, Bruce Greenwood, Victor Garber, Michael Adamthwaite, Raini Rodriguez, Colin Murdock, Maryke Hendrikse, Sam Vincent, Gabe Khouth",Canada,TV-G,47,Children & Family Movies,"An overly eager elf improves Santa's sleigh, but when he crash lands far from home, three odd critters pitch in to send him back to the North Pole."
80058477,The Danish Girl,Tom Hooper,"Eddie Redmayne, Alicia Vikander, Ben Whishaw, Sebastian Koch, Amber Heard, Matthias Schoenaerts, Pip Torrens, Nicholas Woodeson, Emerald Fennell, Adrian Schiller","United Kingdom, United States, Germany, Denmark, Belgium, Japan",R,120,"Dramas, International Movies, LGBTQ Movies","In 1920s Denmark, married artists embark on a journey of unconditional love when the husband announces his intentions to live life as a woman."
80074933,Bangistan,Karan Anshuman,"Riteish Deshmukh, Pulkit Samrat, Kumud Mishra, Chandan Roy Sanyal, Arya Babbar, Shivkumar Subramaniam, Tom Alter, Jacqueline Fernandez",India,TV-14,134,"Comedies, Dramas, International Movies","Sent on the same deadly international mission by their rival religious factions, two men's madcap antics along the way take them hilariously off course."
80057585,Dil Dhadakne Do,Zoya Akhtar,"Anil Kapoor, Priyanka Chopra, Ranveer Singh, Anushka Sharma, Farhan Akhtar, Shefali Shah, Rahul Bose, Parmeet Sethi, Vikrant Massey, Zarina Wahab, Aamir Khan",India,TV-14,174,"Comedies, Dramas, International Movies","While hosting a shipboard holiday for relatives and friends, a wealthy but dysfunctional family must face the ugly truths under their flawless facade."
80104116,Blackway,Daniel Alfredson,"Anthony Hopkins, Julia Stiles, Alexander Ludwig, Ray Liotta, Hal Holbrook, Lochlyn Munro, Steve Bacic, Aaron Pearl, Aleks Paunovic",United States,PG-13,90,Thrillers,"Menaced by a psychopath who's got the local cops scared, waitress Lillian turns to a mysterious old logger to help her turn the tables on her stalker."
80220783,Breaking Free,Sridhar Rangayan,Sridhar Rangayan,India,TV-MA,81,"Documentaries, International Movies, LGBTQ Movies",One filmmaker’s quest to expose the human rights violations faced by India’s LGBTQ community was a project of passion seven years in the making.
80018252,Freeway: Crack in the System,Marc Levin,Freeway Rick Ross,"United States, Nicaragua",R,103,Documentaries,"Take in the true account of drug kingpin ""Freeway"" Rick Ross's empire and how the CIA helped him fuel America's  devastating crack cocaine epidemic."
80106230,Seoul Searching,Benson Lee,"In-pyo Cha, Justin Chon, Jessika Van, Esteban Ahn, Teo Yoo, Rosalina Leigh, Kang Byul, Crystal Kay, Dante Han, Sue Son, Albert Kong, Byeol Kang, David Lee McInnis, Seung-hyeon Han, Nathalia Ramos, Seong-guk Choi, Ji-a Park","South Korea, China, United States",TV-MA,109,"Comedies, Dramas, International Movies",Teens of Korean descent who were born and raised in other countries travel to Seoul to learn about their cultural heritage at a summer camp in 1986.
80093295,3 Türken & ein Baby,Sinan Akkuş,"Kostja Ullmann, Eko Fresh, Kida Khodr Ramadan, Sabrina Klüber, Sami Nasser, Kayla Rybicka, Jytte-Merle Böhrnsen, Emrah Erdogru, Tim Grothe, Hülya Duyar",Germany,NR,93,"Comedies, International Movies",The lives of three dissatisfied brothers running a family bridal shop turn topsy-turvy when one of them has to care for his ex-girlfriend's baby.
80142450,Eddie - Strongman,Matt Bell,Eddie Hall,United Kingdom,TV-14,98,"Documentaries, Sports Movies",British strongman Eddie Hall wants to be the strongest man in the world. This documentary reveals the grueling life choices that fuel his obsession.
80093812,Zoom,Pedro Morelli,"Gael García Bernal, Alison Pill, Mariana Ximenes, Jason Priestley, Tyler Labine, Don McKellar, Claudia Ohana, Michael Eklund, Jennifer Irwin","Brazil, Canada",NR,93,"Comedies, Dramas, Independent Movies","Comic book artist Emma draws her ideal man: Edward, the director of a film about a novelist named Michelle, who's writing a book about Emma."
80085567,The Monster of Mangatiti,John Banas,"Greta Gregory, Mark Mitchinson, Bruce Hopkins, John Sumner, Flynn Allen, Harriet Beattie, Carolyn Dando, Laurie Dee, Ruth Dudding",New Zealand,TV-MA,70,Dramas,Real events are dramatized in the unthinkable story of a resilient teenager held prisoner by a seasoned predator on a remote farm in the 1980s.
80065754,Standoff,Adam Alleca,"Thomas Jane, Laurence Fishburne, Joanna Douglas, John Tench, Ted Atherton, Jim Watson, Ella Ballentine",Canada,R,86,Action & Adventure,"After witnessing an assassin's slaughter, a young girl holes up in a farmhouse with a suicidal vet, who must use wits and guts to fend off the killer."
80039517,The Ridiculous 6,Frank Coraci,"Adam Sandler, Terry Crews, Jorge Garcia, Taylor Lautner, Rob Schneider, Luke Wilson, Will Forte, Steve Zahn, Harvey Keitel, Nick Nolte, Jon Lovitz, Whitney Cummings, David Spade, Danny Trejo, Nick Swardson, Blake Shelton, Vanilla Ice, Julia Jones, Saginaw Grant, Lavell Crawford, Steve Buscemi",United States,TV-14,120,"Action & Adventure, Comedies","When his outlaw dad is kidnapped, Tommy “White Knife” Stockburn sets off across the West on a rescue mission with five brothers he never knew he had."
81149202,Why Me?,Tudor Giurgiu,"Emilian Oprea, Mihai Constantin, Andreea Vasile, Dan Condurache, Liviu Pintileasa, Mihai Smarandache, Alin Florea, Lucretia Mandric","Romania, Bulgaria, Hungary",TV-MA,126,"Dramas, International Movies, Thrillers",A young prosecutor is assigned a career-making case involving a colleague but soon starts to question the motivations behind the charges.
81024716,Faraar,Baljit Singh Deo,"Kainaat Arora, Jaggi Singh, Gippy Grewal",Australia,TV-14,146,"Action & Adventure, Dramas, International Movies","When a man is arrested on arrival in America because authorities mistake him for a wanted gangster, a new friend tries to help him prove his innocence."
80106306,Helios,"Leung Lok Man, Luk Kim-ching","Jacky Cheung, Nick Cheung, Chang Chen, Shawn Yue, Wang Xueqi, Janice Man, Ji Jin-hee, Choi Si-won","Hong Kong, China, United States",TV-MA,118,"Action & Adventure, International Movies","When master criminal Helios steals a mobile WMD, rival agents from Hong Kong, South Korea and China must join forces to recover the device."
80203792,Eh Janam Tumhare Lekhe,Harjit Singh,"Pavan Malhotra, Sudhanshu Aggarwal, Arjuna Bhalla, Avrinder Kaur, Arvinder Bhatti, Master Yuvraj, Jai Bharti, Gagandeep Singh",India,TV-14,124,"Dramas, International Movies","Driven by the lessons he learned from his mother, and the values of the Sikh religion, a man sets out on a mission to serve humanity."
80203787,Sardaar ji,Rohit Jugraj,"Diljit Dosanjh, Neeru Bajwa, Mandy Takhar, Jaswinder Bhalla, Ali Kazmi, Anita Kailey, Daman Singh, Sanju Salonki, Amrit Pal, Jatinder Lall, Avy Randhawa",Canada,TV-14,140,"Comedies, International Movies, Music & Musicals","When a palatial wedding venue turns out to be haunted, one of the families hosting the wedding hires a fearless Sikh to deal with the ghost."
80118982,Asu Mare 2,Ricardo Maldonado,"Carlos Alcántara, Emilia Drago, Christian Meier, Andrés Salas, Anahí de Cárdenas, Rodrigo Sánchez Patiño, Denisse Dibós, Javier Delgiudice, Ana Cecilia Natteri",Peru,NR,100,"Comedies, International Movies",To win the heart of his true love – a high-society girl – a hapless commoner plots to change his identity and avoid his embarrassing friends.
80149139,Interrogation,Vetrimaaran,"Dinesh Ravi, Samuthirakani, Kishore Kumar, Anandhi, Murugadoss, Ajay Ghosh",India,TV-MA,116,"Dramas, International Movies, Thrillers","In this fact-based drama, politically motivated cops in Andhra Pradesh set out to frame four Tamil laborers for a crime, torturing them to no avail."
80114915,Natural Selection,Chad L. Scheifele,"Mason Dye, Ryan Munzert, Anthony Michael Hall, Amy Carlson, Katherine McNamara, Tyler Elliot Burke, Esther Zynn, Ryan Boudreau",United States,R,101,"Dramas, Independent Movies","As the new kid, a shy high school senior finds himself tormented by all his peers except one. But his new friend has a dark, infectious outlook."
80073100,My Little Pony Equestria Girls: Friendship Games,"Ishi Rudell, Jayson Thiessen","Tara Strong, Rebecca Shoichet, Ashleigh Ball, Andrea Libman, Tabitha St. Germain, Cathy Weseluck, Iris Quinn, Nicole Oliver",United States,TV-Y,72,"Children & Family Movies, Comedies","Rainbow Dash, Applejack and friends compete against Crystal Prep Academy and their lead athlete, this world's Twilight Sparkle, in sporting events."
80204117,Baahubali: The Beginning (Hindi Version),S.S. Rajamouli,"Prabhas, Rana Daggubati, Anushka Shetty, Tamannaah Bhatia, Sathyaraj, Nassar, Ramya Krishnan, Sudeep",India,TV-14,159,"Action & Adventure, Dramas, International Movies",Villagers in the kingdom of Mahismati rescue a baby who is destined to embark on a heroic quest in this Hindi version of S.S. Rajamouli's epic.
80204119,Baahubali: The Beginning (Malayalam Version),S.S. Rajamouli,"Prabhas, Rana Daggubati, Anushka Shetty, Tamannaah Bhatia, Sathyaraj, Nassar, Ramya Krishnan, Sudeep",India,TV-14,160,"Action & Adventure, Dramas, International Movies",Villagers in the kingdom of Mahismati rescue a baby who is destined to embark on a heroic quest in this Malayalam version of S.S. Rajamouli's epic.
80204118,Baahubali: The Beginning (Tamil Version),S.S. Rajamouli,"Prabhas, Rana Daggubati, Anushka Shetty, Tamannaah Bhatia, Sathyaraj, Nassar, Ramya Krishnan, Sudeep",India,TV-14,159,"Action & Adventure, Dramas, International Movies",Villagers in the kingdom of Mahismati rescue a baby who is destined to embark on a heroic quest in this Tamil version of S.S. Rajamouli's epic.
80044888,Crazy Beautiful You,Mae Czarina Cruz,"Kathryn Bernardo, Daniel Padilla, Lorna Tolentino, Gabby Concepcion, Inigo Pascual",Philippines,TV-PG,114,"Comedies, Dramas, International Movies",A rebellious daughter accompanies her mother on a medical mission where she falls for the handsome politician's son assigned to be her chaperone.
80050006,I'm Brent Morin,Lance Bangs,Brent Morin,United States,TV-MA,67,Stand-Up Comedy,"In a witty solo show, Brent Morin serves up infectious laughs on the agony of puberty, hot guy problems and the time a girl dumped him for a magician."
80165221,LEGO Marvel Super Heroes: Avengers Reassembled!,Rob Silvestri,"Laura Bailey, Troy Baker, Eric Bauza, Ben Diskin, Grant George, JP Karliak, Jim Meskimen, Bumper Robinson, Roger Craig Smith, Fred Tatasciore, Travis Willingham, Mick Wingert",United States,TV-Y7,22,Children & Family Movies,"When Ultron seizes control of Iron Man's armor, the Avengers race to save their friend and stop an evil plot to take over the world."
80042182,The Eichmann Show,Paul Andrew Williams,"Martin Freeman, Anthony LaPaglia, Rebecca Front, Andy Nyman, Nicholas Woodeson, Ben Addis, Caroline Bartleet, Ed Birch, Dylan Edwards, Nathaniel Gleed, Ben Lloyd-Hughes, Vaidotas Martinaitis, Zora Bishop",United Kingdom,TV-MA,96,"Dramas, International Movies",This is the astonishing true story behind a moment in TV history: the live 1961 broadcast of Nazi mass-murderer Adolf Eichmann's trial in Jerusalem.
80059505,3 Generations,Gaby Dellal,"Elle Fanning, Naomi Watts, Susan Sarandon, Tate Donovan, Linda Emond, Jordan Carlos, Sam Trammell, Maria Dizzia, Tessa Albertson",United States,PG-13,92,"Dramas, LGBTQ Movies","When teenage Ray begins transitioning from female to male, his single mom and grandmother must cope with the change while tracking down his father."
80115152,Abzurdah,Daniela Goggi,"Eugenia Suárez, Esteban Lamothe, Gloria Carrá, Rafael Spregelburd, Tomás Ottaviano, Julieta Gullo, Zoe Hochbaum, Lucia Carolina Pecrul",Argentina,TV-MA,90,"Dramas, International Movies",A disenfranchised 16-year-old girl connects to an older man on the internet and after a brief one-sided affair descends into obsession and anorexia.
80163265,Rembat,Shamyl Othman,"Shaheizy Sam, Aniu, Zizan Razak, Zara Zya, Arja Lee",Malaysia,TV-14,88,"Action & Adventure, Comedies, International Movies","Two huge soccer fans must go on a rambunctious road trip to fix a big match between Malaysia and Thailand, or they'll draw the ire of a loan shark."
80115686,Dhanak,Nagesh Kukunoor,"Krrish Chhabria, Hetal Gada, Vipin Sharma, Gulfam Khan, Suresh Menon, Vijay Maurya, Rajiv Laxman, Ninad Kamat",India,TV-PG,114,"Comedies, Dramas, Independent Movies",A movie-loving 10-year-old and her blind little brother trek to meet Indian superstar Shah Rukh Khan for help in getting the boy an eye operation.
80087743,Tamasha,Imtiaz Ali,"Ranbir Kapoor, Deepika Padukone, Piyush Mishra, Javed Sheikh, Nikhil Bhagat, Faraaz Servaia",India,TV-PG,133,"Dramas, International Movies, Romantic Movies","Meeting while on vacation, Ved and Tara sense a connection but vow to keep their real identities a secret. Years later, their paths cross again."
80209722,Héroes,Esteban Vidal,"Fabrizio Copano, Juanita Ringeling, Fernando Alarcón, Delfina Guzmán, Paty Cofré, Andrés Rillón, Julio Jung, Nicolás Oyarzún",Chile,TV-MA,91,"Comedies, International Movies","When an earthquake hits Chile, rescue workers must put aside their differences to save the country from a businessman's evil scheme."
80021840,Selfless,Tarsem Singh,"Ryan Reynolds, Natalie Martinez, Matthew Goode, Ben Kingsley, Victor Garber, Derek Luke, Michelle Dockery, Melora Hardin, Brendan McCarthy, Sam Page",United States,PG-13,117,"Sci-Fi & Fantasy, Thrillers","A dying tycoon has his consciousness transplanted into the body of a healthy young man, only to make a troubling discovery about the body's origin."
81002212,Bioscope,"Gajendra Ahire, Viju Mane, Girish Mohite, Ravi Jadhav","Nina Kulkarni, Suhas Palshikar, Kushal Badrike, Spruha Joshi, Mangesh Desai, Smita Tambe, Veena Jamkar, Sandeep Khare",India,TV-14,131,"Dramas, International Movies, LGBTQ Movies","Inspired by classic and contemporary literature, four renowned Marathi directors create four individual stories in this anthology of short films."
80176707,For Here or to Go?,Rucha Humnabadkar,"Ali Fazal, Melanie Chandra, Rajit Kapoor, Amitosh Nagpal, Omi Vaidya, Samrat Chakrabarti, Keith Stevenson","United States, India",TV-MA,105,"Comedies, Dramas, Independent Movies",A software engineer must decide if he'd rather navigate America's frustrating visa renewal process or simply return to his home country of India.
80068219,Colin Quinn: Unconstitutional,Jay Chapman,Colin Quinn,United States,TV-MA,56,Stand-Up Comedy,New York comedian Colin Quinn writes and stars in this live one-man stage show that dissects and deconstructs U.S. constitutional history.
80163191,My Ex-Ex,Nathaniel Warsh,"André Bharti, Katherine Barrell, Ray Galletti, Emily Alatalo, Tamara Duarte, Randal Edwards, Alastair Forbes, Jesse Camacho",Canada,TV-MA,91,"Comedies, Romantic Movies",A recently dumped attorney hires a psychic to help her win back her boyfriend. Things take an unexpected turn when another ex re-enters the picture.
80184661,We're No Animals,Alejandro Agresti,"John Cusack, Paul Hipp, Kevin Morris, Alejandro Agresti, Mario Alarcón, Norman Briski, Lucila Solá, Juana Viale, Pablo Bossi, Leticia Brédice","United States, Argentina",TV-MA,94,"Comedies, Dramas, Independent Movies","Unhappy with his commercial film work, a jaded Hollywood actor moves to Argentina to participate in an experimental thesis on social philosophy."
80078761,Being AP,Anthony Wonke,Tony McCoy,United Kingdom,TV-14,99,"Documentaries, International Movies, Sports Movies","With retirement staring him in the face, an all-time-great jump jockey pursues his 20th consecutive title in his unrelenting quest for glory."
80114111,Louis C.K.: Live at the Comedy Store,Louis C.K.,Louis C.K.,United States,,66,Movies,"The comic puts his trademark hilarious/thought-provoking spin on finding a bat in his kitchen, seeing rats having sex, Boston accents and dead pets."
80044804,Demetri Martin: Live (At the Time),Jay Karas,Demetri Martin,United States,TV-MA,62,Stand-Up Comedy,"Demetri Martin brings his off-kilter take on acoustic guitar, hairless cats, color schemes, and the word ""nope"" to Washington in his original special."
80100772,13 Cameras,Victor Zarcoff,"PJ McCabe, Brianne Moncrief, Sarah Baldwin, Jim Cummings, Heidi Niedermeyer, Neville Archambault",United States,NR,90,"Horror Movies, Independent Movies, Thrillers","Young parents-to-be Claire and Ryan move into a suburban rental home, unaware that someone is secretly watching their every move via hidden cameras."
80106737,Los Herederos,Jorge Hernandez Aldana,"Máximo Hollander, Sebastián Aguirre, Úrsula Pruneda, Rodrigo Mendoza, Germán Bracco, Tomás Manterola, Regina Soto, Diego Velázquez, Mónica Del Carmen, José Egüez, Pablo Cruz",Mexico,TV-MA,71,"Dramas, International Movies","Spurred by boredom and peer pressure, a group of suburban teens becomes increasingly violent and find their paths intersecting those of their parents."
70296443,Demonic,Will Canon,"Maria Bello, Frank Grillo, Cody Horn, Dustin Milligan, Megan Park, Scott Mechlowicz, Aaron Yoo, Alex Goode, Terence Rosemore, Jesse Steccato",United States,R,83,"Horror Movies, Independent Movies","When amateur ghost hunters visit an abandoned house, their investigation turns into a massacre, leaving questions for a detective and a psychologist."
70301367,Jupiter Ascending,"Lana Wachowski, Lilly Wachowski","Mila Kunis, Channing Tatum, Sean Bean, Eddie Redmayne, Douglas Booth, Tuppence Middleton, Nikki Amuka-Bird, Christina Cole, James D'Arcy, Gugu Mbatha-Raw","United States, Australia",PG-13,128,"Action & Adventure, Sci-Fi & Fantasy",A young impoverished woman learns she's been predestined to change the fate of the universe after a genetically engineered hunter tracks her down.
80014727,Last Knights,Kazuaki Kiriya,"Clive Owen, Morgan Freeman, Cliff Curtis, Aksel Hennie, Peyman Moaadi, Ayelet Zurer, Shohreh Aghdashloo, Tsuyoshi Ihara, Ahn Sung-kee","United Kingdom, South Korea",R,115,Action & Adventure,A nobleman who values his people's well-being over his emperor's edicts is killed. His knights vow revenge.
80081505,MI-5,Bharat Nalluri,"Peter Firth, Kit Harington, Jennifer Ehle, Elyes Gabel, Eleanor Matsuura, Tim McInnerny, Lara Pulver, David Harewood, Tuppence Middleton",United Kingdom,R,105,"Action & Adventure, Dramas, International Movies","When a terrorist escapes custody, MI-5 director Harry Pearce becomes the scapegoat. But the wily veteran still has some spycraft tricks up his sleeve."
81002215,P Se PM Tak,Kundan Shah,"Meenakshi Dixit, Indrajeet Soni, Bharat Jadhav, Yashpal Sharma, Anjan Srivastav, Deepak Shirke, Akhilendra Mishra, Mushtaq Khan, Aanand Kale",India,TV-14,117,"Comedies, Independent Movies, International Movies",A prostitute who is down on her luck gets caught in the middle of an elaborate scheme orchestrated by two local politicians.
80041339,The Diabolical,Alistair Legrand,"Ali Larter, Arjun Gupta, Max Rose, Merrin Dungey, Chloe Perrin, Kurt Carley, Patrick Fischler, Wilmer Calderon, Tom Wright",United States,TV-MA,86,"Horror Movies, Sci-Fi & Fantasy, Thrillers","Terrorized by unexplained disturbances and horrific visions in her home, a young widowed mother turns to her scientist boyfriend for help."
80190147,A Sort of Homecoming,Maria Burton,"Laura Marano, Parker Mack, Katherine McNamara, Marcus Lyle Brown, Shayne Topp, Michelle Clunie, Kathleen Wilhoite",United States,TV-PG,89,"Dramas, Independent Movies",Ace news producer Amy is called back to her Louisiana hometown where memories of what used to be – and what might have been – come flooding back.
80081374,Un plus une,Claude Lelouch,"Jean Dujardin, Elsa Zylberstein, Christopher Lambert, Alice Pol, Rahul Vohra, Shriya Pilgaonkar, Abhishek Krishnan, Venantino Venantini, Amma, Kalki Koechlin",France,TV-MA,114,"Comedies, Dramas, International Movies","A womanizing musician travels to India, where he composes a Bollywood film score and unexpectedly falls for the wife of the French ambassador."
80104552,Holding the Man,Neil Armfield,"Ryan Corr, Craig Stott, Kerry Fox, Camilla Ah Kin, Sarah Snook, Guy Pearce, Anthony LaPaglia, Geoffrey Rush",Australia,NR,128,"Dramas, International Movies, LGBTQ Movies","In 1970s Australia, two teen boys fall in love with each other and defeat obstacles to their 15-year relationship, until a new crisis comes their way."
80094357,Look Who's Back,David Wnendt,"Oliver Masucci, Fabian Busch, Christoph Maria Herbst, Katja Riemann, Franziska Wulf, Lars Rudolph, Michael Kessler, Thomas Thieme",Germany,NR,116,"Comedies, International Movies","When Adolf Hitler reawakens at the site of his former bunker 70 years later, he's mistaken for a brilliant comedian and becomes a media phenomenon."
70295170,Queen of the Desert,Werner Herzog,"Nicole Kidman, James Franco, Damian Lewis, Jay Abdo, Robert Pattinson, Jenny Agutter, David Calder, Christopher Fulford, Nick Waring, Holly Earl, Sophie Linfield","United States, Morocco",PG-13,128,Dramas,"Driven beyond the bounds of convention, adventurer Gertrude Bell leaves turn-of-the-century Britain behind for the deserts of the Middle East."
80231064,Ali Baba ve 7 Cüceler,Cem Yılmaz,"Cem Yılmaz, Irina Ivkina, Çetin Altay, Zafer Algöz, Can Yılmaz, Bahtiyar Engin, Fevzi Gökçe, Yosi Mizrahi",Turkey,TV-MA,115,"Action & Adventure, Comedies, International Movies","A garden gnome vendor and his brother-in-law attend a trade fair in Sofia, where they accidentally stumble into shenanigans involving a mafia boss."
80081278,The Daughter,Simon Stone,"Geoffrey Rush, Ewen Leslie, Paul Schneider, Miranda Otto, Anna Torv, Odessa Young, Sam Neill",Australia,TV-MA,95,Dramas,"Having returned home for his cagey father's wedding, an estranged man gets to know his childhood friend's family and uncovers a devastating secret."
81066961,Jagat,Shanjey Kumar Perumal,"Harvind Raj, Jibrail Rajhula, Tinesh Sarathi Krishnan, Kuben Mahadevan, Senthil Kumaran Muniandy",Malaysia,TV-14,76,"Dramas, International Movies","In early 1990s Malaysia, a Tamilian boy faces pressure from his immigrant father to focus on school but is drawn to his uncles’ lives of crime."
80036657,The D Train,"Jarrad Paul, Andrew Mogel","Jack Black, James Marsden, Kathryn Hahn, Jeffrey Tambor, Russell Posner, Henry Zebrowski, Kyle Bornheimer, Mike White","United Kingdom, United States",R,101,Comedies,A loser in charge of planning his high school class's 20-year reunion thinks he's scored a major coup when he gets a marginally famous alum to attend.
81035846,The Walls of the Moon,"Ossama Abu El Atta, Tarek Al Eryan","Mona Zaki, Asser Yassin, Amr Saad, Salwa Mohammed",Egypt,TV-MA,98,"Action & Adventure, Dramas, International Movies","After losing her eyesight in an accident, a woman lands in a love triangle as she looks for meaning in her life."
81043542,Dabbe 6: The Return,Hasan Karacadağ,"Sema Şimşek, Nilay Gök, Volkan Ünal, Fehmi Karaarslan, Elçin Atamgüç, Ömer Duran, Murat Seviş, Aybike Turan, Burak Çimen",Turkey,TV-MA,153,"Horror Movies, International Movies","A cardiologist tries to pinpoint the cause of her mother's sudden death as her sister, who witnessed it, claims malevolent demons are at play."
80029368,Chris D'Elia: Incorrigible,Bill D'Elia,Chris D'Elia,United States,TV-MA,84,Stand-Up Comedy,Stand-up comedian Chris D'Elia covers everything from how to improve the NFL to why dating is evil and that babies should grow up before they're born.
80081790,A Patch of Fog,Michael Lennox,"Stephen Graham, Conleth Hill, Lara Pulver, Arsher Ali, Stuart Graham, Ian McElhinney",United Kingdom,TV-MA,92,"Dramas, Thrillers","When a guard catches a writer-television host shoplifting, instead of turning him in, he only asks to be a friend, then begins to rule his life."
80064273,Band of Robbers,"Aaron Nee, Adam Nee","Kyle Gallner, Adam Nee, Matthew Gray Gubler, Melissa Benoist, Hannibal Buress, Eric Christian Olsen, Stephen Lang, Daniel Edward Mora, Johnny Pemberton, Cooper Huckabee, Lee Garlington, Beth Grant, Creed Bratton",United States,NR,95,"Action & Adventure, Comedies, Independent Movies","Recast as modern-day men, Tom Sawyer and Huck Finn draft their misfit cronies to help find the buried treasure the two have sought since boyhood."
80058247,Prescription Thugs,"Chris Bell, Josh Alexander, Greg Young",Chris Bell,United States,NR,86,Documentaries,A documentarian uses his own family's experiences as a springboard to explore the ethical issues surrounding the FDA and pharmaceutical industry.
81083791,Across The Line,Julien Christian Lutz,"Sarah Jeffery, Simon Paul Mutuyimana, Denis Theriault, Jeremiah Sparks, Steven Love, Cara Ricketts, Jim Codrington, Shamier Anderson, Stephan James, Lanette Ware, Hugh Thompson",Canada,TV-MA,88,"Dramas, Sports Movies","A black high school student sets his sights for the National Hockey League, but rising racial tensions in his community may jeopardize his goals."
80063773,The Trust,"Ben Brewer, Alex Brewer","Nicolas Cage, Elijah Wood, Sky Ferreira, Jerry Lewis, Eric Heister, Alexandria Lee, Ethan Suplee, Kenna James, Steven Williams, Carl Windom Carlito",United States,R,91,Thrillers,"Discovering the location of a vault where a drug ring keeps its riches, two run-of-the-mill Las Vegas cops hatch a dicey plan to burgle it."
80041337,Dagh Ujala,Raj Amit Kumar,"Victor Banerjee, Adil Hussain, Bhanu Uday, Preeti Gupta, Bhavani Lee, Ankur Vikal, Seema Rahmani, Samrat Chakrabarti","United States, India",TV-MA,103,"Dramas, Independent Movies, International Movies",A lesbian daughter fights off an arranged marriage in India while an Islamic fundamentalist targets an anti-extremist Muslim scholar in New York.
80049281,Secret in Their Eyes,Billy Ray,"Chiwetel Ejiofor, Nicole Kidman, Julia Roberts, Dean Norris, Michael Kelly, Joe Cole, Zoe Graham, Alfred Molina","United States, United Kingdom, Spain, South Korea",PG-13,111,"Dramas, Thrillers","A former FBI investigator reopens the haunting 13-year-old murder case of his colleague, only to uncover shocking truths hidden since then."
80081955,Five Nights in Maine,Maris Curran,"David Oyelowo, Dianne Wiest, Rosie Perez, Teyonah Parris, Hani Furstenberg, Bill Raymond",United States,TV-14,83,"Dramas, Independent Movies","After his wife dies in a car accident, a grief-stricken man visits his estranged mother-in-law in Maine, where they try to help each other heal."
80085439,Frank and Cindy,G.J. Echternkamp,"Rene Russo, Oliver Platt, Johnny Simmons, Jane Levy, Marc Maron, Ron Myles, Jessica Garrison, Fabianne Therese",United States,R,102,"Comedies, Dramas, Independent Movies",A student filmmaker vengefully turns his camera on his bitter mom and washed-up rock star stepdad in this dramedy based on a documentary.
80064521,Jeremy Scott: The People's Designer,Vlad Yudin,Jeremy Scott,United States,PG-13,109,Documentaries,The journey of fashion designer Jeremy Scott from humble roots on a Missouri farm to creative director of Moschino is charted in this documentary.
